Date,Humid
2014-1-1,72.36
2014-1-2,66.31416667
2014-1-3,70.03083333
2014-1-4,80.1896
2014-1-5,72.62047619
2014-1-6,75.6928
2014-1-7,76.90583333
2014-1-8,73.44576923
2014-1-9,78.43071429
2014-1-10,75.85923077
2014-1-11,78.92375
2014-1-12,81.99
2014-1-13,77.00318182
2014-1-14,80.83076923
2014-1-15,76.4832
2014-1-16,71.53166667
2014-1-17,74.07807692
2014-1-18,75.88041667
2014-1-19,75.5616
2014-1-20,80.4548
2014-1-21,85.206
2014-1-22,83.29666667
2014-1-23,78.38666667
2014-1-24,75.89708333
2014-1-25,76.74961538
2014-1-26,81.00206897
2014-1-27,66.42333333
2014-1-28,68.17166667
2014-1-29,73.1052
2014-1-30,72.175
2014-1-31,75.66416667
2014-2-1,75.23037037
2014-2-2,72.63958333
2014-2-3,76.11041667
2014-2-4,82.84416667
2014-2-5,71.0048
2014-2-6,73.57730769
2014-2-7,72.10269231
2014-2-8,71.50083333
2014-2-9,66.23208333
2014-2-10,71.36708333
2014-2-11,76.065
2014-2-12,74.81708333
2014-2-13,81.35291667
2014-2-14,77.15192308
2014-2-15,80.5068
2014-2-16,83.09074074
2014-2-17,85.99565217
2014-2-18,82.94
2014-2-19,85.71692308
2014-2-20,83.9588
2014-2-21,80.08208333
2014-2-22,83.71965517
2014-2-23,86.13310345
2014-2-24,79.8525
2014-2-25,74.74625
2014-2-26,75.39625
2014-2-27,79.12208333
2014-2-28,79.22192308
2014-3-1,80.915
2014-3-2,76.56
2014-3-3,77.39666667
2014-3-4,74.4392
2014-3-5,81.60857143
2014-3-6,74.61208333
2014-3-7,77.04
2014-3-8,73.07208333
2014-3-9,74.87416667
2014-3-10,72.34576923
2014-3-11,76.28458333
2014-3-12,73.56375
2014-3-13,79.09241379
2014-3-14,75.2788
2014-3-15,74.1348
2014-3-16,71.8425
2014-3-17,70.49625
2014-3-18,70.23708333
2014-3-19,74.59375
2014-3-20,78.52321429
2014-3-21,78.13347826
2014-3-22,82.4844
2014-3-23,81.2184
2014-3-24,81.6612
2014-3-25,82.12153846
2014-3-26,79.96296296
2014-3-27,83.07285714
2014-3-28,78.13
2014-3-29,73.9325
2014-3-30,81.87269231
2014-3-31,81.03583333
2014-4-1,78.99692308
2014-4-2,84.23466667
2014-4-3,79.24296296
2014-4-4,73.47217391
2014-4-5,75.5052
2014-4-6,72.99625
2014-4-7,73.6825
2014-4-8,69.3675
2014-4-9,75.76956522
2014-4-10,76.7048
2014-4-11,78.17375
2014-4-12,83.4144
2014-4-13,83.9625
2014-4-14,87.60533333
2014-4-15,82.2228
2014-4-16,77.39791667
2014-4-17,83.89041667
2014-4-18,79.7408
2014-4-19,77.06458333
2014-4-20,78.01615385
2014-4-21,78.95214286
2014-4-22,85.1275
2014-4-23,85.82958333
2014-4-24,80.59037037
2014-4-25,76.19083333
2014-4-26,73.64416667
2014-4-27,73.00458333
2014-4-28,72.99541667
2014-4-29,68.92208333
2014-4-30,64.39458333
2014-5-1,65.09708333
2014-5-2,68.30625
2014-5-3,67.34541667
2014-5-4,66.76375
2014-5-5,65.95958333
2014-5-6,77.0452
2014-5-7,81.68481481
2014-5-8,82.72125
2014-5-9,81.13807692
2014-5-10,73.62916667
2014-5-11,71.73083333
2014-5-12,72.80916667
2014-5-13,72.725
2014-5-14,78.2176
2014-5-15,79.1124
2014-5-16,77.1584
2014-5-17,81.9104
2014-5-18,79.68791667
2014-5-19,79.605
2014-5-20,76.51791667
2014-5-21,71.155
2014-5-22,69.86875
2014-5-23,87.37703704
2014-5-24,84.1668
2014-5-25,83.6468
2014-5-26,84.32230769
2014-5-27,77.37458333
2014-5-28,75.50875
2014-5-29,73.495
2014-5-30,65.57958333
2014-5-31,63.86791667
2014-6-1,80.01703704
2014-6-2,85.37607143
2014-6-3,79.85173913
2014-6-4,74.14458333
2014-6-5,68.82916667
2014-6-6,67.70166667
2014-6-7,65.31583333
2014-6-8,61.61166667
2014-6-9,74.535
2014-6-10,74.6844
2014-6-11,69.87961538
2014-6-12,61.7748
2014-6-13,61.10666667
2014-6-14,70.22458333
2014-6-15,81.8684
2014-6-16,79.2868
2014-6-17,80.1536
2014-6-18,75.55875
2014-6-19,75.85541667
2014-6-20,80.34708333
2014-6-21,76.60458333
2014-6-22,66.68083333
2014-6-23,55.7175
2014-6-24,58.05833333
2014-6-25,63.55458333
2014-6-26,65.15708333
2014-6-27,63.46083333
2014-6-28,76.93576923
2014-6-29,78.30791667
2014-6-30,74.33583333
2014-7-1,68.96458333
2014-7-2,62.35875
2014-7-3,59.44833333
2014-7-4,56.77565217
2014-7-5,49.71333333
2014-7-6,52.01125
2014-7-7,77.7075
2014-7-8,81.68833333
2014-7-9,77.4
2014-7-10,83.13538462
2014-7-11,77.6356
2014-7-12,72.53375
2014-7-13,59.1125
2014-7-14,56.2625
2014-7-15,55.23666667
2014-7-16,55.36041667
2014-7-17,54.82583333
2014-7-18,69.69791667
2014-7-19,78.2475
2014-7-20,73.08541667
2014-7-21,63.48166667
2014-7-22,55.365
2014-7-23,53.9728
2014-7-24,92.45068966
2014-7-25,91.35555556
2014-7-26,86.6036
2014-7-27,89.8168
2014-7-28,81.16961538
2014-7-29,77.30173913
2014-7-30,64.785
2014-7-31,58.67333333
2014-8-1,59.64647059
2014-8-2,40.26
2014-8-3,56.61791667
2014-8-4,52.37166667
2014-8-5,56.55541667
2014-8-6,57.89708333
2014-8-7,51.58333333
2014-8-8,68.19074074
2014-8-9,71.73
2014-8-10,58.99541667
2014-8-11,50.1775
2014-8-12,52.84833333
2014-8-13,63.99909091
2014-8-14,71.1292
2014-8-15,67.66583333
2014-8-16,57.10791667
2014-8-17,45.51666667
2014-8-18,48.88416667
2014-8-19,50.27916667
2014-8-20,48.55625
2014-8-21,47.72208333
2014-8-22,40.15791667
2014-8-23,40.20125
2014-8-24,36.905
2014-8-25,38.48583333
2014-8-26,62.14291667
2014-8-27,54.86666667
2014-8-28,51.03583333
2014-8-29,52.43125
2014-8-30,51.77333333
2014-8-31,53.06375
2014-9-1,51.2284
2014-9-2,54.51333333
2014-9-3,50.62375
2014-9-4,77.11037037
2014-9-5,68.73666667
2014-9-6,57.64875
2014-9-7,54.96166667
2014-9-8,52.9425
2014-9-9,45.74791667
2014-9-10,35.3828
2014-9-11,39.09041667
2014-9-12,48.73166667
2014-9-13,52.18291667
2014-9-14,46.47416667
2014-9-15,59.295
2014-9-16,65.24576923
2014-9-17,58.78208333
2014-9-18,51.6816
2014-9-19,46.68291667
2014-9-20,57.39576923
2014-9-21,74.8312
2014-9-22,57.04125
2014-9-23,52.15541667
2014-9-24,60.1292
2014-9-25,73.6325
2014-9-26,61.10875
2014-9-27,59.385
2014-9-28,57.63666667
2014-9-29,53.41416667
2014-9-30,46.96458333
2014-10-1,54.48333333
2014-10-2,61.22875
2014-10-3,59.245
2014-10-4,63.19833333
2014-10-5,60.8972
2014-10-6,56.55208333
2014-10-7,55.54791667
2014-10-8,46.05291667
2014-10-9,42.59291667
2014-10-10,41.21708333
2014-10-11,48.74916667
2014-10-12,44.39625
2014-10-13,44.00125
2014-10-14,52.72956522
2014-10-15,55.91166667
2014-10-16,48.25583333
2014-10-17,43.238
2014-10-18,51.306
2014-10-19,56.076
2014-10-20,65.33142857
2014-10-21,65.84045455
2014-10-22,60.85173913
2014-10-23,71.73857143
2014-10-24,66.75846154
2014-10-25,78.3372
2014-10-26,75.69791667
2014-10-27,73.39458333
2014-10-28,72.17625
2014-10-29,63.95625
2014-10-30,62.75
2014-10-31,73.94125
2014-11-1,70.42
2014-11-2,73.78578947
2014-11-3,67.4175
2014-11-4,67.87166667
2014-11-5,68.57041667
2014-11-6,65.39875
2014-11-7,54.90958333
2014-11-8,70.6772
2014-11-9,68.03583333
2014-11-10,63.00958333
2014-11-11,55.29875
2014-11-12,53.86375
2014-11-13,84.86735294
2014-11-14,77.65423077
2014-11-15,55.33375
2014-11-16,53.0625
2014-11-17,51.77833333
2014-11-18,47.6375
2014-11-19,63.69086957
2014-11-20,68.92333333
2014-11-21,64.56
2014-11-22,81.12185185
2014-11-23,81.78
2014-11-24,72.14208333
2014-11-25,77.16192308
2014-11-26,75.5476
2014-11-27,79.95230769
2014-11-28,78.38916667
2014-11-29,74.4696
2014-11-30,69.86125
2014-12-1,78.2612
2014-12-2,84.64
2014-12-3,85.755
2014-12-4,78.65384615
2014-12-5,78.4448
2014-12-6,84.40291667
2014-12-7,76.64791667
2014-12-8,74.2036
2014-12-9,77.06916667
2014-12-10,74.37541667
2014-12-11,74.9148
2014-12-12,90.1016
2014-12-13,81.82541667
2014-12-14,80.65625
2014-12-15,75.88125
2014-12-16,76.29041667
2014-12-17,76.35708333
2014-12-18,79.96384615
2014-12-19,81.854
2014-12-20,77.9925
2014-12-21,72.32807692
2014-12-22,89.06068966
2014-12-23,86.0348
2014-12-24,82.23541667
2014-12-25,78.8625
2014-12-26,82.30071429
2014-12-27,76.69461538
2014-12-28,65.41708333
2014-12-29,64.97416667
2014-12-30,64.62708333
2014-12-31,65.52125
2015-1-1,64.055
2015-1-2,67.11807692
2015-1-3,75.7956
2015-1-4,68.6625
2015-1-5,69.34807692
2015-1-6,65.74583333
2015-1-7,77.65807692
2015-1-8,77.87333333
2015-1-9,79.15448276
2015-1-10,72.15583333
2015-1-11,66.45217391
2015-1-12,78.795
2015-1-13,79.92714286
2015-1-14,77.27615385
2015-1-15,78.31958333
2015-1-16,75.34708333
2015-1-17,75.52730769
2015-1-18,81.53625
2015-1-19,73.91125
2015-1-20,79.82518519
2015-1-21,79.47916667
2015-1-22,76.145
2015-1-23,79.99692308
2015-1-24,79.38708333
2015-1-25,69.47666667
2015-1-26,74.34333333
2015-1-27,84.7804
2015-1-28,81.7232
2015-1-29,75.80041667
2015-1-30,65.814
2015-1-31,69.68111111
2015-2-1,74.8537037
2015-2-2,72.86708333
2015-2-3,69.3575
2015-2-4,72.5732
2015-2-5,79.28074074
2015-2-6,85.63571429
2015-2-7,80.85125
2015-2-8,78.62958333
2015-2-9,78.14
2015-2-10,73.7384
2015-2-11,83.38777778
2015-2-12,80.17
2015-2-13,77.905
2015-2-14,77.19666667
2015-2-15,79.4732
2015-2-16,73.83541667
2015-2-17,79.01166667
2015-2-18,83.8316
2015-2-19,85.04607143
2015-2-20,86.5336
2015-2-21,86.13192308
2015-2-22,79.4636
2015-2-23,85.53357143
2015-2-24,87.24916667
2015-2-25,75.48708333
2015-2-26,79.43071429
2015-2-27,78.144
2015-2-28,79.42076923
2015-3-1,80.616
2015-3-2,83.47444444
2015-3-3,76.53
2015-3-4,79.93652174
2015-3-5,76.62227273
2015-3-6,80.29
2015-3-7,81.9504
2015-3-8,77.57791667
2015-3-9,75.405
2015-3-10,83.72956522
2015-3-11,78.03083333
2015-3-12,76.745
2015-3-13,77.17458333
2015-3-14,76.99125
2015-3-15,83.33
2015-3-16,80.12083333
2015-3-17,79.7168
2015-3-18,82.8312
2015-3-19,76.68333333
2015-3-20,76.87708333
2015-3-21,80.88478261
2015-3-22,77.94416667
2015-3-23,82.0375
2015-3-24,83.98964286
2015-3-25,80.6592
2015-3-26,82.03416667
2015-3-27,86.77466667
2015-3-28,83.523
2015-3-29,86.3228
2015-3-30,77.91875
2015-3-31,80.36192308
2015-4-1,82.8836
2015-4-2,82.43233333
2015-4-3,83.12346154
2015-4-4,84.3344
2015-4-5,79.84125
2015-4-6,85.08413793
2015-4-7,77.585
2015-4-8,81.74125
2015-4-9,80.09458333
2015-4-10,79.50916667
2015-4-11,85.7662963
2015-4-12,79.30166667
2015-4-13,84.14208333
2015-4-14,78.75541667
2015-4-15,77.71333333
2015-4-16,79.88178571
2015-4-17,84.57826087
2015-4-18,78.525
2015-4-19,76.03833333
2015-4-20,76.48291667
2015-4-21,83.44076923
2015-4-22,83.73571429
2015-4-23,86.10269231
2015-4-24,83.12615385
2015-4-25,77.214
2015-4-26,80.83416667
2015-4-27,81.55083333
2015-4-28,76.41791667
2015-4-29,75.18166667
2015-4-30,74.63541667
2015-5-1,74.63875
2015-5-2,83.99666667
2015-5-3,74.0955
2015-5-4,82.39961538
2015-5-5,84.72615385
2015-5-6,82.70461538
2015-5-7,81.40692308
2015-5-8,81.754
2015-5-9,73.47875
2015-5-10,77.04166667
2015-5-11,85.7016
2015-5-12,83.41846154
2015-5-13,78.89125
2015-5-14,78.91083333
2015-5-15,79.01041667
2015-5-16,82.2032
2015-5-17,82.8068
2015-5-18,76.29541667
2015-5-19,84.53607143
2015-5-20,81.8968
2015-5-21,76.67541667
2015-5-22,73.7025
2015-5-23,70.32708333
2015-5-24,70.55
2015-5-25,71.48333333
2015-5-26,70.93333333
2015-5-27,71.6275
2015-5-28,83.19777778
2015-5-29,78.3656
2015-5-30,75.0725
2015-5-31,84.93185185
2015-6-1,83.6292
2015-6-2,85.73285714
2015-6-3,83.7932
2015-6-4,75.66208333
2015-6-5,67.06625
2015-6-6,68.07625
2015-6-7,69.62333333
2015-6-8,68.99875
2015-6-9,64.54791667
2015-6-10,66.11583333
2015-6-11,68.47208333
2015-6-12,68.50666667
2015-6-13,64.30458333
2015-6-14,64.78416667
2015-6-15,74.12666667
2015-6-16,77.32615385
2015-6-17,71.18791667
2015-6-18,75.3084
2015-6-19,81.12269231
2015-6-20,84.7144
2015-6-21,74.02291667
2015-6-22,63.32125
2015-6-23,60.69375
2015-6-24,60.14125
2015-6-25,55.9125
2015-6-26,60.29541667
2015-6-27,61.28625
2015-6-28,54.35652174
2015-6-29,55.10625
2015-6-30,58.23833333
2015-7-1,60.27458333
2015-7-2,56.57333333
2015-7-3,50.88
2015-7-4,74.34692308
2015-7-5,82.5116
2015-7-6,75.28791667
2015-7-7,84.55633333
2015-7-8,76.86413793
2015-7-9,71.635
2015-7-10,65.33041667
2015-7-11,60.63833333
2015-7-12,57.17291667
2015-7-13,56.97875
2015-7-14,57.79041667
2015-7-15,72.8956
2015-7-16,74.49884615
2015-7-17,79.3525
2015-7-18,71.78964286
2015-7-19,58.68208333
2015-7-20,50.14208333
2015-7-21,74.735
2015-7-22,77.555
2015-7-23,68.36583333
2015-7-24,62.74583333
2015-7-25,73.46259259
2015-7-26,69.022
2015-7-27,58.87916667
2015-7-28,48.02541667
2015-7-29,47.94875
2015-7-30,44.4375
2015-7-31,38.60583333
2015-8-1,42.64333333
2015-8-2,45.30041667
2015-8-3,42.73083333
2015-8-4,45.08875
2015-8-5,41.43125
2015-8-6,36.35130435
2015-8-7,37.86666667
2015-8-8,35.22291667
2015-8-9,36.10125
2015-8-10,34.01086957
2015-8-11,37.41
2015-8-12,37.41833333
2015-8-13,40.24458333
2015-8-14,36.92666667
2015-8-15,33.99375
2015-8-16,41.33708333
2015-8-17,37.18434783
2015-8-18,40.64458333
2015-8-19,56.56583333
2015-8-20,48.61416667
2015-8-21,47.40666667
2015-8-22,40.41583333
2015-8-23,34.09458333
2015-8-24,49.58875
2015-8-25,55.29166667
2015-8-26,47.42416667
2015-8-27,49.13125
2015-8-28,64.9468
2015-8-29,56.60291667
2015-8-30,41.57708333
2015-8-31,36.67791667
2015-9-1,32.88125
2015-9-2,31.20083333
2015-9-3,31.08166667
2015-9-4,39.29458333
2015-9-5,52.26083333
2015-9-6,49.35958333
2015-9-7,50.2372
2015-9-8,49.38041667
2015-9-9,75.77321429
2015-9-10,57.615
2015-9-11,49.97208333
2015-9-12,78.93296296
2015-9-13,77.62375
2015-9-14,65.56041667
2015-9-15,52.05083333
2015-9-16,40.48666667
2015-9-17,36.35083333
2015-9-18,32.91125
2015-9-19,31.6125
2015-9-20,27.4
2015-9-21,33.0325
2015-9-22,39.975
2015-9-23,45.21041667
2015-9-24,41.22458333
2015-9-25,40.7576
2015-9-26,63.5692
2015-9-27,65.93458333
2015-9-28,63.7176
2015-9-29,59.2888
2015-9-30,58.11458333
2015-10-1,59.75083333
2015-10-2,49.07416667
2015-10-3,63.9408
2015-10-4,74.9344
2015-10-5,67.93962963
2015-10-6,48.15125
2015-10-7,54.14916667
2015-10-8,45.03083333
2015-10-9,47.674
2015-10-10,83.79296296
2015-10-11,77.29041667
2015-10-12,76.78846154
2015-10-13,67.29166667
2015-10-14,52.2125
2015-10-15,43.82625
2015-10-16,43.60952381
2015-10-17,47.16869565
2015-10-18,61.72730769
2015-10-19,58.59625
2015-10-20,51.6076
2015-10-21,44.52166667
2015-10-22,39.24291667
2015-10-23,45.7192
2015-10-24,60.7544
2015-10-25,62.8268
2015-10-26,59.98208333
2015-10-27,70.86461538
2015-10-28,76.18307692
2015-10-29,69.68666667
2015-10-30,65.8888
2015-10-31,73.8516
2015-11-1,64.98210526
2015-11-2,80.156
2015-11-3,76.5548
2015-11-4,74.04692308
2015-11-5,78.67925926
2015-11-6,78.24958333
2015-11-7,69.92083333
2015-11-8,63.04208333
2015-11-9,66.6975
2015-11-10,64.88071429
2015-11-11,58.89541667
2015-11-12,54.0676
2015-11-13,56.66
2015-11-14,63.50230769
2015-11-15,67.30583333
2015-11-16,60.12375
2015-11-17,66.54913043
2015-11-18,60.46913043
2015-11-19,54.84958333
2015-11-20,59.5936
2015-11-21,80.84576923
2015-11-22,75.5552
2015-11-23,66.95833333
2015-11-24,69.51291667
2015-11-25,62.97666667
2015-11-26,68.94565217
2015-11-27,60.9575
2015-11-28,71.99925926
2015-11-29,78.84777778
2015-11-30,82.85285714
2015-12-1,73.9172
2015-12-2,72.11916667
2015-12-3,67.93956522
2015-12-4,62.80125
2015-12-5,60.89227273
2015-12-6,79.31307692
2015-12-7,73.49
2015-12-8,69.43458333
2015-12-9,72.68269231
2015-12-10,79.33521739
2015-12-11,68.445
2015-12-12,64.22583333
2015-12-13,58.55333333
2015-12-14,53.60916667
2015-12-15,59.026
2015-12-16,68.05653846
2015-12-17,66.81
2015-12-18,59.955
2015-12-19,61.28625
2015-12-20,71.886
2015-12-21,75.59192308
2015-12-22,73.88875
2015-12-23,67.23
2015-12-24,60.95666667
2015-12-25,68.5664
2015-12-26,68.16208333
2015-12-27,71.20416667
2015-12-28,62.44043478
2015-12-29,73.5136
2015-12-30,76.2108
2015-12-31,70.316
2016-1-1,79.7024
2016-1-2,78.0184
2016-1-3,83.20307692
2016-1-4,75.41791667
2016-1-5,81.546
2016-1-6,88.79769231
2016-1-7,87.8896
2016-1-8,84.56478261
2016-1-9,82.7336
2016-1-10,82.93307692
2016-1-11,74.18041667
2016-1-12,74.51125
2016-1-13,74.96541667
2016-1-14,86.9708
2016-1-15,82.20791667
2016-1-16,82.7016
2016-1-17,81.7096
2016-1-18,79.54041667
2016-1-19,84.79259259
2016-1-20,72.75041667
2016-1-21,62.47875
2016-1-22,65.55208333
2016-1-23,74.18521739
2016-1-24,68.27125
2016-1-25,62.20041667
2016-1-26,68.2964
2016-1-27,85.87666667
2016-1-28,80.4256
2016-1-29,85.58
2016-1-30,88.23565217
2016-1-31,81.56916667
2016-2-1,73.4064
2016-2-2,73.53958333
2016-2-3,67.5925
2016-2-4,65.39625
2016-2-5,70.4573913
2016-2-6,78.38071429
2016-2-7,74.11458333
2016-2-8,70.51166667
2016-2-9,79.6948
2016-2-10,76.59
2016-2-11,68.02833333
2016-2-12,71.41583333
2016-2-13,68.24458333
2016-2-14,77.42041667
2016-2-15,85.59038462
2016-2-16,76.62791667
2016-2-17,70.93541667
2016-2-18,68.6756
2016-2-19,66.96166667
2016-2-20,71.9952
2016-2-21,72.71521739
2016-2-22,72.335
2016-2-23,76.9984
2016-2-24,82.07962963
2016-2-25,75.43041667
2016-2-26,74.97307692
2016-2-27,66.10541667
2016-2-28,69.3
2016-2-29,79.17928571
2016-3-1,73.71041667
2016-3-2,80.91111111
2016-3-3,76.5184
2016-3-4,71.69166667
2016-3-5,77.45
2016-3-6,75.695
2016-3-7,79.51518519
2016-3-8,78.60041667
2016-3-9,83.505
2016-3-10,84.5108
2016-3-11,77.83625
2016-3-12,75.94291667
2016-3-13,68.73625
2016-3-14,76.92481481
2016-3-15,76.9068
2016-3-16,74.68478261
2016-3-17,72.21375
2016-3-18,68.374
2016-3-19,82.1356
2016-3-20,81.95083333
2016-3-21,76.00791667
2016-3-22,75.7708
2016-3-23,79.8076
2016-3-24,79.47125
2016-3-25,84.4032
2016-3-26,82.39857143
2016-3-27,75.63625
2016-3-28,73.71875
2016-3-29,78.23576923
2016-3-30,79.89375
2016-3-31,73.82333333
2016-4-1,66.2775
2016-4-2,68.73541667
2016-4-3,67.648
2016-4-4,70.2073913
2016-4-5,70.00666667
2016-4-6,72.56333333
2016-4-7,72.05875
2016-4-8,69.37833333
2016-4-9,78.97208333
2016-4-10,74.62416667
2016-4-11,72.87458333
2016-4-12,76.75958333
2016-4-13,75.28791667
2016-4-14,81.68037037
2016-4-15,81.405
2016-4-16,69.2
2016-4-17,65.66956522
2016-4-18,59.96217391
2016-4-19,60.955
2016-4-20,65.38666667
2016-4-21,65.11541667
2016-4-22,63.04541667
2016-4-23,71.31107143
2016-4-24,58.70208333
2016-4-25,65.52833333
2016-4-26,84.07928571
2016-4-27,84.40931034
2016-4-28,74.00791667
2016-4-29,62.96958333
2016-4-30,64.22708333
2016-5-1,64.55333333
2016-5-2,69.83958333
2016-5-3,65.81875
2016-5-4,67.21291667
2016-5-5,66.635
2016-5-6,59.52125
2016-5-7,63.50708333
2016-5-8,73.14708333
2016-5-9,76.70375
2016-5-10,76.04916667
2016-5-11,75.74
2016-5-12,74.03541667
2016-5-13,76.9196
2016-5-14,79.2296
2016-5-15,68.07666667
2016-5-16,72.61913043
2016-5-17,79.0404
2016-5-18,84.8044
2016-5-19,85.2656
2016-5-20,79.76884615
2016-5-21,83.13769231
2016-5-22,85.69851852
2016-5-23,69.81652174
2016-5-24,68.3726087
2016-5-25,70.90958333
2016-5-26,67.8925
2016-5-27,71.4925
2016-5-28,80.94083333
2016-5-29,82.2044
2016-5-30,74.90333333
2016-5-31,75.15375
2016-6-1,73.13875
2016-6-2,71.3375
2016-6-3,85.1875
2016-6-4,83.52030303
2016-6-5,72.99666667
2016-6-6,75.02166667
2016-6-7,85.6104
2016-6-8,85.2837037
2016-6-9,72.87666667
2016-6-10,69.82916667
2016-6-11,64.125
2016-6-12,61.2475
2016-6-13,54.79416667
2016-6-14,61.79208333
2016-6-15,65.56
2016-6-16,60.83583333
2016-6-17,61.0375
2016-6-18,76.19863636
2016-6-19,79.9032
2016-6-20,83.48916667
2016-6-21,82.34962963
2016-6-22,79.68714286
2016-6-23,71.63416667
2016-6-24,67.49666667
2016-6-25,56.34458333
2016-6-26,50.87791667
2016-6-27,69.1156
2016-6-28,83.4912
2016-6-29,80.1075
2016-6-30,63.91625
2016-7-1,54.31291667
2016-7-2,52.51208333
2016-7-3,49.91458333
2016-7-4,47.76608696
2016-7-5,53.35
2016-7-6,63.97416667
2016-7-7,75.12461538
2016-7-8,68.91041667
2016-7-9,56.74166667
2016-7-10,44.18
2016-7-11,42.70291667
2016-7-12,42.43608696
2016-7-13,44.31791667
2016-7-14,53.675
2016-8-22,26.71333333
2016-8-23,40.85958333
2016-8-24,43.13541667
2016-8-25,44.89304348
2016-8-26,49.0126087
2016-8-27,40.52583333
2016-8-28,69.64708333
2016-8-29,83.61741935
2016-8-30,88.79964286
2016-8-31,84.24785714
2016-9-1,67.48333333
2016-9-2,60.86041667
2016-9-3,78.79133333
2016-9-4,84.81172414
2016-9-5,85.789375
2016-9-6,85.1448
2016-9-7,65.3725
2016-9-8,60.455
2016-9-9,54.0075
2016-9-10,43.6625
2016-9-11,39.49416667
2016-9-12,31.48291667
2016-9-13,37.46375
2016-9-14,51.8575
2016-9-15,43.98458333
2016-9-16,36.93125
2016-9-17,42.09791667
2016-9-18,42.29958333
2016-9-19,76.68285714
2016-9-20,74.34666667
2016-9-21,63.83625
2016-9-22,56.34583333
2016-9-23,60.03625
2016-9-24,63.44208333
2016-9-25,56.39541667
2016-9-26,50.4725
2016-9-27,50.68208333
2016-9-28,45.45666667
2016-9-29,43.65
2016-9-30,46.3247619
2016-10-1,54.77041667
2016-10-2,49.49958333
2016-10-3,49.005
2016-10-4,72.1625
2016-10-5,79.65954545
2016-10-6,76.7264
2016-10-7,54.57958333
2016-10-8,51.21409091
2016-10-9,42.6473913
2016-10-10,43.57083333
2016-10-11,65.90391304
2016-10-12,74.1416
2016-10-13,64.45083333
2016-10-14,63.62769231
2016-10-15,69.3525
2016-10-16,58.54708333
2016-10-17,56.65913043
2016-10-18,52.68916667
2016-10-19,51.39541667
2016-10-20,74.19416667
2016-10-21,73.95166667
2016-10-22,72.87136364
2016-10-23,67.6526087
2016-10-24,78.27678571
2016-10-25,66.63875
2016-10-26,72.15346154
2016-10-27,78.6025
2016-10-28,60.19166667
2016-10-29,49.17833333
2016-10-30,52.68666667
2016-10-31,60.98083333
2016-11-1,66.64625
2016-11-2,65.8736
2016-11-3,84.09625
2016-11-4,81.954
2016-11-5,73.74458333
2016-11-6,68.56846154
2016-11-7,67.7125
2016-11-8,65.3752
2016-11-9,70.28625
2016-11-10,78.1373913
2016-11-11,83.4384
2016-11-12,91.55411765
2016-11-13,82.6025
2016-11-14,67.92541667
2016-11-15,60.04857143
2016-11-16,70.81
2016-11-17,73.28083333
2016-11-18,71.00708333
2016-11-19,63.34958333
2016-11-20,64.10217391
2016-11-21,86.25666667
2016-11-22,76.70434783
2016-11-23,79.87423077
2016-11-24,73.66272727
2016-11-25,69.91285714
2016-11-26,74.67269231
2016-11-27,80.22608696
2016-11-28,71.44173913
2016-11-29,70.45545455
2016-11-30,72.8548
2016-12-1,78.565
2016-12-2,72.1125
2016-12-3,75.12416667
2016-12-4,68.47
2016-12-5,66.3226087
2016-12-6,66.01045455
2016-12-7,73.08583333
2016-12-8,75.085
2016-12-9,74.1173913
2016-12-10,72.08782609
2016-12-11,73.59695652
2016-12-12,66.83869565
2016-12-13,70.3304
2016-12-14,88.86466667
2016-12-15,82.9856
2016-12-16,87.93896552
2016-12-17,84.444375
2016-12-18,78.45090909
2016-12-19,71.86833333
2016-12-20,63.44083333
2016-12-21,74.74
2016-12-22,78.89043478
2016-12-23,75.745
2016-12-24,79.56875
2016-12-25,86.22
2016-12-26,80.41346154
2016-12-27,75.6825
2016-12-28,74.9752
2016-12-29,79.8048
2016-12-30,73.015
2016-12-31,72.17869565
2017-1-1,79.145
2017-1-2,71.82166667
2017-1-3,72.54416667
2017-1-4,67.02166667
2017-1-5,65.09166667
2017-1-6,74.65961538
2017-1-7,72.2844
2017-1-8,76.04333333
2017-1-9,68.42478261
2017-1-10,62.81958333
2017-1-11,65.53333333
2017-1-12,69.86708333
2017-1-13,73.14652174
2017-1-14,72.57521739
2017-1-15,74.43708333
2017-1-16,76.47958333
2017-1-17,76.21208333
2017-1-18,81.36227273
2017-1-19,79.81416667
2017-1-20,81.55869565
2017-1-21,87.52851852
2017-1-22,85.29344828
2017-1-23,73.175
2017-1-24,67.89652174
2017-1-25,81.8988
2017-1-26,85.81043478
2017-1-27,81.7412
2017-1-28,83.85307692
2017-1-29,82.77148148
2017-1-30,76.51416667
2017-1-31,74.84166667
2017-2-1,72.51652174
2017-2-2,79.83230769
2017-2-3,78.86
2017-2-4,77.18565217
2017-2-5,79.005
2017-2-6,79.82857143
2017-2-7,85.56590909
2017-2-8,80.60208333
2017-2-9,75.82590909
2017-2-10,84.00875
2017-2-11,85.17307692
2017-2-12,86.3844
2017-2-13,85.23608696
2017-2-14,87.65892857
2017-2-15,78.52347826
2017-2-16,72.78173913
2017-2-17,75.65708333
2017-2-18,69.56652174
2017-2-19,74.43625
2017-2-20,73.91307692
2017-2-21,79.39416667
2017-2-22,72.69217391
2017-2-23,69.75916667
2017-2-24,67.16125
2017-2-25,78.34666667
2017-2-26,73.89083333
2017-2-27,91.454
2017-3-3,70.27111111
2017-3-4,76.03217391
2017-3-5,77.54192308
2017-3-6,84.7525
2017-3-7,86.2856
2017-3-8,72.33833333
2017-3-9,72.09208333
2017-3-10,70.527
2017-3-11,79.24846154
2017-3-12,63.592
2017-3-13,80.32833333
2017-3-14,75.39818182
2017-3-15,77.55478261
2017-3-16,72.3396
2017-3-17,85.54333333
2017-3-18,89.85925926
2017-3-19,85.40592593
2017-3-20,84.42125
2017-3-21,82.76478261
2017-3-22,82.0226087
2017-3-23,75.81375
2017-3-24,73.0975
2017-3-25,77.82185185
2017-3-26,80.97791667
2017-3-27,80.84291667
2017-3-28,87.095
2017-3-29,89.00545455
2017-3-30,80.83
2017-3-31,92.53461538
2017-4-1,79.42833333
2017-4-2,77.42875
2017-4-3,79.04125
2017-4-4,80.42956522
2017-4-5,83.76913043
2017-4-6,79.8716
2017-4-7,79.9928
2017-4-8,77.98041667
2017-4-9,71.17958333
2017-4-10,76.49958333
2017-4-11,77.605
2017-4-12,78.85304348
2017-4-13,81.77916667
2017-4-14,83.58333333
2017-4-15,76.21416667
2017-4-16,78.6726087
2017-4-17,81.83392857
2017-4-18,83.01791667
2017-4-19,81.8437037
2017-4-20,86.3208
2017-4-21,83.47923077
2017-4-22,85.15461538
2017-4-23,82.96333333
2017-4-24,81.34521739
2017-4-25,73.92434783
2017-4-26,80.09791667
2017-4-27,92.29
2017-4-28,83.43958333
2017-4-29,77.77541667
2017-4-30,78.46208333
2017-5-1,84.05708333
2017-5-2,75.69083333
2017-5-3,72.35625
2017-5-4,73.43291667
2017-5-5,78.36375
2017-5-6,75.30727273
2017-5-7,67.58458333
2017-5-8,68.5
2017-5-9,69.17416667
2017-5-10,79.2976
2017-5-11,81.66814815
2017-5-12,72.45461538
2017-5-13,68.65541667
2017-5-14,70.97916667
2017-5-15,74.83166667
2017-5-16,81.38227273
2017-5-17,83.49230769
2017-5-18,75.87875
2017-5-19,77.5026087
2017-5-20,86.12695652
2017-5-21,83.6768
2017-5-22,92.90961538
2017-5-23,82.4344
2017-5-24,77.37958333
2017-5-25,75.33375
2017-5-26,81.96086957
2017-5-27,79.86458333
2017-5-28,90.3462963
2017-5-29,89.94214286
2017-5-30,89.89416667
2017-5-31,86.7296
2017-6-1,78.855
2017-6-2,81.86291667
2017-6-3,75.0325
2017-6-4,72.60791667
2017-6-5,73.43791667
2017-6-6,73.01458333
2017-6-7,69.17583333
2017-6-8,66.82916667
2017-6-9,87.0104
2017-6-10,83.27461538
2017-6-11,73.25083333
2017-6-12,72.28913043
2017-6-13,70.6
2017-6-14,70.51833333
2017-6-15,67.82208333
2017-6-16,62.2175
2017-6-17,55.60416667
2017-6-18,58.40458333
2017-6-19,79.3984
2017-6-20,82.836
2017-6-21,79.0344
2017-6-22,68.87
2017-6-23,53.70833333
2017-6-24,50.69869565
2017-6-25,59.75375
2017-6-26,49.84478261
2017-6-27,48.22541667
2017-6-28,57.43869565
2017-6-29,66.21086957
2017-6-30,61.51
2017-7-1,56.68913043
2017-7-2,61.44166667
2017-7-3,50.15416667
2017-7-4,53.85708333
2017-7-5,51.28833333
2017-7-6,52.47826087
2017-7-7,54.45708333
2017-7-8,55.04041667
2017-7-9,54.78166667
2017-7-10,52.90833333
2017-7-11,53.48166667
2017-7-12,52.18041667
2017-7-13,53.69208333
2017-7-14,52.19083333
2017-7-15,42.21125
2017-7-16,41.41791667
2017-7-17,80.48068966
2017-7-18,67.9688
2017-7-19,47.23208333
2017-7-20,44.42458333
2017-7-21,52.63708333
2017-7-22,50.40625
2017-7-23,42.95583333
2017-7-24,43.24041667
2017-7-25,37.88608696
2017-7-26,43.05375
2017-7-27,41.5525
2017-7-28,41.54041667
2017-7-29,38.72916667
2017-7-30,45.86458333
2017-7-31,44.9225
2017-8-1,41.18541667
2017-8-2,39.27916667
2017-8-3,53.22416667
2017-8-4,56.82041667
2017-8-5,55.94875
2017-8-6,49.71125
2017-8-7,38.955
2017-8-8,35.52625
2017-8-9,35.575
2017-8-10,33.49375
2017-8-11,31.11041667
2017-8-12,34.41304348
2017-8-13,57.69931034
2017-8-14,81.776
2017-8-15,68.35416667
2017-8-16,66.11041667
2017-8-17,66.06173913
2017-8-18,67.85833333
2017-8-19,57.79608696
2017-8-20,65.75916667
2017-8-21,73.43708333
2017-8-22,62.48333333
2017-8-23,55.69041667
2017-8-24,36.08875
2017-8-25,37.46333333
2017-8-26,41.42125
2017-8-27,45.02956522
2017-8-28,39.29416667
2017-8-29,36.12208333
2017-8-30,34.40416667
2017-8-31,49.85375
2017-9-1,49.4775
2017-9-2,30.78625
2017-9-3,32.35666667
2017-9-4,26.88833333
2017-9-5,30.88833333
2017-9-6,46.2384
2017-9-7,35.13916667
2017-9-8,37.03791667
2017-9-9,33.80458333
2017-9-10,33.8025
2017-9-11,41.83269231
2017-9-12,54.54833333
2017-9-13,44.43833333
2017-9-14,24.04083333
2017-9-15,29.60458333
2017-9-16,63.3384
2017-9-17,64.71916667
2017-9-18,49.98681818
2017-9-19,32.65666667
2017-9-20,33.22761905
2017-9-21,27.97583333
2017-9-22,45.75208333
2017-9-23,45.404
2017-9-24,45.91083333
2017-9-25,34.24416667
2017-9-26,50.36333333
2017-9-27,50.74913043
2017-9-28,66.30166667
2017-9-29,78.12375
2017-9-30,72.12769231
2017-10-1,55.3012
2017-10-2,66.91347826
2017-10-3,77.9248
2017-10-4,67.47208333
2017-10-5,52.73416667
2017-10-6,42.66125
2017-10-7,60.5675
2017-10-8,62.69347826
2017-10-9,59.07538462
2017-10-10,61.35666667
2017-10-11,45.76166667
2017-10-12,43.80166667
2017-10-13,57.9825
2017-10-14,80.29192308
2017-10-15,62.90125
2017-10-16,58.14916667
2017-10-17,49.53958333
2017-10-18,44.69291667
2017-10-19,39.6812
2017-10-20,79.45423077
2017-10-21,79.14461538
2017-10-22,88.1704
2017-10-23,82.3624
2017-10-24,74.32625
2017-10-25,70.1452
2017-10-26,64.4075
2017-10-27,62.524
2017-10-28,71.43615385
2017-10-29,82.51041667
2017-10-30,69.82625
2017-10-31,77.10666667
2017-11-1,76.14666667
2017-11-2,66.2475
2017-11-3,61.94875
2017-11-4,59.26458333
2017-11-5,66.52875
2017-11-6,73.8175
2017-11-7,74.85916667
2017-11-8,68.56541667
2017-11-9,72.94166667
2017-11-10,74.79148148
2017-11-11,86.53346154
2017-11-12,70.10958333
2017-11-13,53.9475
2017-11-14,49.7925
2017-11-15,51.18583333
2017-11-16,57.97833333
2017-11-17,83.4356
2017-11-18,84.68666667
2017-11-19,82.1808
2017-11-20,81.48
2017-11-21,79.42333333
2017-11-22,83.13217391
2017-11-23,79.42192308
2017-11-24,71.40625
2017-11-25,62.42625
2017-11-26,72.45625
2017-11-27,67.84791667
2017-11-28,88.20115385
2017-11-29,77.86821429
2017-11-30,73.0532
2017-12-1,87.118
2017-12-2,87.59071429
2017-12-3,83.77
2017-12-4,85.78592593
2017-12-5,86.37291667
2017-12-6,83.5292
2017-12-7,85.176
2017-12-8,87.408
2017-12-9,90.344
2017-12-10,89.22275862
2017-12-11,84.77208333
2017-12-12,72.43541667
2017-12-13,72.58708333
2017-12-14,78.77041667
2017-12-15,82.7637037
2017-12-16,75.305
2017-12-17,71.22291667
2017-12-18,75.91083333
2017-12-19,76.1468
2017-12-20,73.0975
2017-12-21,78.07833333
2017-12-22,81.55173913
2017-12-23,79.5688
2017-12-24,75.81782609
2017-12-25,75.17875
2017-12-26,74.30291667
2017-12-27,70.1875
2017-12-28,74.33833333
2017-12-29,80.15708333
2017-12-30,75.60458333
2017-12-31,67.83291667
2018-1-1,72.95291667
2018-1-2,73.6652
2018-1-3,86.25384615
2018-1-4,76.714
2018-1-5,80.26875
2018-1-6,84.5008
2018-1-7,88.90538462
2018-1-8,92.982
2018-1-9,79.8424
2018-1-10,75.64875
2018-1-11,82.21269231
2018-1-12,84.01615385
2018-1-13,82.44875
2018-1-14,77.13307692
2018-1-15,84.97086957
2018-1-16,79.85833333
2018-1-17,81.3864
2018-1-18,82.8304
2018-1-19,83.93708333
2018-1-20,72.78391304
2018-1-21,68.04291667
2018-1-22,64.84708333
2018-1-23,68.7464
2018-1-24,70.55666667
2018-1-25,76.02458333
2018-1-26,80.04791667
2018-1-27,86.44933333
2018-1-28,81.225
2018-1-29,85.92541667
2018-1-30,86.75782609
2018-1-31,82.35291667
2018-2-1,89.66142857
2018-2-2,84.3225
2018-2-3,81.5836
2018-2-4,72.82791667
2018-2-5,71.36
2018-2-6,72.84
2018-2-7,73.48125
2018-2-8,71.5864
2018-2-9,79.18608696
2018-2-10,81.72083333
2018-2-11,94.14
2018-2-12,82.16125
2018-2-13,84.45807692
2018-2-14,86.22461538
2018-2-15,79.63153846
2018-2-16,75.65875
2018-2-17,76.4888
2018-2-18,83.75730769
2018-2-19,80.73041667
2018-2-20,78.5425
2018-2-21,87.36869565
2018-2-22,84.9037931
2018-2-23,86.86551724
2018-2-24,88.5308
2018-2-25,80.56708333
2018-2-26,85.505
2018-2-27,74.91041667
2018-2-28,72.92416667
2018-3-1,76.09958333
2018-3-2,74.35608696
2018-3-3,67.78130435
2018-3-4,68.74666667
2018-3-5,76.44678571
2018-3-6,78.79958333
2018-3-7,81.93708333
2018-3-8,82.135
2018-3-9,73.48208333
2018-3-10,80.95375
2018-3-11,77.27
2018-3-12,74.11791667
2018-3-13,74.53375
2018-3-14,80.1076
2018-3-15,79.96083333
2018-3-16,75.62375
2018-3-17,72.08666667
2018-3-18,79.90217391
2018-3-19,84.12791667
2018-3-20,81.49791667
2018-3-21,82.86769231
2018-3-22,76.66791667
2018-3-23,80.39153846
2018-3-24,82.64708333
2018-3-25,90.82807692
2018-3-26,88.79482759
2018-3-27,89.78689655
2018-3-28,85.65961538
2018-3-29,87.098
2018-3-30,89.5275
2018-3-31,88.05541667
2018-4-1,85.07884615
2018-4-2,86.6237037
2018-4-3,84.2068
2018-4-4,89.23777778
2018-4-5,82.43826087
2018-4-6,78.48826087
2018-4-7,78.12708333
2018-4-8,79.11192308
2018-4-9,74.9925
2018-4-10,80.42166667
2018-4-11,76.85375
2018-4-12,80.5475
2018-4-13,74.95652174
2018-4-14,78.495
2018-4-15,85.13259259
2018-4-16,85.1637037
2018-4-17,87.01928571
2018-4-18,84.00208333
2018-4-19,91.84391304
2018-4-20,86.86666667
2018-4-21,80.848
2018-4-22,72.64833333
2018-4-23,72.56
2018-4-24,68.90583333
2018-4-25,73.2525
2018-4-26,73.405
2018-4-27,71.83083333
2018-4-28,73.46416667
2018-4-29,71.38666667
2018-4-30,73.77217391
2018-5-1,75.9925
2018-5-2,70.07458333
2018-5-3,65.47708333
2018-5-4,67.6375
2018-5-5,81.86166667
2018-5-6,80.2576
2018-5-7,74.76185185
2018-5-8,70.04541667
2018-5-9,68.16416667
2018-5-10,63.79833333
2018-5-11,67.51833333
2018-5-12,86.69888889
2018-5-13,81.11538462
2018-5-14,69.82166667
2018-5-15,66.02916667
2018-5-16,77.03538462
2018-5-17,83.53923077
2018-5-18,78.47041667
2018-5-19,88.42291667
2018-5-20,71.08130435
2018-5-21,70.12083333
2018-5-22,69.66916667
2018-5-23,66.76666667
2018-5-24,67.12125
2018-5-25,71.09333333
2018-5-26,68.80916667
2018-5-27,65.71083333
2018-5-28,57.09416667
2018-5-29,60.81041667
2018-5-30,59.81454545
2018-5-31,61.51
2018-6-1,63.26166667
2018-6-2,89.18869565
2018-6-3,90.39518519
2018-6-4,87.9
2018-6-5,88.76222222
2018-6-6,84.07333333
2018-6-7,89.37782609
2018-6-8,83.64269231
2018-6-9,75.06708333
2018-6-10,75.45458333
2018-6-11,71.20625
2018-6-12,66.32458333
2018-6-13,89.83827586
2018-6-14,92.5856
2018-6-15,78.6172
2018-6-16,70.76708333
2018-6-17,70.86458333
2018-6-18,73.775
2018-6-19,73.93125
2018-6-20,64.85208333
2018-6-21,61.55478261
2018-6-22,63.03166667
2018-6-23,55.71041667
2018-6-24,56.76791667
2018-6-25,56.16
2018-6-26,56.66416667
2018-6-27,54.37
2018-6-28,58.54478261
2018-6-29,56.47291667
2018-6-30,59.62208333
2018-7-1,52.36608696
2018-7-2,51.34681818
2018-7-3,59.325
2018-7-4,56.9275
2018-7-5,57.09625
2018-7-6,50.67833333
2018-7-7,49.15791667
2018-7-8,54.69708333
2018-7-9,86.91384615
2018-7-10,76.55833333
2018-7-11,70.1325
2018-7-12,61.23434783
2018-7-13,58.17090909
2018-7-14,58.10791667
2018-7-15,54.98833333
2018-7-16,51.08458333
2018-7-17,53.87
2018-7-18,50.28625
2018-7-19,46.1275
2018-7-20,49.8
2018-7-21,66.48666667
2018-7-22,72.425
2018-7-23,61.9475
2018-7-24,61.0325
2018-7-25,65.94
2018-7-26,65.96958333
2018-7-27,62.33
2018-7-28,55.30875
2018-7-29,49.23541667
2018-7-30,54.74
2018-7-31,55.475
2018-8-1,59.515
2018-8-2,58.26708333
2018-8-3,53.13125
2018-8-4,63.0375
2018-8-5,79.53037037
2018-8-6,79.2724
2018-8-7,66.17958333
2018-8-8,50.52416667
2018-8-9,64.95038462
2018-8-10,51.48208333
2018-8-11,38.885
2018-8-12,42.32083333
2018-8-13,40.14791667
2018-8-14,34.535
2018-8-15,48.56416667
2018-8-16,67.47956522
2018-8-17,58.78541667
2018-8-18,49.80041667
2018-8-19,42.86708333
2018-8-20,64.7928
2018-8-21,70.01916667
2018-8-22,64.1812
2018-8-23,55.67083333
2018-8-24,43.68041667
2018-8-25,70.6152
2018-8-26,48.42041667
2018-8-27,39.53541667
2018-8-28,45.3375
2018-8-29,48.69708333
2018-8-30,38.91833333
2018-8-31,39.68416667
2018-9-1,38.59619048
2018-9-2,62.5528
2018-9-3,60.106
2018-9-4,51.20043478
2018-9-5,45.51041667
2018-9-6,34.09304348
2018-9-7,29.14625
2018-9-8,30.9925
2018-9-9,26.97041667
2018-9-10,26.93208333
2018-9-11,27.22043478
2018-9-12,26.6008
2018-9-13,34.28826087
2018-9-14,43.19083333
2018-9-15,61.87541667
2018-9-16,50.55083333
2018-9-17,75.53535714
2018-9-18,70.13291667
2018-9-19,53.01869565
2018-9-20,63.48590909
2018-9-21,46.04708333
2018-9-22,46.15916667
2018-9-23,45.54208333
2018-9-24,54.16923077
2018-9-25,65.29041667
2018-9-26,57.8275
2018-9-27,52.87833333
2018-9-28,77.86821429
2018-9-29,75.4264
2018-9-30,80.53615385
2018-10-1,71.57818182
2018-10-2,64.94652174
2018-10-3,65.75583333
2018-10-4,78.92192308
2018-10-5,80.104
2018-10-6,75.47333333
2018-10-7,68.97208333
2018-10-8,58.715
2018-10-9,63.92208333
2018-10-10,65.53625
2018-10-11,71.93185185
2018-10-12,74.7736
2018-10-13,70.69541667
2018-10-14,76.4056
2018-10-15,82.55333333
2018-10-16,71.14043478
2018-10-17,61.63333333
2018-10-18,68.5756
2018-10-19,76.2324
2018-10-20,82.9416
2018-10-21,79.89375
2018-10-22,84.8475
2018-10-23,72.74416667
2018-10-24,83.82125
2018-10-25,82.25956522
2018-10-26,69.96833333
2018-10-27,79.3756
2018-10-28,80.42391304
2018-10-29,77.09375
2018-10-30,67.94115385
2018-10-31,76.67791667
2018-11-1,75.165
2018-11-2,76.88125
2018-11-3,72.40391304
2018-11-4,75.27375
2018-11-5,81.41875
2018-11-6,83.82666667
2018-11-7,85.57148148
2018-11-8,84.97592593
2018-11-9,79.49307692
2018-11-10,74.66625
2018-11-11,68.78416667
2018-11-12,67.34347826
2018-11-13,66.7115
2018-11-14,79.2172
2018-11-15,78.82913043
2018-11-16,83.05727273
2018-11-17,78.86125
2018-11-18,66.12125
2018-11-19,82.536
2018-11-20,82.10142857
2018-11-21,85.42307692
2018-11-22,77.425
2018-11-23,77.6085
2018-11-24,86.63478261
2018-11-25,86.82206897
2018-11-26,73.2732
2018-11-27,71.09590909
2018-11-28,74.93346154
2018-11-29,78.60363636
2018-11-30,86.93217391
2018-12-1,90.5275
2018-12-2,89.4562963
2018-12-3,73.86791667
2018-12-4,68.52380952
2018-12-5,70.45875
2018-12-6,69.1325
2018-12-7,69.98478261
2018-12-8,72.46227273
2018-12-9,71.71608696
2018-12-10,70.96347826
2018-12-11,60.48666667
2018-12-12,64.74166667
2018-12-13,65.32291667
2018-12-14,64.40769231
2018-12-15,72.93583333
2018-12-16,71.1176
2018-12-17,66.05166667
2018-12-18,70.2426087
2018-12-19,68.88916667
2018-12-20,64.38291667
2018-12-21,67.64041667
2018-12-22,79.6928
2018-12-23,83.13307692
2018-12-24,79.42076923
2018-12-25,84.835
2018-12-26,77.6932
2018-12-27,79.04791667
2018-12-28,83.84740741
2018-12-29,85.33666667
2018-12-30,80.64083333
2018-12-31,92.01923077
2019-1-1,87.12666667
2019-1-2,76.00416667
2019-1-3,68.67958333
2019-1-4,78.66434783
2019-1-5,88.22791667
2019-1-6,74.87333333
2019-1-7,82.5076
2019-1-8,74.47166667
2019-1-9,76.18347826
2019-1-10,76.85333333
2019-1-11,78.7876
2019-1-12,78.50083333
2019-1-13,74.2225
2019-1-14,82.01458333
2019-1-15,76.91695652
2019-1-16,73.19333333
2019-1-17,75.40166667
2019-1-18,74.946
2019-1-19,87.97923077
2019-1-20,82.3375
2019-1-21,73.44666667
2019-1-22,70.7526087
2019-1-23,81.29375
2019-1-24,83.505
2019-1-25,80.91625
2019-1-26,85.12583333
2019-1-27,81.97434783
2019-1-28,78.96291667
2019-1-29,83.47125
2019-1-30,73.30434783
2019-1-31,76.98458333
2019-2-1,80.1473913
2019-2-2,78.8916
2019-2-3,77.7752
2019-2-4,77.22541667
2019-2-5,79.73730769
2019-2-6,75.33708333
2019-2-7,73.05916667
2019-2-8,74.14208333
2019-2-9,84.36083333
2019-2-10,77.60833333
2019-2-11,73.70708333
2019-2-12,80.52791667
2019-2-13,79.4024
2019-2-14,74.93791667
2019-2-15,73.4556
2019-2-16,86.72538462
2019-2-17,73.34590909
2019-2-18,69.54458333
2019-2-19,82.85366667
2019-2-20,75.39869565
2019-2-21,75.40708333
2019-2-22,75.60153846
2019-2-23,72.24666667
2019-2-24,68.70125
2019-2-25,74.70115385
2019-2-26,73.45652174
2019-2-27,78.79166667
2019-2-28,80.43148148
2019-3-1,72.41541667
2019-3-2,71.69541667
2019-3-3,74.87666667
2019-3-4,69.93173913
2019-3-5,69.5647619
2019-3-6,67.04916667
2019-3-7,60.19791667
2019-3-8,60.86
2019-3-9,69.64807692
2019-3-10,76.39
2019-3-11,80.61678571
2019-3-12,74.6173913
2019-3-13,74.0326087
2019-3-14,74.68130435
2019-3-15,79.67217391
2019-3-16,78.43625
2019-3-17,72.96791667
2019-3-18,78.20666667
2019-3-19,74.1175
2019-3-20,74.41769231
2019-3-21,80.44115385
2019-3-22,80.00521739
2019-3-23,75.35416667
2019-3-24,68.69875
2019-3-25,68.75625
2019-3-26,69.07541667
2019-3-27,79.58958333
2019-3-28,83.97692308
2019-3-29,82.00083333
2019-3-30,77.54125
2019-3-31,71.10791667
2019-4-1,75.47
2019-4-2,70.5016
2019-4-3,86.08448276
2019-4-4,80.74923077
2019-4-5,76.43916667
2019-4-6,85.0512
2019-4-7,79.66916667
2019-4-8,81.29846154
2019-4-9,75.67041667
2019-4-10,78.31
2019-4-11,87.4025
2019-4-12,79.1776
2019-4-13,77.87192308
2019-4-14,75.75208333
2019-4-15,77.19884615
2019-4-16,79.83083333
2019-4-17,78.39444444
2019-4-18,78.96692308
2019-4-19,75.64458333
2019-4-20,74.44208333
2019-4-21,73.48125
2019-4-22,83.11615385
2019-4-23,78.15125
2019-4-24,82.6648
2019-4-25,75.22791667
2019-4-26,75.07375
2019-4-27,72.40130435
2019-4-28,79.4312
2019-4-29,75.34875
2019-4-30,82.26625
2019-5-1,78.62
2019-5-2,81.318
2019-5-3,84.86625
2019-5-4,77.58875
2019-5-5,73.27083333
2019-5-6,77.712
2019-5-7,78.29708333
2019-5-8,80.59444444
2019-5-9,76.93416667
2019-5-10,71.07708333
2019-5-11,71.2773913
2019-5-12,81.9272
2019-5-13,84.60678571
2019-5-14,86.32464286
2019-5-15,73.62375
2019-5-16,72.46958333
2019-5-17,73.23708333
2019-5-18,73.05958333
2019-5-19,69.15666667
2019-5-20,64.835
2019-5-21,60.99791667
2019-5-22,64.60166667
2019-5-23,76.99538462
2019-5-24,78.12791667
2019-5-25,75.62444444
2019-5-26,68.9725
2019-5-27,66.705
2019-5-28,68.03541667
2019-5-29,69.05166667
2019-5-30,63.25291667
2019-5-31,62.2125
2019-6-1,63.845
2019-6-2,70.0732
2019-6-3,79.49677419
2019-6-4,80.7804
2019-6-5,75.60625
2019-6-6,67.74208333
2019-6-7,66.64708333
2019-6-8,64.43583333
2019-6-9,60.12695652
2019-6-10,62.37125
2019-6-11,61.4825
2019-6-12,60.06916667
2019-6-13,57.80916667
2019-6-14,58.8125
2019-6-15,54.72625
2019-6-16,58.58458333
2019-6-17,57.65208333
2019-6-18,56.15333333
2019-6-19,57.94708333
2019-6-20,68.5796
2019-6-21,67.33208333
2019-6-22,57.95458333
2019-6-23,55.02625
2019-6-24,55.53625
2019-6-25,48.41
2019-6-26,65.18166667
2019-6-27,70.31666667
2019-6-28,52.13083333
2019-6-29,50.79125
2019-6-30,55.17541667
2019-7-1,53.43416667
2019-7-2,59.81333333
2019-7-3,50.63041667
2019-7-4,60.026
2019-7-5,81.75407407
2019-7-6,58.45
2019-7-7,45.83041667
2019-7-8,45.55208333
2019-7-9,50.81041667
2019-7-10,48.31666667
2019-7-11,47.40416667
2019-7-12,45.32125
2019-7-13,46.36583333
2019-7-14,50.39125
2019-7-15,49.87916667
2019-7-16,61.33333333
2019-7-17,63.87291667
2019-7-18,53.56
2019-7-19,49.33208333
2019-7-20,50.70041667
2019-7-21,38.045
2019-7-22,44.11875
2019-7-23,50.29708333
2019-7-24,49.75458333
2019-7-25,68.682
2019-7-26,72.71153846
2019-7-27,66.30041667
2019-7-28,56.80291667
2019-7-29,49.3125
2019-7-30,46.73708333
2019-7-31,44.39583333
2019-8-1,43.46125
2019-8-2,43.42875
2019-8-3,48.68416667
2019-8-4,48.28458333
2019-8-5,40.18791667
2019-8-6,51.67333333
2019-8-7,47.48958333
2019-8-8,36.18583333
2019-8-9,39.77166667
2019-8-10,42.80458333
2019-8-11,48.98833333
2019-8-12,38.52
2019-8-13,49.15666667
2019-8-14,44.66166667
2019-8-15,42.04416667
2019-8-16,40.45208333
2019-8-17,34.1
2019-8-18,34.59625
2019-8-19,57.37692308
2019-8-20,62.95653846
2019-8-21,52.97916667
2019-8-22,49.895
2019-8-23,41.64958333
2019-8-24,42.0975
2019-8-25,37.76166667
2019-8-26,36.70416667
2019-8-27,53.93541667
2019-8-28,52.92791667
2019-8-29,39.38083333
2019-8-30,32.2375
2019-8-31,32.84041667
2019-9-1,49.305
2019-9-2,55.89083333
2019-9-3,50.77916667
2019-9-4,47.65
2019-9-5,47.22
2019-9-6,40.78458333
2019-9-7,24.85083333
2019-9-8,26.08076923
2019-9-9,25.96115385
2019-9-10,25.0604
2019-9-11,26.0528
2019-9-12,36.16333333
2019-9-13,55.4175
2019-9-14,49.72166667
2019-9-15,37.61458333
2019-9-16,23.36458333
2019-9-17,31.00384615
2019-9-18,38.66148148
2019-9-19,34.2975
2019-9-20,36.86333333
2019-9-21,44.77125
2019-9-22,50.31
2019-9-23,58.17592593
2019-9-24,56.6175
2019-9-25,56.69416667
2019-9-26,73.4264
2019-9-27,66.42958333
2019-9-28,48.67
2019-9-29,54.06333333
2019-9-30,50.98625
2019-10-1,46.80791667
2019-10-2,60.27958333
2019-10-3,54.71333333
2019-10-4,58.5496
2019-10-5,61.87826087
2019-10-6,81.08192308
2019-10-7,72.886
2019-10-8,69.3475
2019-10-9,61.25208333
2019-10-10,61.72833333
2019-10-11,55.38
2019-10-12,54.97541667
2019-10-13,52.51111111
2019-10-14,53.59583333
2019-10-15,56.9575
2019-10-16,59.78833333
2019-10-17,52.58115385
2019-10-18,68.5588
2019-10-19,62.11916667
2019-10-20,62.64666667
2019-10-21,68.59346154
2019-10-22,74.5264
2019-10-23,61.36208333
2019-10-24,50.35958333
2019-10-25,55.92208333
2019-10-26,51.60875
2019-10-27,49.12666667
2019-10-28,46.605
2019-10-29,51.05125
2019-10-30,47.20708333
2019-10-31,63.57448276
2019-11-1,62.9636
2019-11-2,57.0875
2019-11-3,66.7024
2019-11-4,63.0372
2019-11-5,62.72538462
2019-11-6,71.15703704
2019-11-7,71.7375
2019-11-8,72.655
2019-11-9,62.20416667
2019-11-10,63.16583333
2019-11-11,70.752
2019-11-12,64.836
2019-11-13,68.85
2019-11-14,69.83166667
2019-11-15,79.6256
2019-11-16,71.065
2019-11-17,60.76
2019-11-18,58.755
2019-11-19,66.93321429
2019-11-20,74.4568
2019-11-21,62.03125
2019-11-22,60.85458333
2019-11-23,66.44166667
2019-11-24,63.36583333
2019-11-25,61.08166667
2019-11-26,59.37708333
2019-11-27,76.03642857
2019-11-28,76.36269231
2019-11-29,71.12269231
2019-11-30,76.14695652
2019-12-1,70.22833333
2019-12-2,71.29666667
2019-12-3,71.4152
2019-12-4,73.482
2019-12-5,72.835
2019-12-6,71.235
2019-12-7,71.39541667
2019-12-8,78.04888889
2019-12-9,76.2568
2019-12-10,83.52482759
2019-12-11,69.69833333
2019-12-12,62.985
2019-12-13,81.30444444
2019-12-14,76.47625
2019-12-15,76.47833333
2019-12-16,78.20291667
2019-12-17,69.64625
2019-12-18,74.19296296
2019-12-19,75.75583333
2019-12-20,71.22666667
2019-12-21,71.04958333
2019-12-22,80.54
2019-12-23,74.4075
2019-12-24,65.22384615
2019-12-25,68.85291667
2019-12-26,63.38416667
2019-12-27,58.34041667
2019-12-28,74.568
2019-12-29,70.5356
2019-12-30,69.13583333
2019-12-31,70.43
2020-1-1,71.905
2020-1-2,70.40166667
2020-1-3,77.47
2020-1-4,66.97833333
2020-1-5,67.49541667
2020-1-6,66.62291667
2020-1-7,68.58333333
2020-1-8,72.79923077
2020-1-9,68.9325
2020-1-10,70.6275
2020-1-11,70.0336
2020-1-12,69.9525
2020-1-13,70.79923077
2020-1-14,71.9625
2020-1-15,63.54208333
2020-1-16,66.67214286
2020-1-17,76.37708333
2020-1-18,71.96708333
2020-1-19,67.29958333
2020-1-20,69.16166667
2020-1-21,64.18625
2020-1-22,68.49416667
2020-1-23,79.59310345
2020-1-24,63.73666667
2020-1-25,65.30125
2020-1-26,61.42333333
2020-1-27,64.905
2020-1-28,63.285
2020-1-29,65.41875
2020-1-30,61.96
2020-1-31,73.55958333
2020-2-1,78.77740741
2020-2-2,68.4675
2020-2-3,70.92357143
2020-2-4,68.725
2020-2-5,70.26583333
2020-2-6,78.2948
2020-2-7,75.55555556
2020-2-8,81.6462963
2020-2-9,82.9824
2020-2-10,79.1592
2020-2-11,73.8092
2020-2-12,82.52461538
2020-2-13,73.06583333
2020-2-14,71.76875
2020-2-15,76.68166667
2020-2-16,73.06958333
2020-2-17,69.0225
2020-2-18,71.84166667
2020-2-19,77.02083333
2020-2-20,81.7664
2020-2-21,85.09793103
2020-2-22,85.28766667
2020-2-23,83.142
2020-2-24,80.64083333
2020-2-25,74.17666667
2020-2-26,71.6725
2020-2-27,79.40925926
2020-2-28,80.285
2020-2-29,81.77730769
2020-3-1,71.9712
2020-3-2,61.90958333
2020-3-3,62.66083333
2020-3-4,62.15416667
2020-3-5,64.1975
2020-3-6,59.19458333
2020-3-7,61.55125
2020-3-8,61.28708333
2020-3-9,64.75125
2020-3-10,62.53708333
2020-3-11,60.87583333
2020-3-12,69.10708333
2020-3-13,63.00208333
2020-3-14,63.13730769
2020-3-15,71.0124
2020-3-16,65.17375
2020-3-17,66.26458333
2020-3-18,71.5547619
2020-3-19,68.82916667
2020-3-20,84.21821429
2020-3-21,81.71791667
2020-3-22,79.35961538
2020-3-23,80.2396
2020-3-24,81.86310345
2020-3-25,76.14708333
2020-3-26,72.75291667
2020-3-27,75.61916667
2020-3-28,77.46
2020-3-29,65.75375
2020-3-30,69.5475
2020-3-31,68.32375
2020-4-1,71.126
2020-4-2,67.99458333
2020-4-3,78.09416667
2020-4-4,75.20375
2020-4-5,66.67166667
2020-4-6,67.0125
2020-4-7,71.85708333
2020-4-8,73.62041667
2020-4-9,66.1725
2020-4-10,65.20875
2020-4-11,61.29041667
2020-4-12,63.2225
2020-4-13,65.8992
2020-4-14,77.88892857
2020-4-15,83.69518519
2020-4-16,65.96708333
2020-4-17,63.20083333
2020-4-18,58.0368
2020-4-19,79.01285714
2020-4-20,68.66791667
2020-4-21,71.17666667
2020-4-22,69.49166667
2020-4-23,67.23833333
2020-4-24,68.5875
2020-4-25,66.38958333
2020-4-26,67.5975
2020-4-27,61.65333333
2020-4-28,59.86875
2020-4-29,59.01833333
2020-4-30,61.48125
2020-5-1,60.54291667
2020-5-2,59.28375
2020-5-3,56.46333333
2020-5-4,56.15833333
2020-5-5,58.38416667
2020-5-6,81.81296296
2020-5-7,83.79592593
2020-5-8,71.06083333
2020-5-9,68.58791667
2020-5-10,68.72208333
2020-5-11,64.5825
2020-5-12,67.02208333
2020-5-13,68.12230769
2020-5-14,88.54193548
2020-5-15,79.35833333
2020-5-16,72.58041667
2020-5-17,70.28375
2020-5-18,69.84875
2020-5-19,70.95583333
2020-5-20,65.60041667
2020-5-21,66.20083333
2020-5-22,66.63416667
2020-5-23,81.77814815
2020-5-24,70.835
2020-5-25,73.26833333
2020-5-26,68.62166667
2020-5-27,65.2125
2020-5-28,63.64
2020-5-29,62.67375
2020-5-30,61.45333333
2020-5-31,59.25333333
2020-6-1,63.96833333
2020-6-2,74.08625
2020-6-3,78.06
2020-6-4,66.78083333
2020-6-5,65.68416667
2020-6-6,71.67333333
2020-6-7,71.05958333
2020-6-8,66.68
2020-6-9,62.55416667
2020-6-10,57.03583333
2020-6-11,55.65125
2020-6-12,55.94291667
2020-6-13,58.82583333
2020-6-14,73.3
2020-6-15,76.55307692
2020-6-16,63.70125
2020-6-17,53.62291667
2020-6-18,53.40083333
2020-6-19,56.27083333
2020-6-20,53.14833333
2020-6-21,53.60958333
2020-6-22,53.69958333
2020-6-23,48.37666667
2020-6-24,47.75333333
2020-6-25,51.50833333
2020-6-26,64.9525
2020-6-27,79.85615385
2020-6-28,74.51166667
2020-6-29,64.52875
2020-6-30,49.87458333
2020-7-1,60.14958333
2020-7-2,50.81916667
2020-7-3,52.77375
2020-7-4,54.54583333
2020-7-5,44.56166667
2020-7-6,45.52916667
2020-7-7,46.14333333
2020-7-8,49.36375
2020-7-9,69.26166667
2020-7-10,63.20833333
2020-7-11,43.79416667
2020-7-12,47.28083333
2020-7-13,50.00583333
2020-7-14,48.805
2020-7-15,53.43666667
2020-7-16,40.57958333
2020-7-17,38.78
2020-7-18,37.46
2020-7-19,36.72208333
2020-7-20,39.54375
2020-7-21,40.41333333
2020-7-22,40.165
2020-7-23,44.1532
2020-7-24,42.40375
2020-7-25,49.52178571
2020-7-26,52.31458333
2020-7-27,47.37458333
2020-7-28,41.74125
2020-7-29,50.85375
2020-7-30,48.59375
2020-7-31,47.93916667
2020-8-1,38.6325
2020-8-2,29.73
2020-8-3,37.00791667
2020-8-4,36.64
2020-8-5,29.79333333
2020-8-6,33.45166667
2020-8-7,33.25708333
2020-8-8,35.64458333
2020-8-9,35.48166667
2020-8-10,34.31375
2020-8-11,33.62166667
2020-8-12,35.20708333
2020-8-13,41.02384615
2020-8-14,32.44678571
2020-8-15,28.1825
2020-8-16,29.29125
2020-8-17,42.57230769
2020-8-18,34.73041667
2020-8-19,22.94791667
2020-8-20,50.52458333
2020-8-21,71.70296296
2020-8-22,58.65041667
2020-8-23,46.80875
2020-8-24,41.57583333
2020-8-25,32.23666667
2020-8-26,33.7125
2020-8-27,35.55125
2020-8-28,27.61791667
2020-8-29,20.61
2020-8-30,19.74666667
2020-8-31,26.60666667
2020-9-1,44.0452
2020-9-2,41.05851852
2020-9-3,39.20583333
2020-9-4,34.3868
2020-9-5,22.71916667
2020-9-6,21.92958333
2020-9-7,23.1868
2020-9-8,44.3064
2020-9-9,37.91708333
2020-9-10,24.64
2020-9-11,19.99208333
2020-9-12,16.3684
2020-9-13,17.60666667
2020-9-14,19.9544
2020-9-15,34.1425
2020-9-16,33.0072
2020-9-17,21.12692308
2020-9-18,31.8352
2020-9-19,33.57208333
2020-9-20,50.35708333
2020-9-21,51.8008
2020-9-22,53.45416667
2020-9-23,51.2992
2020-9-24,44.71541667
2020-9-25,29.19541667
2020-9-26,35.82961538
2020-9-27,42.35541667
2020-9-28,38.50608696
2020-9-29,40.3708
2020-9-30,25.04458333
2020-10-1,22.94125
2020-10-2,31.40916667
2020-10-3,41.21653846
2020-10-4,34.8
2020-10-5,33.8925
2020-10-6,32.378
2020-10-7,35.9972
2020-10-8,25.635
2020-10-9,26.38166667
2020-10-10,40.49208333
2020-10-11,51.93625
2020-10-12,62.65833333
2020-10-13,53.15541667
2020-10-14,56.7576
2020-10-15,56.17583333
2020-10-16,62.30208333
2020-10-17,48.64125
2020-10-18,41.43625
2020-10-19,63.67307692
2020-10-20,53.91708333
2020-10-21,55.82708333
2020-10-22,49.19916667
2020-10-23,55.46458333
2020-10-24,65.44037037
2020-10-25,60.42541667
2020-10-26,49.35
2020-10-27,59.47833333
2020-10-28,64.9216
2020-10-29,75.42888889
2020-10-30,80.328
2020-10-31,64.74333333
2020-11-1,50.14625
2020-11-2,44.72375
2020-11-3,39.40125
2020-11-4,33.11208333
2020-11-5,28.61041667
2020-11-6,34.85625
2020-11-7,41.15291667
2020-11-8,42.03333333
2020-11-9,49.97666667
2020-11-10,64.5556
2020-11-11,62.1375
2020-11-12,81.182
2020-11-13,67.51416667
2020-11-14,62.10833333
2020-11-15,61.01125
2020-11-16,55.365
2020-11-17,55.07
2020-11-18,68.1236
2020-11-19,79.465
2020-11-20,63.59375
2020-11-21,47.16208333
2020-11-22,38.49666667
2020-11-23,42.88291667
2020-11-24,46.30916667
2020-11-25,51.59615385
2020-11-26,68.50653846
2020-11-27,69.5925
2020-11-28,61.53416667
2020-11-29,56.28958333
2020-11-30,57.10416667
2020-12-1,60.82826087
2020-12-2,56.22125
2020-12-3,46.31833333
2020-12-4,53.16208333
2020-12-5,70.37833333
2020-12-6,67.41916667
2020-12-7,62.75916667
2020-12-8,65.59555556
2020-12-9,69.7864
2020-12-10,76.38333333
2020-12-11,80.095
2020-12-12,69.205
2020-12-13,61.66375
2020-12-14,65.51041667
2020-12-15,68.1136
2020-12-16,63.90791667
2020-12-17,59.71961538
2020-12-18,59.4625
2020-12-19,56.58833333
2020-12-20,49.49666667
2020-12-21,67.16208333
2020-12-22,83.82733333
2020-12-23,78.82458333
2020-12-24,72.90333333
2020-12-25,70.26375
2020-12-26,76.386
2020-12-27,76.95958333
2020-12-28,71.16375
2020-12-29,63.84083333
2020-12-30,56.942
2020-12-31,68.0196
2021-1-1,61.66375
2021-1-2,58.86833333
2021-1-3,62.15875
2021-1-4,63.36
2021-1-5,67.83625
2021-1-6,68.50423077
2021-1-7,77.16833333
2021-1-8,63.6875
2021-1-9,59.7816
2021-1-10,88.64703704
2021-1-11,77.41125
2021-1-12,75.9175
2021-1-13,77.58653846
2021-1-14,82.14592593
2021-1-15,81.84041667
2021-1-16,73.78791667
2021-1-17,88.10625
2021-1-18,78.875
2021-1-19,86.39222222
2021-1-20,79.9968
2021-1-21,79.818
2021-1-22,83.6668
2021-1-23,74.88791667
2021-1-24,78.54592593
2021-1-25,79.08125
2021-1-26,75.86565217
2021-1-27,81.62272727
2021-1-28,85.51083333
2021-1-29,80.53541667
2021-1-30,74.51208333
2021-1-31,74.75166667
2021-2-1,74.3912
2021-2-2,75.5988
2021-2-3,79.8976
2021-2-4,81.18925926
2021-2-5,84.17038462
2021-2-6,70.1975
2021-2-7,58.72708333
2021-2-8,59.04166667
2021-2-9,57.81666667
2021-2-10,58.94833333
2021-2-11,70.37
2021-2-12,79.51916667
2021-2-13,76.66875
2021-2-14,76.45708333
2021-2-15,83.87464286
2021-2-16,86.71076923
2021-2-17,89.02714286
2021-2-18,81.76291667
2021-2-19,73.17708333
2021-2-20,61.11583333
2021-2-21,71.445
2021-2-22,69.05791667
2021-2-23,70.7796
2021-2-24,78.25038462
2021-2-25,79.09916667
2021-2-26,75.59333333
2021-2-27,81.42730769
2021-2-28,78.00541667
2021-3-1,74.93375
2021-3-2,70.57
2021-3-3,78.55666667
2021-3-4,73.88125
2021-3-5,88.44607143
2021-3-6,82.41444444
2021-3-7,84.30291667
2021-3-8,76.79125
2021-3-9,79.748
2021-3-10,76.56416667
2021-3-11,73.42166667
2021-3-12,77.28708333
2021-3-13,82.5125
2021-3-14,84.19166667
2021-3-15,81.96833333
2021-3-16,83.36375
2021-3-17,89.70423077
2021-3-18,89.68814815
2021-3-19,87.2228
2021-3-20,83.52565217
2021-3-21,80.53458333
2021-3-22,82.9148
2021-3-23,78.36791667
2021-3-24,76.67916667
2021-3-25,77.02083333
2021-3-26,69.74041667
2021-3-27,67.29708333
2021-3-28,71.32916667
2021-3-29,76.33916667
2021-3-30,72.03772727
2021-3-31,71.44333333
2021-4-1,68.92083333
2021-4-2,75.11592593
2021-4-3,78.2172
2021-4-4,83.42230769
2021-4-5,79.7636
2021-4-6,81.29708333
2021-4-7,86.52833333
2021-4-8,80.74916667
2021-4-9,78.59583333
2021-4-10,74.63083333
2021-4-11,74.98583333
2021-4-12,78.96125
2021-4-13,80.7112
2021-4-14,80.10730769
2021-4-15,70.96
2021-4-16,68.9156
2021-4-17,76.27916667
2021-4-18,78.52833333
2021-4-19,75.70416667
2021-4-20,72.64166667
2021-4-21,66.13416667
2021-4-22,62.74583333
2021-4-23,62.88666667
2021-4-24,61.00791667
2021-4-25,83.042
2021-4-26,84.54037037
2021-4-27,74.69791667
2021-4-28,70.43375
2021-4-29,67.25958333
2021-4-30,67.67875
2021-5-1,66.22625
2021-5-2,60.96583333
2021-5-3,66.63583333
2021-5-4,65.95958333
2021-5-5,58.12083333
2021-5-6,81.08653846
2021-5-7,85.6
2021-5-8,76.02958333
2021-5-9,72.85291667
2021-5-10,62.66333333
2021-5-11,54.27416667
2021-5-12,77.5684
2021-5-13,76.36125
2021-5-14,71.73
2021-5-15,64.91875
2021-5-16,61.33791667
2021-5-17,62.11833333
2021-5-18,61.90583333
2021-5-19,54.205
2021-5-20,53.66416667
2021-5-21,57.58583333
2021-5-22,67.95125
2021-5-23,86.5716
2021-5-24,88.545
2021-5-25,73.58875
2021-5-26,66.25208333
2021-5-27,64.52
2021-5-28,58.08416667
2021-5-29,58.80458333
2021-5-30,58.78375
2021-5-31,71.86461538
2021-6-1,72.33916667
2021-6-2,67.09291667
2021-6-3,63.41791667
2021-6-4,54.9775
2021-6-5,51.72416667
2021-6-6,55.43333333
2021-6-7,57.13791667
2021-6-8,57.54333333
2021-6-9,58.79208333
2021-6-10,54.08541667
2021-6-11,75.57884615
2021-6-12,77.98083333
2021-6-13,70.67916667
2021-6-14,63.24913043
2021-6-15,61.28083333
2021-6-16,60.63166667
2021-6-17,65.24416667
2021-6-18,74.78125
2021-6-19,79.0164
2021-6-20,66.37541667
2021-6-21,64.36125
2021-6-22,62.24125
2021-6-23,58.65541667
2021-6-24,49.18333333
2021-6-25,50.05708333
2021-6-26,49.0875
2021-6-27,52.73958333
2021-6-28,81.02606061
2021-6-29,67.36
2021-6-30,46.35
2021-7-1,40.26083333
2021-7-2,45.09958333
2021-7-3,48.78166667
2021-7-4,46.81958333
2021-7-5,41.91041667
2021-7-6,43.47291667
2021-7-7,44.89833333
2021-7-8,43.25875
2021-7-9,39.06916667
2021-7-10,39.80333333
2021-7-11,43.62875
2021-7-12,46.65
2021-7-13,43.52166667
2021-7-14,45.61333333
2021-7-15,37.45625
2021-7-16,45.79208333
2021-7-17,54.01791667
2021-7-18,67.26791667
2021-7-19,50.14708333
2021-7-20,31.86833333
2021-7-21,31.28208333
2021-7-22,37.87833333
2021-7-23,39.85375
2021-7-24,42.12583333
2021-7-25,41.6375
2021-7-26,40.5
2021-7-27,46.85666667
2021-7-28,55.3668
2021-7-29,35.02916667
2021-7-30,31.54625
2021-7-31,32.19583333
2021-8-1,35.68291667
2021-8-2,40.55291667
2021-8-3,42.6925
2021-8-4,41.81333333
2021-8-5,35.53625
2021-8-6,35.59416667
2021-8-7,37.67708333
2021-8-8,34.5775
2021-8-9,40.2525
2021-8-10,41.81166667
2021-8-11,47.45791667
2021-8-12,57.73166667
2021-8-13,53.875
2021-8-14,46.76583333
2021-8-15,43.94166667
2021-8-16,38.04666667
2021-8-17,30.17291667
2021-8-18,26.80333333
2021-8-19,29.225
2021-8-20,28.77208333
2021-8-21,33.29375
2021-8-22,35.25958333
2021-8-23,30.36041667
2021-8-24,30.42416667
2021-8-25,29.61291667
2021-8-26,39.5392
2021-8-27,48.8004
2021-8-28,44.73
2021-8-29,46.6975
2021-8-30,52.6588
2021-8-31,36.65458333
2021-9-1,29.70666667
2021-9-2,38.0952
2021-9-3,49.26041667
2021-9-4,49.08666667
2021-9-5,35.16666667
2021-9-6,31.26625
2021-9-7,33.7875
2021-9-8,39.10666667
2021-9-9,68.25166667
2021-9-10,67.89958333
2021-9-11,49.71541667
2021-9-12,49.88962963
2021-9-13,47.41083333
2021-9-14,45.61083333
2021-9-15,54.45416667
2021-9-16,61.39642857
2021-9-17,65.45833333
2021-9-18,46.65875
2021-9-19,42.38708333
2021-9-20,31.46666667
2021-9-21,34.196
2021-9-22,50.87961538
2021-9-23,48.77
2021-9-24,42.2975
2021-9-25,44.84125
2021-9-26,41.19111111
2021-9-27,53.60125
2021-9-28,52.85708333
2021-9-29,46.77125
2021-9-30,45.39708333
2021-10-1,44.22541667
2021-10-2,45.49583333
2021-10-3,47.57166667
2021-10-4,51.51117647
2021-10-5,71.47
2021-10-6,54.32458333
2021-10-7,52.30791667
2021-10-8,52.0224
2021-10-9,60.68458333
2021-10-10,53.09458333
2021-10-11,59.2375
2021-10-12,67.93125
2021-10-13,51.96583333
2021-10-14,57.33416667
2021-10-15,53.77166667
2021-10-16,82.01296296
2021-10-17,73.6192
2021-10-18,71.56583333
2021-10-19,72.46666667
2021-10-20,60.38166667
2021-10-21,50.16416667
2021-10-22,53.01
2021-10-23,56.28875
2021-10-24,73.36275862
2021-10-25,78.66333333
2021-10-26,72.7575
2021-10-27,81.60115385
2021-10-28,66.1175
2021-10-29,70.10592593
2021-10-30,67.9312
2021-10-31,74.07625
2021-11-1,74.22666667
2021-11-2,66.57208333
2021-11-3,73.1025
2021-11-4,67.65791667
2021-11-5,73.31083333
2021-11-6,90.445
2021-11-7,84.80576923
2021-11-8,81.9552
2021-11-9,82.4825
2021-11-10,75.3884
2021-11-11,75.34875
2021-11-12,84.08535714
2021-11-13,83.64321429
2021-11-14,80.9732
2021-11-15,82.53730769
2021-11-16,76.70041667
2021-11-17,85.62708333
2021-11-18,86.95035714
2021-11-19,94.61862069
2021-11-20,83.33666667
2021-11-21,82.13291667
2021-11-22,76.0496
2021-11-23,73.004
2021-11-24,81.7964
2021-11-25,75.93208333
2021-11-26,70.16
2021-11-27,66.1775
2021-11-28,64.07208333
2021-11-29,77.74740741
2021-11-30,80.454
2021-12-1,73.42291667
2021-12-2,70.85333333
2021-12-3,81.986
2021-12-4,77.65416667
2021-12-5,78.55192308
2021-12-6,78.1875
2021-12-7,73.04041667
2021-12-8,72.66518519
2021-12-9,70.99541667
2021-12-10,72.8775
2021-12-11,72.775
2021-12-12,77.55107143
2021-12-13,88.03192308
2021-12-14,88.92962963
2021-12-15,82.24541667
2021-12-16,87.75041667
2021-12-17,87.83666667
2021-12-18,85.81821429
2021-12-19,76.59291667
2021-12-20,81.51875
2021-12-21,86.9436
2021-12-22,90.80740741
2021-12-23,94.23714286
2021-12-24,91.02393939
2021-12-25,85.55125
2021-12-26,77.01166667
2021-12-27,72.08083333
2021-12-28,73.5544
2021-12-29,74.20291667
2021-12-30,85.81714286
2021-12-31,80.79875
2022-1-1,79.3428
2022-1-2,75.50666667
2022-1-3,74.1532
2022-1-4,83.90925926
2022-1-5,90.07827586
2022-1-6,85.97458333
2022-1-7,80.97125
2022-1-8,78.74346154
2022-1-9,86.14346154
2022-1-10,86.92653846
2022-1-11,80.55407407
2022-1-12,77.4552
2022-1-13,75.26166667
2022-1-14,77.18333333
2022-1-15,76.39333333
2022-1-16,75.56230769
2022-1-17,66.75708333
2022-1-18,68.79791667
2022-1-19,81.52142857
2022-1-20,80.59
2022-1-21,81.48111111
2022-1-22,78.59458333
2022-1-23,76.67375
2022-1-24,72.86166667
2022-1-25,78.08428571
2022-1-26,87.88037037
2022-1-27,84.31416667
2022-1-28,83.49875
2022-1-29,87.35041667
2022-1-30,89.18769231
2022-1-31,90.28206897
2022-2-1,83.2168
2022-2-2,79.66541667
2022-2-3,85.12153846
2022-2-4,75.20041667
2022-2-5,74.35625
2022-2-6,79.8488
2022-2-7,85.93346154
2022-2-8,88.39615385
2022-2-9,90.2548
2022-2-10,83.27958333
2022-2-11,84.0125
2022-2-12,80.29916667
2022-2-13,90.39677419
2022-2-14,87.46115385
2022-2-15,80.55458333
2022-2-16,85.24535714
2022-2-17,82.21125
2022-2-18,86.50230769
2022-2-19,89.22464286
2022-2-20,82.94
2022-2-21,77.77083333
2022-2-22,80.07541667
2022-2-23,86.70407407
2022-2-24,84.27875
2022-2-25,80.45458333
2022-2-26,82.54708333
2022-2-27,78.34083333
2022-2-28,82.30653846
2022-3-1,84.87416667
2022-3-2,82.45681818
2022-3-3,88.64103448
2022-3-4,84.55653846
2022-3-5,83.66708333
2022-3-6,80.1616
2022-3-7,82.6516
2022-3-8,88.3752
2022-3-9,85.0564
2022-3-10,82.86375
2022-3-11,81.28083333
2022-3-12,86.49357143
2022-3-13,87.10071429
2022-3-14,91.14
2022-3-15,84.62041667
2022-3-16,78.41458333
2022-3-17,87.89833333
2022-3-18,83.87333333
2022-3-19,87.77576923
2022-3-20,88.3124
2022-3-21,82.70275862
2022-3-22,80.72653846
2022-3-23,79.8248
2022-3-24,77.26782609
2022-3-25,78.95423077
2022-3-26,90.9532
2022-3-27,84.82625
2022-3-28,80.50666667
2022-3-29,83.89375
2022-3-30,86.72071429
2022-3-31,93.05481481
2022-4-1,91.46038462
2022-4-2,89.17192308
2022-4-3,82.968
2022-4-4,79.63041667
2022-4-5,74.77041667
2022-4-6,76.0475
2022-4-7,72.14833333
2022-4-8,73.89125
2022-4-9,76.73
2022-4-10,79.81708333
2022-4-11,73.88375
2022-4-12,70.48166667
2022-4-13,74.59041667
2022-4-14,83.2424
2022-4-15,83.34041667
2022-4-16,72.59833333
2022-4-17,71.15083333
2022-4-18,65.74
2022-4-19,70.21916667
2022-4-20,68.75625
2022-4-21,69.77
2022-4-22,68.78
2022-4-23,73.7875
2022-4-24,80.1044
2022-4-25,77.06416667
2022-4-26,68.49208333
2022-4-27,63.09291667
2022-4-28,63.0175
2022-4-29,66.84375
2022-4-30,69.3325
2022-5-1,67.76958333
2022-5-2,64.12375
2022-5-3,76.49166667
2022-5-4,77.67333333
2022-5-5,68.75541667
2022-5-6,63.32782609
2022-5-7,60.4925
2022-5-8,61.05
2022-5-9,61.9825
2022-5-10,63.51166667
2022-5-11,70.43875
2022-5-12,80.6236
2022-5-13,75.76
2022-5-14,67.67958333
2022-5-15,72.59041667
2022-5-16,89.04225806
2022-5-17,71.33125
2022-5-18,52.19208333
2022-5-19,60.63666667
2022-5-20,64.55666667
2022-5-21,62.41416667
2022-5-22,55.4725
2022-5-23,57.87125
2022-5-24,55.56291667
2022-5-25,61.02
2022-5-26,62.95291667
2022-5-27,59.69625
2022-5-28,66.185
2022-5-29,61.70208333
2022-5-30,62.85
2022-5-31,78.7675
2022-6-1,83.75807692
2022-6-2,93.02730769
2022-6-3,84.67615385
2022-6-4,80.605
2022-6-5,70.45083333
2022-6-6,59.41916667
2022-6-7,60.91208333
2022-6-8,84.3962963
2022-6-9,93.88076923
2022-6-10,94.67785714
2022-6-11,90.54074074
2022-6-12,76.12875
2022-6-13,67.86958333
2022-6-14,61.54916667
2022-6-15,68.2075
2022-6-16,69.3375
2022-6-17,70.3125
2022-6-18,90.51423077
2022-6-19,83.47416667
2022-6-20,75.92583333
2022-6-21,66.05958333
2022-6-22,62.86375
2022-6-23,66.71
2022-6-24,62.82125
2022-6-25,62.785
2022-6-26,80.38481481
2022-6-27,76.31346154
2022-6-28,64.66208333
2022-6-29,70.25083333
2022-6-30,71.35166667
2022-7-1,62.855
2022-7-2,59.57458333
2022-7-3,60.00791667
2022-7-4,59.57041667
2022-7-5,51.59166667
2022-7-6,55.72041667
2022-7-7,51.68708333
2022-7-8,54.37666667
2022-7-9,58.55666667
2022-7-10,55.19958333
2022-7-11,50.17708333
2022-7-12,53.85416667
2022-7-13,66.02208333
2022-7-14,61.77375
2022-7-15,49.99166667
2022-7-16,56.5975
2022-7-17,64.7025
2022-7-18,65.27083333
2022-7-19,62.00916667
2022-7-20,54.92083333
2022-7-21,52.06958333
2022-7-22,49.15125
2022-7-23,50.84208333
2022-7-24,46.15958333
2022-7-25,47.29708333
2022-7-26,49.68125
2022-7-27,47.85708333
2022-7-28,47.85
2022-7-29,52.71916667
2022-7-30,65.38833333
2022-7-31,58.05625
2022-8-1,45.105
2022-8-2,41.89333333
2022-8-3,40.25958333
2022-8-4,38.4675
2022-8-5,44.93833333
2022-8-6,52.52416667
2022-8-7,45.15541667
2022-8-8,76.36392857
2022-8-9,89.03137931
2022-8-10,77.84259259
2022-8-11,63.42958333
2022-8-12,54.77375
2022-8-13,45.1775
2022-8-14,45.56833333
2022-8-15,46.0525
2022-8-16,55.05375
2022-8-17,58.05416667
2022-8-18,56.5912
2022-8-19,72.06307692
2022-8-20,54.54458333
2022-8-21,62.82625
2022-8-22,58.70333333
2022-8-23,52.92458333
2022-8-24,46.07208333
2022-8-25,41.43041667
2022-8-26,41.52208333
2022-8-27,41.32916667
2022-8-28,40.75
2022-8-29,54.3825
2022-8-30,53.81041667
2022-8-31,53.62958333
2022-9-1,39.75625
2022-9-2,34.54541667
2022-9-3,52.49291667
2022-9-4,61.35333333
2022-9-5,56.61458333
2022-9-6,51.48083333
2022-9-7,47.07625
2022-9-8,40.1884
2022-9-9,38.435
2022-9-10,53.80125
2022-9-11,49.53666667
2022-9-12,50.69541667
2022-9-13,48.68
2022-9-14,54.35166667
2022-9-15,77.09692308
2022-9-16,67.67458333
2022-9-17,53.61083333
2022-9-18,44.08416667
2022-9-19,53.935
2022-9-20,55.69125
2022-9-21,52.19875
2022-9-22,52.12916667
2022-9-23,58.35791667
2022-9-24,47.59708333
2022-9-25,51.9475
2022-9-26,54.3296
2022-9-27,70.82375
2022-9-28,80.44655172
2022-9-29,86.21703704
2022-9-30,78.855
2022-10-1,74.60192308
2022-10-2,65.14291667
2022-10-3,67.17916667
2022-10-4,62.20083333
2022-10-5,57.02416667
2022-10-6,51.79083333
2022-10-7,78.46923077
2022-10-8,67.565
2022-10-9,74.148
2022-10-10,84.37916667
2022-10-11,86.97083333
2022-10-12,90.38115385
2022-10-13,76.15791667
2022-10-14,72.33125
2022-10-15,66.33416667
2022-10-16,61.9375
2022-10-17,58.77541667
2022-10-18,70.585
2022-10-19,72.70708333
2022-10-20,66.69
2022-10-21,78.69958333
2022-10-22,81.99125
2022-10-23,78.04125
2022-10-24,68.4925
2022-10-25,67.80541667
2022-10-26,59.73
2022-10-27,60.95
2022-10-28,66.80125
2022-10-29,70.96769231
2022-10-30,67.25958333
2022-10-31,82.20185185
2022-11-1,83.1573913
2022-11-2,58.04
2022-11-3,54.525
2022-11-4,56.7775
2022-11-5,53.42
2022-11-6,50.91625
2022-11-7,43.49708333
2022-11-8,42.87
2022-11-9,42.53291667
2022-11-10,50.86375
2022-11-11,75.21807692
2022-11-12,76.49875
2022-11-13,65.85875
2022-11-14,73.01333333
2022-11-15,80.2428
2022-11-16,65.91083333
2022-11-17,50.08208333
2022-11-18,47.14666667
2022-11-19,49.38333333
2022-11-20,56.2275
2022-11-21,76.19464286
2022-11-22,82.83076923
2022-11-23,80.4644
2022-11-24,72.70416667
2022-11-25,65.36041667
2022-11-26,52.83375
2022-11-27,43.2975
2022-11-28,41.62166667
2022-11-29,45.97666667
2022-11-30,55.1
2022-12-1,52.96666667
2022-12-2,72.1356
2022-12-3,87.27730769
2022-12-4,83.184
2022-12-5,87.58689655
2022-12-6,75.30166667
2022-12-7,75.51333333
2022-12-8,73.00125
2022-12-9,67.65666667
2022-12-10,75.48958333
2022-12-11,70.32625
2022-12-12,66.3568
2022-12-13,66.95833333
2022-12-14,74.086
2022-12-15,72.785
2022-12-16,84.47888889
2022-12-17,73.8725
2022-12-18,74.58208333
2022-12-19,78.5532
2022-12-20,74.61791667
2022-12-21,79.09461538
2022-12-22,79.78925926
2022-12-23,75.63041667
2022-12-24,72.83875
2022-12-25,80.17666667
2022-12-26,81.45833333
2022-12-27,78.31083333
2022-12-28,84.86862069
2022-12-29,86.3704
2022-12-30,88.80222222
2022-12-31,82.24833333
2023-1-1,74.76041667
2023-1-2,73.61041667
2023-1-3,78.65583333
2023-1-4,78.75208333
2023-1-5,90.44
2023-1-6,78.64166667
2023-1-7,63.38333333
2023-1-8,64.72375
2023-1-9,73.37125
2023-1-10,72.01791667
2023-1-11,78.3728
2023-1-12,83.2528
2023-1-13,78.57458333
2023-1-14,80.8148
2023-1-15,83.00965517
2023-1-16,80.67269231
2023-1-17,82.41607143
2023-1-18,83.30291667
2023-1-19,76.42576923
2023-1-20,76.5368
2023-1-21,72.66083333
2023-1-22,83.459
2023-1-23,81.21375
2023-1-24,85.27041667
2023-1-25,87.67296296
2023-1-26,87.99192308
2023-1-27,94.05555556
2023-1-28,90.51833333
2023-1-29,84.25962963
2023-1-30,78.08625
2023-1-31,80.245
2023-2-1,85.015
2023-2-2,78.6872
2023-2-3,81.88083333
2023-2-4,84.39958333
2023-2-5,77.72
2023-2-6,75.5188
2023-2-7,78.785
2023-2-8,75.65291667
2023-2-9,77.88346154
2023-2-10,83.7475
2023-2-11,85.07884615
2023-2-12,85.1452
2023-2-13,79.0304
2023-2-14,78.80583333
2023-2-15,88.8575
2023-2-16,80.4688
2023-2-17,85.57115385
2023-2-18,88.64153846
2023-2-19,73.66
2023-2-20,85.86703704
2023-2-21,78.96458333
2023-2-22,80.3424
2023-2-23,81.04041667
2023-2-24,79.88962963
2023-2-25,81.28461538
2023-2-26,78.6575
2023-2-27,80.16925926
2023-2-28,83.45230769
2023-3-1,74.4436
2023-3-2,75.96541667
2023-3-3,70.99583333
2023-3-4,75.2925
2023-3-5,74.92666667
2023-3-6,75.45833333
2023-3-7,73.69708333
2023-3-8,84.9132
2023-3-9,79.67166667
2023-3-10,78.6716
2023-3-11,87.40307692
2023-3-12,87.21481481
2023-3-13,81.9625
2023-3-14,82.45291667
2023-3-15,82.7972
2023-3-16,86.69958333
2023-3-17,86.43708333
2023-3-18,86.46166667
2023-3-19,86.2664
2023-3-20,89.7175
2023-3-21,87.28375
2023-3-22,84.72785714
2023-3-23,88.6828
2023-3-24,84.5268
2023-3-25,84.7075
2023-3-26,74.76375
2023-3-27,75.98958333
2023-3-28,79.6072
2023-3-29,84.75851852
2023-3-30,81.84458333
2023-3-31,77.49833333
2023-4-1,76.22458333
2023-4-2,81.32416667
2023-4-3,79.69458333
2023-4-4,79.64038462
2023-4-5,84.70961538
2023-4-6,87.0475
2023-4-7,86.27
2023-4-8,89.3462069
2023-4-9,90.1616
2023-4-10,84.12625
2023-4-11,88.20107143
2023-4-12,80.73583333
2023-4-13,77.89791667
2023-4-14,92.0648
2023-4-15,89.77392857
2023-4-16,85.95416667
2023-4-17,84.84541667
2023-4-18,82.04
2023-4-19,90.67724138
2023-4-20,79.68615385
2023-4-21,73.32041667
2023-4-22,76.33375
2023-4-23,87.29607143
2023-4-24,81.75083333
2023-4-25,88.79423077
2023-4-26,80.65291667
2023-4-27,83.46625
2023-4-28,84.51916667
2023-4-29,79.73458333
2023-4-30,78.4375
2023-5-1,83.01833333
2023-5-2,80.41958333
2023-5-3,86.88518519
2023-5-4,88.16625
2023-5-5,82.01518519
2023-5-6,86.49444444
2023-5-7,82.0932
2023-5-8,83.1472
2023-5-9,88.89428571
2023-5-10,83.36666667
2023-5-11,86.59533333
2023-5-12,78.33291667
2023-5-13,68.88708333
2023-5-14,70.16333333
2023-5-15,70.7125
2023-5-16,68.53916667
2023-5-17,70.26666667
2023-5-18,70.11666667
2023-5-19,67.2375
2023-5-20,67.61833333
2023-5-21,65.25041667
2023-5-22,66.875
2023-5-23,64.36125
2023-5-24,65.33833333
2023-5-25,68.58583333
2023-5-26,65.9975
2023-5-27,64.47958333
2023-5-28,72.99208333
2023-5-29,88.31538462
2023-5-30,91.44074074
2023-5-31,85.0944
2023-6-1,79.66166667
2023-6-2,74.15916667
2023-6-3,69.025
2023-6-4,66.40125
2023-6-5,59.33375
2023-6-6,60.81875
2023-6-7,64.35125
2023-6-8,66.0175
2023-6-9,63.245
2023-6-10,61.59416667
2023-6-11,69.15041667
2023-6-12,87.40962963
2023-6-13,93.375
2023-6-14,86.93923077
2023-6-15,93.85740741
2023-6-16,87.2192
2023-6-17,80.904
2023-6-18,70.81583333
2023-6-19,71.82875
2023-6-20,66.6675
2023-6-21,64.25208333
2023-6-22,59.66291667
2023-6-23,61.99625
2023-6-24,65.49791667
2023-6-25,66.675
2023-6-26,64.56958333
2023-6-27,62.79541667
2023-6-28,61.02541667
2023-6-29,58.64875
2023-6-30,65.02625
2023-7-1,60.69541667
2023-7-2,57.93416667
2023-7-3,58.13875
2023-7-4,54.71333333
2023-7-5,56.3925
2023-7-6,56.20791667
2023-7-7,52.84916667
2023-7-8,52.91625
2023-7-9,54.43416667
2023-7-10,55.40041667
2023-7-11,51.91291667
2023-7-12,47.83208333
2023-7-13,57.94625
2023-7-14,73.67923077
2023-7-15,63.805
2023-7-16,63.12041667
2023-7-17,57.44708333
2023-7-18,69.46208333
2023-7-19,69.16958333
2023-7-20,67.295
2023-7-21,57.71416667
2023-7-22,42.70875
2023-7-23,47.64291667
2023-7-24,49.06041667
2023-7-25,50.31416667
2023-7-26,48.06125
2023-7-27,48.94875
2023-7-28,51.33833333
2023-7-29,69.24375
2023-7-30,63.90875
2023-7-31,51.21541667
2023-8-1,41.60666667
2023-8-2,43.03541667
2023-8-3,39.96541667
2023-8-4,41.02
2023-8-5,43.98666667
2023-8-6,42.45416667
2023-8-7,40.12375
2023-8-8,49.50666667
2023-8-9,49.01458333
2023-8-10,39.90291667
2023-8-11,38.405
2023-8-12,44.46833333
2023-8-13,67.9625
2023-8-14,61.31541667
2023-8-15,58.12708333
2023-8-16,51.22875
2023-8-17,37.22583333
2023-8-18,33.57041667
2023-8-19,52.98875
2023-8-20,53.49875
2023-8-21,46.07541667
2023-8-22,42.08125
2023-8-23,36.32708333
2023-8-24,37.29958333
2023-8-25,55.0084
2023-8-26,65.04625
2023-8-27,57.01958333
2023-8-28,56.12041667
2023-8-29,53.68708333
2023-8-30,50.40625
2023-8-31,53.56166667
2023-9-1,51.93791667
2023-9-2,45.84708333
2023-9-3,45.54208333
2023-9-4,46.005
2023-9-5,49.36541667
2023-9-6,57.67125
2023-9-7,67.72666667
2023-9-8,56.72208333
2023-9-9,55.83125
2023-9-10,50.52291667
2023-9-11,45.70875
2023-9-12,34.32666667
2023-9-13,54.42153846
2023-9-14,91.76518519
2023-9-15,77.22038462
2023-9-16,60.656
2023-9-17,45.30625
2023-9-18,53.58541667
2023-9-19,51.12125
2023-9-20,57.9904
2023-9-21,58.01625
2023-9-22,48.46958333
2023-9-23,52.54666667
2023-9-24,52.67666667
2023-9-25,48.13708333
2023-9-26,42.30791667
2023-9-27,54.71384615
2023-9-28,61.81125
2023-9-29,60.074
2023-9-30,66.21833333
2023-10-1,64.07076923
2023-10-2,64.69346154
2023-10-3,59.11625
2023-10-4,57.4675
2023-10-5,51.10541667
2023-10-6,49.15958333
2023-10-7,55.48
2023-10-8,60.5496
2023-10-9,74.9688
2023-10-10,75.39458333
2023-10-11,72.10041667
2023-10-12,60.495
2023-10-13,60.14041667
2023-10-14,53.97625
2023-10-15,62.51821429
2023-10-16,58.42583333
2023-10-17,45.08625
2023-10-18,44.20375
2023-10-19,38.86208333
2023-10-20,44.42458333
2023-10-21,56.43875
2023-10-22,59.41178571
2023-10-23,60.52666667
2023-10-24,55.34703704
2023-10-25,73.43416667
2023-10-26,69.96208333
2023-10-27,63.25666667
2023-10-28,71.89464286
2023-10-29,57.28208333
2023-10-30,65.79115385
2023-10-31,69.63541667
2023-11-1,60.0644
2023-11-2,56.38875
2023-11-3,57.62708333
2023-11-4,70.32
2023-11-5,56.77666667
2023-11-6,53.27791667
2023-11-7,56.91833333
2023-11-8,50.93
2023-11-9,60.2475
2023-11-10,48.72125
2023-11-11,47.88958333
2023-11-12,47.62208333
2023-11-13,51.08291667
2023-11-14,52.56083333
2023-11-15,50.77083333
2023-11-16,49.07291667
2023-11-17,56.4875
2023-11-18,57.705
2023-11-19,59.66541667
2023-11-20,81.03666667
2023-11-21,75.10958333
2023-11-22,64.79125
2023-11-23,73.40166667
2023-11-24,68.25625
2023-11-25,78.27416667
2023-11-26,76.4864
2023-11-27,68.41958333
2023-11-28,62.91833333
2023-11-29,55.84416667
2023-11-30,58.70666667
2023-12-1,61.09807692
2023-12-2,69.06916667
2023-12-3,65.59592593
2023-12-4,79.3808
2023-12-5,77.54208333
2023-12-6,70.80041667
2023-12-7,63.0225
2023-12-8,74.52962963
2023-12-9,78.1068
2023-12-10,71.31875
2023-12-11,83.91923077
2023-12-12,70.10583333
2023-12-13,61.81333333
2023-12-14,64.15541667
2023-12-15,56.17958333
2023-12-16,47.23083333
2023-12-17,46.5225
2023-12-18,51.51291667
2023-12-19,67.96
2023-12-20,74.08916667
2023-12-21,84.04125
2023-12-22,74.1352
2023-12-23,76.78666667
2023-12-24,67.13083333
2023-12-25,66.01208333
2023-12-26,84.21285714
2023-12-27,75.91666667
2023-12-28,63.89208333
2023-12-29,71.8556
2023-12-30,86.59125
2023-12-31,78.02208333