Date,Temp
2014-1-1,27
2014-1-2,27.75
2014-1-3,27.16666667
2014-1-4,24.92
2014-1-5,26.95238095
2014-1-6,26.04
2014-1-7,25.5
2014-1-8,25.73076923
2014-1-9,24.78571429
2014-1-10,25.92307692
2014-1-11,24.54166667
2014-1-12,24.44
2014-1-13,25.31818182
2014-1-14,23.23076923
2014-1-15,24.88
2014-1-16,26.625
2014-1-17,26.53846154
2014-1-18,26.45833333
2014-1-19,26.04
2014-1-20,25.08
2014-1-21,24.56
2014-1-22,24.92592593
2014-1-23,24.41666667
2014-1-24,25.33333333
2014-1-25,25.53846154
2014-1-26,24.37931034
2014-1-27,26.04166667
2014-1-28,26.58333333
2014-1-29,24.8
2014-1-30,25.79166667
2014-1-31,25.04166667
2014-2-1,24.48148148
2014-2-2,26.375
2014-2-3,25.58333333
2014-2-4,23.20833333
2014-2-5,26.36
2014-2-6,26.38461538
2014-2-7,26.42307692
2014-2-8,26.45833333
2014-2-9,26.875
2014-2-10,26.45833333
2014-2-11,25.23076923
2014-2-12,25.75
2014-2-13,24.33333333
2014-2-14,25.69230769
2014-2-15,25.6
2014-2-16,25.22222222
2014-2-17,24.96
2014-2-18,24.96296296
2014-2-19,23.7037037
2014-2-20,24.48
2014-2-21,25.20833333
2014-2-22,24.27586207
2014-2-23,23.4137931
2014-2-24,24.45833333
2014-2-25,26.16666667
2014-2-26,26.08333333
2014-2-27,25.5
2014-2-28,25.73076923
2014-3-1,25.08333333
2014-3-2,26
2014-3-3,27.08333333
2014-3-4,27.28
2014-3-5,25.25
2014-3-6,26.95833333
2014-3-7,26.95833333
2014-3-8,27.16666667
2014-3-9,27.25
2014-3-10,27.30769231
2014-3-11,26.125
2014-3-12,26.875
2014-3-13,25.62068966
2014-3-14,26.56
2014-3-15,26.92
2014-3-16,26.125
2014-3-17,27.08333333
2014-3-18,27.08333333
2014-3-19,26.88
2014-3-20,26.03571429
2014-3-21,26.13043478
2014-3-22,25.68
2014-3-23,25
2014-3-24,25
2014-3-25,25.42307692
2014-3-26,25.62962963
2014-3-27,24.10714286
2014-3-28,25.46153846
2014-3-29,26.16666667
2014-3-30,23.22222222
2014-3-31,25.75
2014-4-1,25.61538462
2014-4-2,25.43333333
2014-4-3,26.55555556
2014-4-4,25.79166667
2014-4-5,26.52
2014-4-6,27.91666667
2014-4-7,28.16666667
2014-4-8,28.625
2014-4-9,26.7826087
2014-4-10,26.68
2014-4-11,26.375
2014-4-12,25.36
2014-4-13,25.85714286
2014-4-14,21.9
2014-4-15,21.88
2014-4-16,25.58333333
2014-4-17,25
2014-4-18,25.96
2014-4-19,26.79166667
2014-4-20,26.65384615
2014-4-21,26.82142857
2014-4-22,25.14285714
2014-4-23,23.08333333
2014-4-24,24.81481481
2014-4-25,25.5
2014-4-26,25.83333333
2014-4-27,26.29166667
2014-4-28,26.875
2014-4-29,27.16666667
2014-4-30,26.5
2014-5-1,25.70833333
2014-5-2,26.45833333
2014-5-3,26.79166667
2014-5-4,26.91666667
2014-5-5,27.45833333
2014-5-6,25.2
2014-5-7,23.37037037
2014-5-8,24.58333333
2014-5-9,24.53846154
2014-5-10,25.25
2014-5-11,25.16666667
2014-5-12,25.625
2014-5-13,26.25
2014-5-14,25.2
2014-5-15,26.04
2014-5-16,26.2
2014-5-17,23.52
2014-5-18,25.33333333
2014-5-19,25.30769231
2014-5-20,25.95833333
2014-5-21,27.25
2014-5-22,27.29166667
2014-5-23,21.07407407
2014-5-24,15.88
2014-5-25,17.92
2014-5-26,19.73076923
2014-5-27,19
2014-5-28,19.83333333
2014-5-29,22.25
2014-5-30,25.58333333
2014-5-31,25.25
2014-6-1,23.74074074
2014-6-2,21.75
2014-6-3,23.26086957
2014-6-4,26.125
2014-6-5,27.20833333
2014-6-6,27.16666667
2014-6-7,27.29166667
2014-6-8,27.16666667
2014-6-9,25.53846154
2014-6-10,26.36
2014-6-11,26.34615385
2014-6-12,26.76
2014-6-13,26.79166667
2014-6-14,24.95833333
2014-6-15,21.36
2014-6-16,22.32
2014-6-17,22.68
2014-6-18,24.75
2014-6-19,23.91666667
2014-6-20,21.41666667
2014-6-21,22.625
2014-6-22,25.75
2014-6-23,26.75
2014-6-24,25.375
2014-6-25,24.54166667
2014-6-26,25.58333333
2014-6-27,26.20833333
2014-6-28,19.34615385
2014-6-29,15.79166667
2014-6-30,18.54166667
2014-7-1,22.125
2014-7-2,24.08333333
2014-7-3,25.08333333
2014-7-4,25.69565217
2014-7-5,26.08333333
2014-7-6,26.33333333
2014-7-7,21.45833333
2014-7-8,20.125
2014-7-9,21
2014-7-10,19.76923077
2014-7-11,21.6
2014-7-12,23.58333333
2014-7-13,26.5
2014-7-14,25.29166667
2014-7-15,25.20833333
2014-7-16,26.83333333
2014-7-17,26.41666667
2014-7-18,23.08333333
2014-7-19,21.04166667
2014-7-20,22.625
2014-7-21,25.45833333
2014-7-22,26.91666667
2014-7-23,27.68
2014-7-24,19.37931034
2014-7-25,14.14814815
2014-7-26,17.08
2014-7-27,18.16
2014-7-28,20.73076923
2014-7-29,23.73913043
2014-7-30,25.66666667
2014-7-31,26.79166667
2014-8-1,25.11764706
2014-8-2,28
2014-8-3,26.20833333
2014-8-4,27
2014-8-5,26.5
2014-8-6,27.25
2014-8-7,28.125
2014-8-8,25.44444444
2014-8-9,22.14814815
2014-8-10,26.08333333
2014-8-11,28.58333333
2014-8-12,28.29166667
2014-8-13,25.81818182
2014-8-14,19.96
2014-8-15,23.83333333
2014-8-16,27.79166667
2014-8-17,28.25
2014-8-18,27.91666667
2014-8-19,28.20833333
2014-8-20,28.625
2014-8-21,29.16666667
2014-8-22,30.375
2014-8-23,29.58333333
2014-8-24,30.375
2014-8-25,30.5
2014-8-26,26.95833333
2014-8-27,22.91666667
2014-8-28,25.54166667
2014-8-29,28.25
2014-8-30,30.04166667
2014-8-31,30.33333333
2014-9-1,31.2
2014-9-2,31.04166667
2014-9-3,31.41666667
2014-9-4,25
2014-9-5,27.625
2014-9-6,30.54166667
2014-9-7,30.29166667
2014-9-8,30.58333333
2014-9-9,30.66666667
2014-9-10,30.16
2014-9-11,31.04166667
2014-9-12,31.08333333
2014-9-13,31.83333333
2014-9-14,31.20833333
2014-9-15,30.08333333
2014-9-16,26.5
2014-9-17,29.58333333
2014-9-18,30.08
2014-9-19,32.25
2014-9-20,29.38461538
2014-9-21,25.92
2014-9-22,28.625
2014-9-23,31.625
2014-9-24,29.2
2014-9-25,27.25
2014-9-26,29.58333333
2014-9-27,30.5
2014-9-28,30.20833333
2014-9-29,31.41666667
2014-9-30,32.54166667
2014-10-1,30.37037037
2014-10-2,29.33333333
2014-10-3,30.25
2014-10-4,29.20833333
2014-10-5,29.44
2014-10-6,30.5
2014-10-7,31.20833333
2014-10-8,31.16666667
2014-10-9,31.83333333
2014-10-10,32.20833333
2014-10-11,31.875
2014-10-12,32.45833333
2014-10-13,32.95833333
2014-10-14,31.34782609
2014-10-15,31.25
2014-10-16,32.41666667
2014-10-17,34.44
2014-10-18,32
2014-10-19,30.44
2014-10-20,26.47619048
2014-10-21,28.27272727
2014-10-22,29.82608696
2014-10-23,26.85714286
2014-10-24,28.61538462
2014-10-25,25.4
2014-10-26,26.41666667
2014-10-27,27.16666667
2014-10-28,27.70833333
2014-10-29,28.79166667
2014-10-30,28.91666667
2014-10-31,27.29166667
2014-11-1,27.95833333
2014-11-2,27.84210526
2014-11-3,28.58333333
2014-11-4,28.79166667
2014-11-5,28.83333333
2014-11-6,29.91666667
2014-11-7,32.29166667
2014-11-8,28.34615385
2014-11-9,28.625
2014-11-10,30.20833333
2014-11-11,31.04166667
2014-11-12,31
2014-11-13,25.47058824
2014-11-14,26.11538462
2014-11-15,28
2014-11-16,28.29166667
2014-11-17,29.375
2014-11-18,30.83333333
2014-11-19,29.52173913
2014-11-20,28.25
2014-11-21,29.15384615
2014-11-22,25.92592593
2014-11-23,25.17857143
2014-11-24,28.125
2014-11-25,26.76923077
2014-11-26,27.4
2014-11-27,26.34615385
2014-11-28,27
2014-11-29,27.8
2014-11-30,29.66666667
2014-12-1,27.32
2014-12-2,25.40740741
2014-12-3,24.96428571
2014-12-4,25.84615385
2014-12-5,26.73076923
2014-12-6,24.54166667
2014-12-7,26.08333333
2014-12-8,26.44
2014-12-9,25.75
2014-12-10,26.625
2014-12-11,26.96
2014-12-12,24.80769231
2014-12-13,25.75
2014-12-14,26.33333333
2014-12-15,27.875
2014-12-16,28.125
2014-12-17,27.79166667
2014-12-18,26.80769231
2014-12-19,25.96
2014-12-20,27.625
2014-12-21,27.96153846
2014-12-22,24.34482759
2014-12-23,25.24
2014-12-24,25.29166667
2014-12-25,26.41666667
2014-12-26,26.17241379
2014-12-27,26.65384615
2014-12-28,29.91666667
2014-12-29,29.75
2014-12-30,29.08333333
2014-12-31,29.5
2015-1-1,28.5
2015-1-2,29.57692308
2015-1-3,26.19230769
2015-1-4,27.5
2015-1-5,28.11538462
2015-1-6,29.29166667
2015-1-7,26.73076923
2015-1-8,27.75
2015-1-9,26.48275862
2015-1-10,27.625
2015-1-11,29.2173913
2015-1-12,25.15384615
2015-1-13,25.67857143
2015-1-14,26.11538462
2015-1-15,25.70833333
2015-1-16,26.08333333
2015-1-17,25.73076923
2015-1-18,25.5
2015-1-19,27.66666667
2015-1-20,25.92592593
2015-1-21,24.95833333
2015-1-22,26.91666667
2015-1-23,25.88461538
2015-1-24,25.70833333
2015-1-25,26.75
2015-1-26,27.04166667
2015-1-27,25.36
2015-1-28,25.88
2015-1-29,26.875
2015-1-30,29.76
2015-1-31,28.66666667
2015-2-1,26.18518519
2015-2-2,27.79166667
2015-2-3,29.29166667
2015-2-4,28.04
2015-2-5,26.7037037
2015-2-6,25.67857143
2015-2-7,26.375
2015-2-8,26.91666667
2015-2-9,25.70833333
2015-2-10,27.44
2015-2-11,25.55555556
2015-2-12,27
2015-2-13,27.54166667
2015-2-14,27.04166667
2015-2-15,26.24
2015-2-16,28.08333333
2015-2-17,26.83333333
2015-2-18,25.68
2015-2-19,25.53571429
2015-2-20,24.6
2015-2-21,24.84615385
2015-2-22,25.84
2015-2-23,24.25
2015-2-24,24.33333333
2015-2-25,26.70833333
2015-2-26,26.53571429
2015-2-27,25.92
2015-2-28,26.42307692
2015-3-1,26.08
2015-3-2,25.48148148
2015-3-3,27.30434783
2015-3-4,26.52173913
2015-3-5,26.27272727
2015-3-6,26.04
2015-3-7,25.88
2015-3-8,27.16666667
2015-3-9,28
2015-3-10,27
2015-3-11,27.45833333
2015-3-12,26.83333333
2015-3-13,26.83333333
2015-3-14,27.29166667
2015-3-15,25.96428571
2015-3-16,26.75
2015-3-17,27.24
2015-3-18,25.8
2015-3-19,27.125
2015-3-20,26.33333333
2015-3-21,25.52173913
2015-3-22,26.625
2015-3-23,26.04166667
2015-3-24,26
2015-3-25,26.28
2015-3-26,25.79166667
2015-3-27,25.66666667
2015-3-28,25.9
2015-3-29,26.04
2015-3-30,26.875
2015-3-31,26.92307692
2015-4-1,26.24
2015-4-2,26.66666667
2015-4-3,26.03846154
2015-4-4,26.16
2015-4-5,26.83333333
2015-4-6,25.89655172
2015-4-7,26.20833333
2015-4-8,26.08333333
2015-4-9,26.33333333
2015-4-10,26.70833333
2015-4-11,24.25925926
2015-4-12,26.75
2015-4-13,25.79166667
2015-4-14,27.04166667
2015-4-15,27.83333333
2015-4-16,26.71428571
2015-4-17,25.43478261
2015-4-18,26.875
2015-4-19,27.25
2015-4-20,27.83333333
2015-4-21,26.53846154
2015-4-22,26.35714286
2015-4-23,25.46153846
2015-4-24,26.42307692
2015-4-25,27.16
2015-4-26,26.875
2015-4-27,25.83333333
2015-4-28,27.125
2015-4-29,27.625
2015-4-30,26.375
2015-5-1,26.95833333
2015-5-2,24.46666667
2015-5-3,26.8
2015-5-4,25.38461538
2015-5-5,24.92307692
2015-5-6,25.53846154
2015-5-7,25.84615385
2015-5-8,25.83333333
2015-5-9,26.95833333
2015-5-10,26.875
2015-5-11,24.08
2015-5-12,23.07692308
2015-5-13,23.79166667
2015-5-14,24.58333333
2015-5-15,25.25
2015-5-16,24.72
2015-5-17,25.32
2015-5-18,27
2015-5-19,24.64285714
2015-5-20,25.2
2015-5-21,26.125
2015-5-22,26.66666667
2015-5-23,27.54166667
2015-5-24,27.25
2015-5-25,27.83333333
2015-5-26,27.54166667
2015-5-27,26.95833333
2015-5-28,23.92592593
2015-5-29,23.4
2015-5-30,25.625
2015-5-31,25.03703704
2015-6-1,24.68
2015-6-2,24.46428571
2015-6-3,25.44
2015-6-4,26.75
2015-6-5,26.41666667
2015-6-6,25.41666667
2015-6-7,25.625
2015-6-8,26
2015-6-9,26.41666667
2015-6-10,26.95833333
2015-6-11,25.95833333
2015-6-12,26.45833333
2015-6-13,26.33333333
2015-6-14,26.25
2015-6-15,25.54166667
2015-6-16,22.69230769
2015-6-17,25.83333333
2015-6-18,24.36
2015-6-19,18.26923077
2015-6-20,19.76
2015-6-21,23.58333333
2015-6-22,25.29166667
2015-6-23,25.04166667
2015-6-24,24.29166667
2015-6-25,24.45833333
2015-6-26,24.79166667
2015-6-27,25.875
2015-6-28,26.26086957
2015-6-29,25.16666667
2015-6-30,26.16666667
2015-7-1,26.25
2015-7-2,26.875
2015-7-3,27.08333333
2015-7-4,21.69230769
2015-7-5,16.8
2015-7-6,21.16666667
2015-7-7,22.36666667
2015-7-8,20.65517241
2015-7-9,23.54166667
2015-7-10,26.41666667
2015-7-11,27.29166667
2015-7-12,27.91666667
2015-7-13,27.83333333
2015-7-14,28.16666667
2015-7-15,25.08
2015-7-16,23.15384615
2015-7-17,23.21428571
2015-7-18,24.25
2015-7-19,25.70833333
2015-7-20,26.16666667
2015-7-21,22.07142857
2015-7-22,20.375
2015-7-23,23.125
2015-7-24,24.04166667
2015-7-25,22.37037037
2015-7-26,24.28
2015-7-27,25.875
2015-7-28,26.375
2015-7-29,26.875
2015-7-30,28.66666667
2015-7-31,28.5
2015-8-1,26.875
2015-8-2,26.125
2015-8-3,26.54166667
2015-8-4,27.45833333
2015-8-5,27.75
2015-8-6,28.25
2015-8-7,29.16666667
2015-8-8,29.625
2015-8-9,28.875
2015-8-10,28.26086957
2015-8-11,28.25
2015-8-12,28.08333333
2015-8-13,27.33333333
2015-8-14,26.91666667
2015-8-15,27.29166667
2015-8-16,26.91666667
2015-8-17,28.47826087
2015-8-18,29.04166667
2015-8-19,26.58333333
2015-8-20,26.95833333
2015-8-21,28.83333333
2015-8-22,29.54166667
2015-8-23,30.45833333
2015-8-24,29.45833333
2015-8-25,28.45833333
2015-8-26,30.66666667
2015-8-27,29.16666667
2015-8-28,26.56
2015-8-29,28.54166667
2015-8-30,31.33333333
2015-8-31,32.04166667
2015-9-1,32.29166667
2015-9-2,31.58333333
2015-9-3,31.25
2015-9-4,30.75
2015-9-5,29.5
2015-9-6,29.625
2015-9-7,30.88
2015-9-8,30.95833333
2015-9-9,26.14285714
2015-9-10,29.45833333
2015-9-11,30.29166667
2015-9-12,20.48148148
2015-9-13,19.875
2015-9-14,25
2015-9-15,30.29166667
2015-9-16,32.95833333
2015-9-17,33
2015-9-18,32.54166667
2015-9-19,33.20833333
2015-9-20,33.125
2015-9-21,31.875
2015-9-22,32.16666667
2015-9-23,32.16666667
2015-9-24,33.5
2015-9-25,32.6
2015-9-26,27.32
2015-9-27,27.91666667
2015-9-28,28.4
2015-9-29,28.2
2015-9-30,28.54166667
2015-10-1,28.66666667
2015-10-2,31.29166667
2015-10-3,28.24
2015-10-4,26.4
2015-10-5,28.14814815
2015-10-6,32.75
2015-10-7,30.16666667
2015-10-8,32.29166667
2015-10-9,32.08
2015-10-10,24
2015-10-11,21.25
2015-10-12,20.11538462
2015-10-13,23.66666667
2015-10-14,30.54166667
2015-10-15,32.125
2015-10-16,32.28571429
2015-10-17,31.95652174
2015-10-18,30.07692308
2015-10-19,32.41666667
2015-10-20,32.52
2015-10-21,33.45833333
2015-10-22,33.54166667
2015-10-23,31.84
2015-10-24,29.72
2015-10-25,28.68
2015-10-26,29.45833333
2015-10-27,28.07692308
2015-10-28,25.69230769
2015-10-29,28.41666667
2015-10-30,28.84
2015-10-31,27.08
2015-11-1,28.68421053
2015-11-2,25.72
2015-11-3,27.6
2015-11-4,27.57692308
2015-11-5,26
2015-11-6,26.375
2015-11-7,27.58333333
2015-11-8,29.70833333
2015-11-9,27.91666667
2015-11-10,28.89285714
2015-11-11,31.16666667
2015-11-12,31.2
2015-11-13,30.91666667
2015-11-14,29.53846154
2015-11-15,28.91666667
2015-11-16,29.66666667
2015-11-17,28.56521739
2015-11-18,30.52173913
2015-11-19,31.66666667
2015-11-20,30.6
2015-11-21,25
2015-11-22,28.84
2015-11-23,30.375
2015-11-24,28.66666667
2015-11-25,31.20833333
2015-11-26,27.2173913
2015-11-27,30.20833333
2015-11-28,27.92592593
2015-11-29,26.96296296
2015-11-30,25.64285714
2015-12-1,27.72
2015-12-2,28.33333333
2015-12-3,28.52173913
2015-12-4,29.16666667
2015-12-5,30.18181818
2015-12-6,25.38461538
2015-12-7,27.40909091
2015-12-8,28.79166667
2015-12-9,27.57692308
2015-12-10,25.82608696
2015-12-11,28.58333333
2015-12-12,30.58333333
2015-12-13,30.58333333
2015-12-14,30.75
2015-12-15,30
2015-12-16,28.03846154
2015-12-17,27.95833333
2015-12-18,29.91666667
2015-12-19,29.375
2015-12-20,27.64
2015-12-21,27.15384615
2015-12-22,27.66666667
2015-12-23,29.29166667
2015-12-24,30.66666667
2015-12-25,29.08
2015-12-26,28.58333333
2015-12-27,28.16666667
2015-12-28,30.13043478
2015-12-29,27.96
2015-12-30,26.68
2015-12-31,28.44
2016-1-1,27.04
2016-1-2,27.56
2016-1-3,26.15384615
2016-1-4,27.875
2016-1-5,26.84
2016-1-6,25.30769231
2016-1-7,25.44
2016-1-8,26.2173913
2016-1-9,26.4
2016-1-10,26.15384615
2016-1-11,27.41666667
2016-1-12,27.95833333
2016-1-13,27.79166667
2016-1-14,25.32
2016-1-15,26.125
2016-1-16,26.04
2016-1-17,26.76
2016-1-18,27.33333333
2016-1-19,26.81481481
2016-1-20,28.41666667
2016-1-21,29.58333333
2016-1-22,29.04166667
2016-1-23,28.65217391
2016-1-24,28.83333333
2016-1-25,30.54166667
2016-1-26,29.6
2016-1-27,24.92592593
2016-1-28,26.16
2016-1-29,25.5
2016-1-30,24.69565217
2016-1-31,26.08333333
2016-2-1,27.52
2016-2-2,28
2016-2-3,28.83333333
2016-2-4,29.16666667
2016-2-5,28
2016-2-6,27.07142857
2016-2-7,27.375
2016-2-8,29.125
2016-2-9,26.96
2016-2-10,27.08333333
2016-2-11,29.20833333
2016-2-12,29.125
2016-2-13,29.41666667
2016-2-14,27.58333333
2016-2-15,26.03846154
2016-2-16,27.875
2016-2-17,28.875
2016-2-18,28.88
2016-2-19,28.70833333
2016-2-20,28.44
2016-2-21,27.95652174
2016-2-22,28.5
2016-2-23,27.04
2016-2-24,25.81481481
2016-2-25,28.125
2016-2-26,27.11538462
2016-2-27,29.33333333
2016-2-28,29.29166667
2016-2-29,26.32142857
2016-3-1,28.25
2016-3-2,26.03703704
2016-3-3,26.92
2016-3-4,29.08333333
2016-3-5,27
2016-3-6,27.625
2016-3-7,26.74074074
2016-3-8,27.20833333
2016-3-9,26.58333333
2016-3-10,26.32
2016-3-11,26.20833333
2016-3-12,26.41666667
2016-3-13,27.25
2016-3-14,27
2016-3-15,27.36
2016-3-16,27.17391304
2016-3-17,28.125
2016-3-18,29.2
2016-3-19,26.12
2016-3-20,25.91666667
2016-3-21,28.45833333
2016-3-22,28.24
2016-3-23,27.8
2016-3-24,27.54166667
2016-3-25,25.2
2016-3-26,24.89285714
2016-3-27,26.54166667
2016-3-28,27.33333333
2016-3-29,26.80769231
2016-3-30,26.625
2016-3-31,27.79166667
2016-4-1,30.04166667
2016-4-2,29.54166667
2016-4-3,27.32
2016-4-4,28.52173913
2016-4-5,28.04166667
2016-4-6,29.20833333
2016-4-7,29.58333333
2016-4-8,30.41666667
2016-4-9,28.29166667
2016-4-10,28.125
2016-4-11,28.20833333
2016-4-12,27.08333333
2016-4-13,27.25
2016-4-14,26.48148148
2016-4-15,26.19230769
2016-4-16,29
2016-4-17,29.73913043
2016-4-18,30.04347826
2016-4-19,29.33333333
2016-4-20,29.20833333
2016-4-21,29.91666667
2016-4-22,30.125
2016-4-23,29.21428571
2016-4-24,29.45833333
2016-4-25,29.04166667
2016-4-26,23.53571429
2016-4-27,15.5862069
2016-4-28,16.83333333
2016-4-29,19.66666667
2016-4-30,20.29166667
2016-5-1,20.75
2016-5-2,23.54166667
2016-5-3,25.95833333
2016-5-4,26.08333333
2016-5-5,27
2016-5-6,28.41666667
2016-5-7,28
2016-5-8,27
2016-5-9,27
2016-5-10,26.83333333
2016-5-11,26.88461538
2016-5-12,26.875
2016-5-13,25.92
2016-5-14,26.48
2016-5-15,28.83333333
2016-5-16,27.82608696
2016-5-17,23.76
2016-5-18,21.76
2016-5-19,21.24
2016-5-20,24.5
2016-5-21,24.84615385
2016-5-22,22.14814815
2016-5-23,20.91304348
2016-5-24,22.34782609
2016-5-25,24.5
2016-5-26,26.83333333
2016-5-27,25.95833333
2016-5-28,23.45833333
2016-5-29,20.68
2016-5-30,23.95833333
2016-5-31,26.16666667
2016-6-1,27
2016-6-2,27.79166667
2016-6-3,24.82142857
2016-6-4,25.33333333
2016-6-5,27.83333333
2016-6-6,27.33333333
2016-6-7,22.64
2016-6-8,19.81481481
2016-6-9,20.625
2016-6-10,20.79166667
2016-6-11,19.86363636
2016-6-12,18.33333333
2016-6-13,19.29166667
2016-6-14,21.79166667
2016-6-15,24.29166667
2016-6-16,26
2016-6-17,25.66666667
2016-6-18,23
2016-6-19,21.08
2016-6-20,20.45833333
2016-6-21,20.2962963
2016-6-22,19.9047619
2016-6-23,22
2016-6-24,24.83333333
2016-6-25,26.25
2016-6-26,25.58333333
2016-6-27,21.6
2016-6-28,17.92
2016-6-29,19.82142857
2016-6-30,24.20833333
2016-7-1,25.33333333
2016-7-2,25.5
2016-7-3,25.58333333
2016-7-4,25.7826087
2016-7-5,25.45833333
2016-7-6,23.20833333
2016-7-7,20.11538462
2016-7-8,23.95833333
2016-7-9,26.70833333
2016-7-10,27.58333333
2016-7-11,27.29166667
2016-7-12,27.65217391
2016-7-13,27.95833333
2016-7-14,23
2016-7-15,
2016-7-16,
2016-7-17,
2016-7-18,
2016-7-19,
2016-7-20,
2016-7-21,
2016-7-22,
2016-7-23,
2016-7-24,
2016-7-25,
2016-7-26,
2016-7-27,
2016-7-28,
2016-7-29,
2016-7-30,
2016-7-31,
2016-8-1,
2016-8-2,
2016-8-3,
2016-8-4,
2016-8-5,
2016-8-6,
2016-8-7,
2016-8-8,
2016-8-9,
2016-8-10,
2016-8-11,
2016-8-12,
2016-8-13,
2016-8-14,
2016-8-15,
2016-8-16,
2016-8-17,
2016-8-18,
2016-8-19,
2016-8-20,
2016-8-21,
2016-8-22,23.5
2016-8-23,20.625
2016-8-24,25.625
2016-8-25,28.47826087
2016-8-26,29.65217391
2016-8-27,30.25
2016-8-28,25.79166667
2016-8-29,22.70967742
2016-8-30,17.07142857
2016-8-31,18.03571429
2016-9-1,24.29166667
2016-9-2,26.45833333
2016-9-3,21.13333333
2016-9-4,13.82758621
2016-9-5,14.28125
2016-9-6,14.4
2016-9-7,19.79166667
2016-9-8,23.16666667
2016-9-9,26.33333333
2016-9-10,30.16666667
2016-9-11,30.45833333
2016-9-12,31.625
2016-9-13,30.375
2016-9-14,29.20833333
2016-9-15,26
2016-9-16,28
2016-9-17,30.20833333
2016-9-18,31.75
2016-9-19,24.28571429
2016-9-20,25.16666667
2016-9-21,27.20833333
2016-9-22,28.79166667
2016-9-23,28.70833333
2016-9-24,26.45833333
2016-9-25,26.83333333
2016-9-26,27.54166667
2016-9-27,28.5
2016-9-28,30.54166667
2016-9-29,31.45833333
2016-9-30,30.80952381
2016-10-1,30.16666667
2016-10-2,30.45833333
2016-10-3,30.9
2016-10-4,26.625
2016-10-5,25.86363636
2016-10-6,22.8
2016-10-7,23.83333333
2016-10-8,26.63636364
2016-10-9,29.39130435
2016-10-10,30.20833333
2016-10-11,28.04347826
2016-10-12,26.12
2016-10-13,28.33333333
2016-10-14,28.88461538
2016-10-15,27.83333333
2016-10-16,30.66666667
2016-10-17,31.13043478
2016-10-18,31.16666667
2016-10-19,32.04166667
2016-10-20,26.70833333
2016-10-21,26.91666667
2016-10-22,26.95454545
2016-10-23,28.86956522
2016-10-24,26.46428571
2016-10-25,29.04166667
2016-10-26,27.80769231
2016-10-27,23.85714286
2016-10-28,24
2016-10-29,25.04166667
2016-10-30,28.375
2016-10-31,29.16666667
2016-11-1,27.95833333
2016-11-2,26.88
2016-11-3,23.125
2016-11-4,23.96
2016-11-5,27
2016-11-6,27.96153846
2016-11-7,28.58333333
2016-11-8,28.6
2016-11-9,27.25
2016-11-10,26.56521739
2016-11-11,25.84
2016-11-12,24.05882353
2016-11-13,25.32142857
2016-11-14,28.375
2016-11-15,31
2016-11-16,27.60869565
2016-11-17,26.5
2016-11-18,25.70833333
2016-11-19,24.79166667
2016-11-20,27.60869565
2016-11-21,24.54166667
2016-11-22,26.13043478
2016-11-23,26.65384615
2016-11-24,27.56521739
2016-11-25,28.57142857
2016-11-26,27.80769231
2016-11-27,25.91304348
2016-11-28,27.43478261
2016-11-29,28.5
2016-11-30,27.36
2016-12-1,26.19230769
2016-12-2,27.70833333
2016-12-3,27.625
2016-12-4,28.5
2016-12-5,28.86956522
2016-12-6,28.81818182
2016-12-7,28.125
2016-12-8,27.25
2016-12-9,27.08695652
2016-12-10,27.47826087
2016-12-11,27.43478261
2016-12-12,29.43478261
2016-12-13,28.2
2016-12-14,23.93333333
2016-12-15,25.28
2016-12-16,25.37931034
2016-12-17,24.09375
2016-12-18,25.77272727
2016-12-19,26.70833333
2016-12-20,27.58333333
2016-12-21,25.79166667
2016-12-22,24.65217391
2016-12-23,26.375
2016-12-24,26.79166667
2016-12-25,25
2016-12-26,25.80769231
2016-12-27,26.29166667
2016-12-28,26.84
2016-12-29,26.8
2016-12-30,27.25
2016-12-31,27.17391304
2017-1-1,26.5
2017-1-2,27.25
2017-1-3,28.58333333
2017-1-4,29.08333333
2017-1-5,29
2017-1-6,26.76923077
2017-1-7,27.52
2017-1-8,26.875
2017-1-9,27.43478261
2017-1-10,29.45833333
2017-1-11,29.45833333
2017-1-12,27.625
2017-1-13,27.17391304
2017-1-14,27.65217391
2017-1-15,26.95833333
2017-1-16,26.91666667
2017-1-17,27.16666667
2017-1-18,26.27272727
2017-1-19,26.04166667
2017-1-20,25.82608696
2017-1-21,24.59259259
2017-1-22,24.75862069
2017-1-23,26.79166667
2017-1-24,28.04347826
2017-1-25,26.32
2017-1-26,25
2017-1-27,25.64
2017-1-28,24.84615385
2017-1-29,25.22222222
2017-1-30,27.08333333
2017-1-31,26.58333333
2017-2-1,27.60869565
2017-2-2,25.5
2017-2-3,26.5
2017-2-4,27.26086957
2017-2-5,26.42307692
2017-2-6,26.9047619
2017-2-7,24.90909091
2017-2-8,26.875
2017-2-9,27.59090909
2017-2-10,27.25
2017-2-11,25.96153846
2017-2-12,25.04
2017-2-13,25.91304348
2017-2-14,25.14285714
2017-2-15,26.04347826
2017-2-16,26.7826087
2017-2-17,26.5
2017-2-18,27.52173913
2017-2-19,26.95833333
2017-2-20,27.30769231
2017-2-21,26.5
2017-2-22,27.95652174
2017-2-23,28.70833333
2017-2-24,28.45833333
2017-2-25,26
2017-2-26,26.83333333
2017-2-27,25
2017-2-28,26.2173913
2017-3-1,25.64
2017-3-2,26.23076923
2017-3-3,26.73913043
2017-3-4,28.04347826
2017-3-5,27.65384615
2017-3-6,26.45833333
2017-3-7,26
2017-3-8,28.45833333
2017-3-9,29.16666667
2017-3-10,28.58333333
2017-3-11,27.96153846
2017-3-12,27.73913043
2017-3-13,27.33333333
2017-3-14,27.63636364
2017-3-15,27.56521739
2017-3-16,27.6
2017-3-17,25.70833333
2017-3-18,24.37037037
2017-3-19,25.2962963
2017-3-20,26.625
2017-3-21,26.04347826
2017-3-22,27.39130435
2017-3-23,27.875
2017-3-24,28.79166667
2017-3-25,27.14814815
2017-3-26,27.08333333
2017-3-27,27.45833333
2017-3-28,26.26923077
2017-3-29,25.72727273
2017-3-30,26.79166667
2017-3-31,24.88461538
2017-4-1,26.58333333
2017-4-2,28.58333333
2017-4-3,28.20833333
2017-4-4,27.86956522
2017-4-5,26.91304348
2017-4-6,27.6
2017-4-7,27.6
2017-4-8,28.08333333
2017-4-9,29.08333333
2017-4-10,27.95833333
2017-4-11,27.68
2017-4-12,27.30434783
2017-4-13,27.125
2017-4-14,26.04166667
2017-4-15,28
2017-4-16,27.69565217
2017-4-17,25.21428571
2017-4-18,25.5
2017-4-19,26.03703704
2017-4-20,25.16
2017-4-21,24.19230769
2017-4-22,26.23076923
2017-4-23,26.41666667
2017-4-24,26.7826087
2017-4-25,28.47826087
2017-4-26,27.29166667
2017-4-27,21.59375
2017-4-28,22.20833333
2017-4-29,24.79166667
2017-4-30,26.66666667
2017-5-1,26.58333333
2017-5-2,27.79166667
2017-5-3,27.625
2017-5-4,27.33333333
2017-5-5,26.83333333
2017-5-6,27.63636364
2017-5-7,28.29166667
2017-5-8,28.5
2017-5-9,28.625
2017-5-10,26.68
2017-5-11,25.7037037
2017-5-12,27.19230769
2017-5-13,27.70833333
2017-5-14,28.66666667
2017-5-15,28.54166667
2017-5-16,27.13636364
2017-5-17,26.5
2017-5-18,28.04166667
2017-5-19,27.69565217
2017-5-20,26.34782609
2017-5-21,25.96
2017-5-22,24.92307692
2017-5-23,26.12
2017-5-24,27.95833333
2017-5-25,28.45833333
2017-5-26,27.69565217
2017-5-27,27.70833333
2017-5-28,24.14814815
2017-5-29,22.60714286
2017-5-30,23.75
2017-5-31,23.08
2017-6-1,20.125
2017-6-2,19.95833333
2017-6-3,24.45833333
2017-6-4,27.625
2017-6-5,28.20833333
2017-6-6,28
2017-6-7,27.54166667
2017-6-8,26.66666667
2017-6-9,21.92
2017-6-10,17.53846154
2017-6-11,21.41666667
2017-6-12,25.56521739
2017-6-13,26.375
2017-6-14,27.08333333
2017-6-15,27.70833333
2017-6-16,27.91666667
2017-6-17,26.5
2017-6-18,25.625
2017-6-19,20.28
2017-6-20,15.52
2017-6-21,19.56
2017-6-22,24.16666667
2017-6-23,24.875
2017-6-24,25.34782609
2017-6-25,25.45833333
2017-6-26,26.08695652
2017-6-27,24.29166667
2017-6-28,23.65217391
2017-6-29,24.13043478
2017-6-30,25.5
2017-7-1,25.13043478
2017-7-2,24.625
2017-7-3,24.5
2017-7-4,24.25
2017-7-5,25.70833333
2017-7-6,25.39130435
2017-7-7,24.04166667
2017-7-8,24.54166667
2017-7-9,25.08333333
2017-7-10,25.91666667
2017-7-11,25.125
2017-7-12,24.91666667
2017-7-13,24.95833333
2017-7-14,25.58333333
2017-7-15,25.66666667
2017-7-16,25.66666667
2017-7-17,16.17241379
2017-7-18,12.84
2017-7-19,15.125
2017-7-20,19.20833333
2017-7-21,22.83333333
2017-7-22,24.125
2017-7-23,25.375
2017-7-24,26.45833333
2017-7-25,26.43478261
2017-7-26,25.20833333
2017-7-27,24.875
2017-7-28,24.5
2017-7-29,25.33333333
2017-7-30,24.79166667
2017-7-31,26.25
2017-8-1,25.91666667
2017-8-2,26.58333333
2017-8-3,22.375
2017-8-4,22.20833333
2017-8-5,24.29166667
2017-8-6,26.45833333
2017-8-7,27.875
2017-8-8,28.58333333
2017-8-9,29.125
2017-8-10,29.125
2017-8-11,29.58333333
2017-8-12,30.30434783
2017-8-13,27.96551724
2017-8-14,25.32
2017-8-15,28.375
2017-8-16,28.41666667
2017-8-17,27.13043478
2017-8-18,26.75
2017-8-19,29.95652174
2017-8-20,27.58333333
2017-8-21,23
2017-8-22,23.95833333
2017-8-23,28.41666667
2017-8-24,29.91666667
2017-8-25,29.625
2017-8-26,29.70833333
2017-8-27,29.26086957
2017-8-28,30.5
2017-8-29,32
2017-8-30,32.66666667
2017-8-31,28.875
2017-9-1,29.41666667
2017-9-2,30.70833333
2017-9-3,30.125
2017-9-4,30.5
2017-9-5,30
2017-9-6,27.56
2017-9-7,28.75
2017-9-8,30.375
2017-9-9,31.58333333
2017-9-10,32.375
2017-9-11,30.61538462
2017-9-12,29.125
2017-9-13,32
2017-9-14,32.08333333
2017-9-15,30.79166667
2017-9-16,25.52
2017-9-17,22.54166667
2017-9-18,27.54545455
2017-9-19,30.79166667
2017-9-20,29.95238095
2017-9-21,32.08333333
2017-9-22,29.29166667
2017-9-23,29.56
2017-9-24,30.29166667
2017-9-25,32.79166667
2017-9-26,28.91666667
2017-9-27,28.73913043
2017-9-28,27.20833333
2017-9-29,24.79166667
2017-9-30,26.30769231
2017-10-1,29.76
2017-10-2,25.2173913
2017-10-3,22.6
2017-10-4,25
2017-10-5,29.25
2017-10-6,32.08333333
2017-10-7,28.33333333
2017-10-8,29.65217391
2017-10-9,28.65384615
2017-10-10,29.79166667
2017-10-11,32.125
2017-10-12,32.45833333
2017-10-13,29.83333333
2017-10-14,22.03846154
2017-10-15,25.33333333
2017-10-16,29.66666667
2017-10-17,32
2017-10-18,31.91666667
2017-10-19,33
2017-10-20,25.69230769
2017-10-21,26.69230769
2017-10-22,24.32
2017-10-23,24.64
2017-10-24,26.91666667
2017-10-25,29.16
2017-10-26,29.91666667
2017-10-27,28.56
2017-10-28,27.65384615
2017-10-29,26.08333333
2017-10-30,28.79166667
2017-10-31,27.32
2017-11-1,27.08333333
2017-11-2,29.54166667
2017-11-3,30.08333333
2017-11-4,29.70833333
2017-11-5,28.83333333
2017-11-6,28.04166667
2017-11-7,28.16666667
2017-11-8,28.66666667
2017-11-9,28.04166667
2017-11-10,28.11111111
2017-11-11,25.76923077
2017-11-12,27.45833333
2017-11-13,28.625
2017-11-14,30.375
2017-11-15,31.70833333
2017-11-16,30.08333333
2017-11-17,25.92
2017-11-18,26.29166667
2017-11-19,26.36
2017-11-20,27.25
2017-11-21,26.83333333
2017-11-22,26.43478261
2017-11-23,27.92307692
2017-11-24,28.95833333
2017-11-25,30.33333333
2017-11-26,28.33333333
2017-11-27,29.125
2017-11-28,25.30769231
2017-11-29,27.25
2017-11-30,28.96
2017-12-1,25.6
2017-12-2,24.85714286
2017-12-3,26.69565217
2017-12-4,26.77777778
2017-12-5,26.375
2017-12-6,26.88
2017-12-7,26.28
2017-12-8,26.32
2017-12-9,25.16
2017-12-10,25.17241379
2017-12-11,26.16666667
2017-12-12,27.04166667
2017-12-13,27.70833333
2017-12-14,28.125
2017-12-15,26.25925926
2017-12-16,28.41666667
2017-12-17,28.45833333
2017-12-18,27.91666667
2017-12-19,28.08
2017-12-20,28.41666667
2017-12-21,28.16666667
2017-12-22,26.47826087
2017-12-23,26.56
2017-12-24,27.56521739
2017-12-25,27.45833333
2017-12-26,27.125
2017-12-27,28.29166667
2017-12-28,28.25
2017-12-29,27.08333333
2017-12-30,27.79166667
2017-12-31,28.54166667
2018-1-1,27.66666667
2018-1-2,28.12
2018-1-3,25.30769231
2018-1-4,26.84
2018-1-5,26.79166667
2018-1-6,26.08
2018-1-7,24.03846154
2018-1-8,25.54166667
2018-1-9,25.8
2018-1-10,26.875
2018-1-11,25.88461538
2018-1-12,25.03846154
2018-1-13,26
2018-1-14,26.34615385
2018-1-15,25.625
2018-1-16,26.75
2018-1-17,26.68
2018-1-18,26.56
2018-1-19,26.91666667
2018-1-20,29.52173913
2018-1-21,29.66666667
2018-1-22,29.875
2018-1-23,29.04
2018-1-24,29.66666667
2018-1-25,28.29166667
2018-1-26,27.125
2018-1-27,25.9
2018-1-28,27
2018-1-29,26.70833333
2018-1-30,26.625
2018-1-31,27.45833333
2018-2-1,26.14285714
2018-2-2,26.88
2018-2-3,27.24
2018-2-4,28.875
2018-2-5,28.5
2018-2-6,28.08
2018-2-7,28.58333333
2018-2-8,28.36
2018-2-9,27.95652174
2018-2-10,27.375
2018-2-11,25.25925926
2018-2-12,26.33333333
2018-2-13,26.46153846
2018-2-14,26.30769231
2018-2-15,27.38461538
2018-2-16,27.45833333
2018-2-17,27.28
2018-2-18,25.84615385
2018-2-19,26.54166667
2018-2-20,27
2018-2-21,25.58333333
2018-2-22,25.20689655
2018-2-23,25.24137931
2018-2-24,25.24
2018-2-25,26.79166667
2018-2-26,25.78571429
2018-2-27,27.54166667
2018-2-28,28.45833333
2018-3-1,29
2018-3-2,28.91304348
2018-3-3,29.69565217
2018-3-4,29.25
2018-3-5,28.57142857
2018-3-6,27.45833333
2018-3-7,27.41666667
2018-3-8,27.125
2018-3-9,28.875
2018-3-10,26.79166667
2018-3-11,27.20833333
2018-3-12,28.58333333
2018-3-13,28.875
2018-3-14,28.36
2018-3-15,27.41666667
2018-3-16,29.08333333
2018-3-17,29.25
2018-3-18,28.04347826
2018-3-19,26.5
2018-3-20,27.5
2018-3-21,27.11538462
2018-3-22,28.16666667
2018-3-23,26.88461538
2018-3-24,26.83333333
2018-3-25,25.42307692
2018-3-26,25.13793103
2018-3-27,24.65517241
2018-3-28,25.38461538
2018-3-29,25.44
2018-3-30,25.33333333
2018-3-31,25.125
2018-4-1,25.57692308
2018-4-2,25.33333333
2018-4-3,25.72
2018-4-4,25.59259259
2018-4-5,26.73913043
2018-4-6,27.56521739
2018-4-7,27.41666667
2018-4-8,26.88461538
2018-4-9,28.04166667
2018-4-10,27.625
2018-4-11,27.58333333
2018-4-12,26.29166667
2018-4-13,26.2173913
2018-4-14,24.91666667
2018-4-15,24.51851852
2018-4-16,24.66666667
2018-4-17,23.71428571
2018-4-18,24.79166667
2018-4-19,24.2173913
2018-4-20,25.44444444
2018-4-21,26.56
2018-4-22,27.125
2018-4-23,27
2018-4-24,27.20833333
2018-4-25,27.04166667
2018-4-26,27.875
2018-4-27,28.16666667
2018-4-28,27.66666667
2018-4-29,27.70833333
2018-4-30,27.47826087
2018-5-1,27.25
2018-5-2,27.29166667
2018-5-3,27.95833333
2018-5-4,27.83333333
2018-5-5,25.41666667
2018-5-6,26.16
2018-5-7,27.88888889
2018-5-8,27.875
2018-5-9,27.95833333
2018-5-10,27.79166667
2018-5-11,27.5
2018-5-12,24
2018-5-13,23.96153846
2018-5-14,26.875
2018-5-15,27.91666667
2018-5-16,25.57692308
2018-5-17,23.80769231
2018-5-18,26
2018-5-19,23.66666667
2018-5-20,19.43478261
2018-5-21,18.625
2018-5-22,21.08333333
2018-5-23,21.54166667
2018-5-24,23.16666667
2018-5-25,23.58333333
2018-5-26,24.875
2018-5-27,25.95833333
2018-5-28,25.08333333
2018-5-29,24.95833333
2018-5-30,26.68181818
2018-5-31,26.45833333
2018-6-1,26.54166667
2018-6-2,20.82608696
2018-6-3,17.59259259
2018-6-4,18.16
2018-6-5,19.14814815
2018-6-6,19.55555556
2018-6-7,19.65217391
2018-6-8,18.69230769
2018-6-9,21.95833333
2018-6-10,26.33333333
2018-6-11,27.5
2018-6-12,27.25
2018-6-13,23.4137931
2018-6-14,18.68
2018-6-15,19
2018-6-16,17.70833333
2018-6-17,18.58333333
2018-6-18,20.5
2018-6-19,22.83333333
2018-6-20,24.70833333
2018-6-21,25
2018-6-22,25.25
2018-6-23,25.91666667
2018-6-24,25.125
2018-6-25,25.66666667
2018-6-26,25.45833333
2018-6-27,25.625
2018-6-28,24.86956522
2018-6-29,25.25
2018-6-30,24.58333333
2018-7-1,25.26086957
2018-7-2,25.5
2018-7-3,24.625
2018-7-4,25.29166667
2018-7-5,25.58333333
2018-7-6,25.20833333
2018-7-7,25.33333333
2018-7-8,24.875
2018-7-9,17.5
2018-7-10,15.125
2018-7-11,17.20833333
2018-7-12,21.95652174
2018-7-13,25.13636364
2018-7-14,25.66666667
2018-7-15,26.33333333
2018-7-16,26.75
2018-7-17,26.70833333
2018-7-18,26.91666667
2018-7-19,27.20833333
2018-7-20,26.25
2018-7-21,18.83333333
2018-7-22,19.25
2018-7-23,23.45833333
2018-7-24,21.95833333
2018-7-25,20.41666667
2018-7-26,21.41666667
2018-7-27,23.43478261
2018-7-28,25.79166667
2018-7-29,25.375
2018-7-30,25.70833333
2018-7-31,25.875
2018-8-1,23.58333333
2018-8-2,25.20833333
2018-8-3,26.91666667
2018-8-4,25.83333333
2018-8-5,20.33333333
2018-8-6,19.8
2018-8-7,24.375
2018-8-8,27.83333333
2018-8-9,22.19230769
2018-8-10,20.58333333
2018-8-11,23.125
2018-8-12,25.75
2018-8-13,27.08333333
2018-8-14,27.91666667
2018-8-15,24.5
2018-8-16,22
2018-8-17,25
2018-8-18,27.04166667
2018-8-19,28.25
2018-8-20,19.56
2018-8-21,15.08333333
2018-8-22,18.2
2018-8-23,24.5
2018-8-24,29.29166667
2018-8-25,22.84
2018-8-26,20.16666667
2018-8-27,22.66666667
2018-8-28,26.66666667
2018-8-29,29
2018-8-30,29.79166667
2018-8-31,29.5
2018-9-1,30.19047619
2018-9-2,20.72
2018-9-3,16.6
2018-9-4,19.86956522
2018-9-5,22.625
2018-9-6,25.17391304
2018-9-7,27.33333333
2018-9-8,28.58333333
2018-9-9,29.45833333
2018-9-10,30.08333333
2018-9-11,29.52173913
2018-9-12,30
2018-9-13,30.47826087
2018-9-14,30.45833333
2018-9-15,28.08333333
2018-9-16,29.58333333
2018-9-17,25.53571429
2018-9-18,27.16666667
2018-9-19,29
2018-9-20,28.27272727
2018-9-21,30.45833333
2018-9-22,30.66666667
2018-9-23,30.375
2018-9-24,28.38461538
2018-9-25,27.41666667
2018-9-26,28.66666667
2018-9-27,29.875
2018-9-28,25.07142857
2018-9-29,26.52
2018-9-30,25.38461538
2018-10-1,27.68181818
2018-10-2,28.2173913
2018-10-3,28.95833333
2018-10-4,25.38461538
2018-10-5,25.4
2018-10-6,27.04166667
2018-10-7,28.66666667
2018-10-8,28.70833333
2018-10-9,27.66666667
2018-10-10,28
2018-10-11,27.33333333
2018-10-12,27.2
2018-10-13,28.625
2018-10-14,26.84
2018-10-15,26.33333333
2018-10-16,27.60869565
2018-10-17,28.91666667
2018-10-18,28.52
2018-10-19,26.96
2018-10-20,25.56
2018-10-21,26.75
2018-10-22,25.70833333
2018-10-23,26.79166667
2018-10-24,26.125
2018-10-25,25.69565217
2018-10-26,27.5
2018-10-27,26.32
2018-10-28,26.08695652
2018-10-29,27.125
2018-10-30,28.30769231
2018-10-31,26.95833333
2018-11-1,27.33333333
2018-11-2,26.875
2018-11-3,28.08695652
2018-11-4,26.20833333
2018-11-5,25.75
2018-11-6,25.875
2018-11-7,25.40740741
2018-11-8,25.37037037
2018-11-9,26.26923077
2018-11-10,27.91666667
2018-11-11,27.875
2018-11-12,29.39130435
2018-11-13,29.1
2018-11-14,26.48
2018-11-15,26.65217391
2018-11-16,26.18181818
2018-11-17,26.91666667
2018-11-18,28.54166667
2018-11-19,26.16
2018-11-20,25.60714286
2018-11-21,26.61538462
2018-11-22,26.70833333
2018-11-23,25.75
2018-11-24,24.7826087
2018-11-25,25.17241379
2018-11-26,26.72
2018-11-27,28.27272727
2018-11-28,27.5
2018-11-29,26.27272727
2018-11-30,24.56521739
2018-12-1,24.54166667
2018-12-2,24.62962963
2018-12-3,25.16666667
2018-12-4,26.38095238
2018-12-5,26.875
2018-12-6,28.04166667
2018-12-7,28.47826087
2018-12-8,26.81818182
2018-12-9,27.73913043
2018-12-10,27.39130435
2018-12-11,28.79166667
2018-12-12,28.33333333
2018-12-13,27.66666667
2018-12-14,27.57692308
2018-12-15,27.04166667
2018-12-16,26.8
2018-12-17,28
2018-12-18,27.04347826
2018-12-19,27.375
2018-12-20,28.75
2018-12-21,27.70833333
2018-12-22,26.32
2018-12-23,25.84615385
2018-12-24,25.34615385
2018-12-25,25.95833333
2018-12-26,27.16
2018-12-27,26.625
2018-12-28,25.44444444
2018-12-29,25.41666667
2018-12-30,25.25
2018-12-31,23.96153846
2019-1-1,24.74074074
2019-1-2,26.83333333
2019-1-3,28.33333333
2019-1-4,27.43478261
2019-1-5,24.875
2019-1-6,27.08333333
2019-1-7,25.84
2019-1-8,27.125
2019-1-9,26.91304348
2019-1-10,26
2019-1-11,25.92
2019-1-12,26.16666667
2019-1-13,27.375
2019-1-14,26.08333333
2019-1-15,26.43478261
2019-1-16,27.66666667
2019-1-17,27.875
2019-1-18,28.04
2019-1-19,24.69230769
2019-1-20,26.125
2019-1-21,26.95833333
2019-1-22,28.52173913
2019-1-23,27
2019-1-24,27.58333333
2019-1-25,26.45833333
2019-1-26,26.75
2019-1-27,24.39130435
2019-1-28,25.16666667
2019-1-29,25.04166667
2019-1-30,27
2019-1-31,26.16666667
2019-2-1,26.26086957
2019-2-2,26.96
2019-2-3,26.92
2019-2-4,26.41666667
2019-2-5,27
2019-2-6,28.125
2019-2-7,28.83333333
2019-2-8,28.54166667
2019-2-9,27.5
2019-2-10,27.54166667
2019-2-11,28.33333333
2019-2-12,28.875
2019-2-13,28.8
2019-2-14,29.33333333
2019-2-15,29.76
2019-2-16,28.15384615
2019-2-17,30.13636364
2019-2-18,30.41666667
2019-2-19,27.73333333
2019-2-20,28.95652174
2019-2-21,29.625
2019-2-22,28.61538462
2019-2-23,29.5
2019-2-24,31.08333333
2019-2-25,29.76923077
2019-2-26,28.86956522
2019-2-27,28.83333333
2019-2-28,28.25
2019-3-1,30.20833333
2019-3-2,30.16666667
2019-3-3,29.79166667
2019-3-4,30.60869565
2019-3-5,30.9047619
2019-3-6,30.875
2019-3-7,31.66666667
2019-3-8,32.16666667
2019-3-9,30.19230769
2019-3-10,29.08333333
2019-3-11,28.78571429
2019-3-12,29.56521739
2019-3-13,30.17391304
2019-3-14,30.17391304
2019-3-15,29.16666667
2019-3-16,29.16666667
2019-3-17,29.875
2019-3-18,29.79166667
2019-3-19,30.70833333
2019-3-20,30.65384615
2019-3-21,27.84615385
2019-3-22,27.34782609
2019-3-23,29.04166667
2019-3-24,30.91666667
2019-3-25,31.5
2019-3-26,31.91666667
2019-3-27,29.04166667
2019-3-28,28.57692308
2019-3-29,28.95833333
2019-3-30,29.41666667
2019-3-31,31.125
2019-4-1,30.30434783
2019-4-2,31.16
2019-4-3,27.75862069
2019-4-4,28.57692308
2019-4-5,29.66666667
2019-4-6,24.84
2019-4-7,24.58333333
2019-4-8,26.23076923
2019-4-9,28.58333333
2019-4-10,29.12
2019-4-11,26.82142857
2019-4-12,28.96
2019-4-13,29.65384615
2019-4-14,30
2019-4-15,29.92307692
2019-4-16,28.83333333
2019-4-17,29.48148148
2019-4-18,29.5
2019-4-19,30.08333333
2019-4-20,30.41666667
2019-4-21,30.41666667
2019-4-22,27.84615385
2019-4-23,29.04166667
2019-4-24,28.04
2019-4-25,29.66666667
2019-4-26,30.16666667
2019-4-27,30.34782609
2019-4-28,29.44
2019-4-29,29.20833333
2019-4-30,28.54166667
2019-5-1,28.92307692
2019-5-2,28.32
2019-5-3,28.20833333
2019-5-4,28.875
2019-5-5,30.45833333
2019-5-6,29.48
2019-5-7,28.95833333
2019-5-8,28.51851852
2019-5-9,29.20833333
2019-5-10,30.16666667
2019-5-11,30.58333333
2019-5-12,27.24
2019-5-13,24.60714286
2019-5-14,23.71428571
2019-5-15,22.66666667
2019-5-16,22.70833333
2019-5-17,24.70833333
2019-5-18,27.66666667
2019-5-19,28.16666667
2019-5-20,28.08333333
2019-5-21,27.45833333
2019-5-22,27.95833333
2019-5-23,26.73076923
2019-5-24,21.91666667
2019-5-25,22.40740741
2019-5-26,26.91666667
2019-5-27,30.20833333
2019-5-28,30.625
2019-5-29,30.45833333
2019-5-30,30.29166667
2019-5-31,29.25
2019-6-1,29.58333333
2019-6-2,29.28
2019-6-3,24.35483871
2019-6-4,24.08
2019-6-5,25.125
2019-6-6,26.95833333
2019-6-7,27.58333333
2019-6-8,28.58333333
2019-6-9,28
2019-6-10,28
2019-6-11,29.33333333
2019-6-12,29.08333333
2019-6-13,28.5
2019-6-14,29
2019-6-15,29.625
2019-6-16,29.08333333
2019-6-17,28.79166667
2019-6-18,27.79166667
2019-6-19,28.125
2019-6-20,27.16
2019-6-21,27.625
2019-6-22,28.41666667
2019-6-23,27.25
2019-6-24,26.95833333
2019-6-25,27.66666667
2019-6-26,25
2019-6-27,25.62962963
2019-6-28,29.20833333
2019-6-29,29.29166667
2019-6-30,29.16666667
2019-7-1,29.375
2019-7-2,28.11111111
2019-7-3,28.66666667
2019-7-4,28.96
2019-7-5,23.11111111
2019-7-6,20.20833333
2019-7-7,19.29166667
2019-7-8,22.125
2019-7-9,24.5
2019-7-10,24.45833333
2019-7-11,25.16666667
2019-7-12,25.16666667
2019-7-13,25.75
2019-7-14,26.375
2019-7-15,26.91666667
2019-7-16,25.20833333
2019-7-17,25.33333333
2019-7-18,27.29166667
2019-7-19,27.54166667
2019-7-20,26.45833333
2019-7-21,27.20833333
2019-7-22,26.58333333
2019-7-23,25.70833333
2019-7-24,25.5
2019-7-25,16.72
2019-7-26,16.26923077
2019-7-27,19.58333333
2019-7-28,23.08333333
2019-7-29,24.91666667
2019-7-30,25.29166667
2019-7-31,26.91666667
2019-8-1,27.16666667
2019-8-2,26.125
2019-8-3,16.66666667
2019-8-4,17.04166667
2019-8-5,20.20833333
2019-8-6,24.70833333
2019-8-7,27.83333333
2019-8-8,28.04166667
2019-8-9,26.75
2019-8-10,25.58333333
2019-8-11,26.16666667
2019-8-12,28.83333333
2019-8-13,26.66666667
2019-8-14,21.54166667
2019-8-15,23.79166667
2019-8-16,27.33333333
2019-8-17,29.66666667
2019-8-18,29.91666667
2019-8-19,26.57692308
2019-8-20,25.23076923
2019-8-21,27.08333333
2019-8-22,28.79166667
2019-8-23,30.41666667
2019-8-24,28.875
2019-8-25,30.625
2019-8-26,30.33333333
2019-8-27,26.375
2019-8-28,27.375
2019-8-29,30.04166667
2019-8-30,31.54166667
2019-8-31,30.91666667
2019-9-1,28.91666667
2019-9-2,26.41666667
2019-9-3,29.5
2019-9-4,30.95833333
2019-9-5,31.29166667
2019-9-6,31.58333333
2019-9-7,32.125
2019-9-8,31.15384615
2019-9-9,32.30769231
2019-9-10,31.88
2019-9-11,32.32
2019-9-12,30.04166667
2019-9-13,24.95833333
2019-9-14,29
2019-9-15,31.95833333
2019-9-16,34.04166667
2019-9-17,33.30769231
2019-9-18,32.85185185
2019-9-19,33.66666667
2019-9-20,33.16666667
2019-9-21,31.16666667
2019-9-22,28.95833333
2019-9-23,28.88888889
2019-9-24,30.625
2019-9-25,28.95833333
2019-9-26,25.44
2019-9-27,27.33333333
2019-9-28,31.33333333
2019-9-29,30.375
2019-9-30,31.875
2019-10-1,31.95833333
2019-10-2,27.54166667
2019-10-3,29.66666667
2019-10-4,29.28
2019-10-5,28.60869565
2019-10-6,23.15384615
2019-10-7,23.72
2019-10-8,25.125
2019-10-9,27.54166667
2019-10-10,27.95833333
2019-10-11,28.58333333
2019-10-12,28.91666667
2019-10-13,29.62962963
2019-10-14,29.58333333
2019-10-15,29.375
2019-10-16,28.04166667
2019-10-17,30.46153846
2019-10-18,27.84
2019-10-19,29.625
2019-10-20,29.16666667
2019-10-21,28
2019-10-22,25.88
2019-10-23,28.70833333
2019-10-24,30.58333333
2019-10-25,29.45833333
2019-10-26,30.25
2019-10-27,30.625
2019-10-28,31.70833333
2019-10-29,30.29166667
2019-10-30,32.08333333
2019-10-31,27.5862069
2019-11-1,27.92
2019-11-2,30.45833333
2019-11-3,27.16
2019-11-4,28.68
2019-11-5,28.76923077
2019-11-6,27.40740741
2019-11-7,27.54166667
2019-11-8,27.04166667
2019-11-9,28.54166667
2019-11-10,28.58333333
2019-11-11,27.12
2019-11-12,28.4
2019-11-13,27.625
2019-11-14,27.375
2019-11-15,25.72
2019-11-16,28.33333333
2019-11-17,29.375
2019-11-18,29.08333333
2019-11-19,27.92857143
2019-11-20,27
2019-11-21,28.75
2019-11-22,28.66666667
2019-11-23,27.125
2019-11-24,29.25
2019-11-25,30.125
2019-11-26,30.29166667
2019-11-27,27
2019-11-28,26.88461538
2019-11-29,27.96153846
2019-11-30,27.34782609
2019-12-1,28.70833333
2019-12-2,27.625
2019-12-3,28.04
2019-12-4,27.64
2019-12-5,27.45833333
2019-12-6,27
2019-12-7,28.20833333
2019-12-8,26.66666667
2019-12-9,27.56
2019-12-10,24.75862069
2019-12-11,27.5
2019-12-12,29.04166667
2019-12-13,25.59259259
2019-12-14,26.91666667
2019-12-15,26.91666667
2019-12-16,26.33333333
2019-12-17,26.91666667
2019-12-18,27.18518519
2019-12-19,26.66666667
2019-12-20,27.375
2019-12-21,27.83333333
2019-12-22,25.83333333
2019-12-23,27.20833333
2019-12-24,28.88461538
2019-12-25,28.20833333
2019-12-26,28.5
2019-12-27,29.66666667
2019-12-28,26.92
2019-12-29,27.76
2019-12-30,28.33333333
2019-12-31,28.125
2020-1-1,27.625
2020-1-2,28.08333333
2020-1-3,27.24
2020-1-4,28.45833333
2020-1-5,28.45833333
2020-1-6,28.625
2020-1-7,28.625
2020-1-8,27.38461538
2020-1-9,28.16666667
2020-1-10,28
2020-1-11,28.88
2020-1-12,29.25
2020-1-13,28.84615385
2020-1-14,28.66666667
2020-1-15,29.83333333
2020-1-16,29.42857143
2020-1-17,27.20833333
2020-1-18,29.08333333
2020-1-19,28.79166667
2020-1-20,28.54166667
2020-1-21,30.66666667
2020-1-22,29.375
2020-1-23,27.20689655
2020-1-24,29.20833333
2020-1-25,29.04166667
2020-1-26,30.20833333
2020-1-27,30.29166667
2020-1-28,29.91666667
2020-1-29,28.375
2020-1-30,29.16666667
2020-1-31,28
2020-2-1,26.55555556
2020-2-2,28.625
2020-2-3,28.5
2020-2-4,28.58333333
2020-2-5,28.625
2020-2-6,26.4
2020-2-7,27.77777778
2020-2-8,26.11111111
2020-2-9,25.92
2020-2-10,26.48
2020-2-11,28.12
2020-2-12,25.73076923
2020-2-13,28
2020-2-14,28.16666667
2020-2-15,28.08333333
2020-2-16,28.45833333
2020-2-17,29.125
2020-2-18,28.91666667
2020-2-19,27.5
2020-2-20,27.04
2020-2-21,26.34482759
2020-2-22,25.73333333
2020-2-23,25.52
2020-2-24,26.29166667
2020-2-25,28.5
2020-2-26,28.54166667
2020-2-27,26.81481481
2020-2-28,27.125
2020-2-29,26.92307692
2020-3-1,28.12
2020-3-2,27.75
2020-3-3,28
2020-3-4,28.125
2020-3-5,28.45833333
2020-3-6,29.375
2020-3-7,29.125
2020-3-8,29.41666667
2020-3-9,29
2020-3-10,29.83333333
2020-3-11,29.83333333
2020-3-12,28.25
2020-3-13,30.16666667
2020-3-14,30.23076923
2020-3-15,28.52
2020-3-16,29.41666667
2020-3-17,29.45833333
2020-3-18,29.54166667
2020-3-19,29.54166667
2020-3-20,25.25
2020-3-21,25.58333333
2020-3-22,26.76923077
2020-3-23,27.2
2020-3-24,27.31034483
2020-3-25,28.20833333
2020-3-26,28.75
2020-3-27,27.70833333
2020-3-28,27.54166667
2020-3-29,28.95833333
2020-3-30,28.45833333
2020-3-31,28.875
2020-4-1,28.4
2020-4-2,29.45833333
2020-4-3,27.16666667
2020-4-4,27.375
2020-4-5,29.5
2020-4-6,29.75
2020-4-7,28.58333333
2020-4-8,26.66666667
2020-4-9,27.45833333
2020-4-10,26.875
2020-4-11,27.79166667
2020-4-12,28.25
2020-4-13,28.72
2020-4-14,25.60714286
2020-4-15,24.18518519
2020-4-16,24.83333333
2020-4-17,24.08333333
2020-4-18,25.96
2020-4-19,26.17857143
2020-4-20,27.66666667
2020-4-21,27.66666667
2020-4-22,27.125
2020-4-23,27
2020-4-24,27.75
2020-4-25,28.45833333
2020-4-26,28.91666667
2020-4-27,28.25
2020-4-28,27.79166667
2020-4-29,28.375
2020-4-30,27.66666667
2020-5-1,27.91666667
2020-5-2,27.375
2020-5-3,27.41666667
2020-5-4,27.41666667
2020-5-5,27.29166667
2020-5-6,24.44444444
2020-5-7,19.59259259
2020-5-8,19.625
2020-5-9,23.16666667
2020-5-10,26
2020-5-11,28.125
2020-5-12,28.5
2020-5-13,27.73076923
2020-5-14,22.87096774
2020-5-15,23.375
2020-5-16,22.875
2020-5-17,22.75
2020-5-18,25.29166667
2020-5-19,26.16666667
2020-5-20,28.16666667
2020-5-21,28.25
2020-5-22,27.875
2020-5-23,17.7037037
2020-5-24,17.08333333
2020-5-25,18.5
2020-5-26,19.5
2020-5-27,19.83333333
2020-5-28,21.375
2020-5-29,23.70833333
2020-5-30,24.91666667
2020-5-31,24.91666667
2020-6-1,25.16666667
2020-6-2,20.83333333
2020-6-3,19.75
2020-6-4,25.45833333
2020-6-5,26.75
2020-6-6,23.04166667
2020-6-7,24.16666667
2020-6-8,27.625
2020-6-9,27.83333333
2020-6-10,27.875
2020-6-11,27.375
2020-6-12,27.41666667
2020-6-13,28.04166667
2020-6-14,25.56
2020-6-15,23.61538462
2020-6-16,25.54166667
2020-6-17,26.75
2020-6-18,26.125
2020-6-19,26.625
2020-6-20,26.375
2020-6-21,26.33333333
2020-6-22,26.45833333
2020-6-23,26.20833333
2020-6-24,25.79166667
2020-6-25,27.54166667
2020-6-26,25.75
2020-6-27,21.03846154
2020-6-28,21.08333333
2020-6-29,24.83333333
2020-6-30,27
2020-7-1,24.70833333
2020-7-2,22.41666667
2020-7-3,22.375
2020-7-4,24.875
2020-7-5,27.79166667
2020-7-6,27.41666667
2020-7-7,27.45833333
2020-7-8,25.375
2020-7-9,19.79166667
2020-7-10,23.29166667
2020-7-11,27.125
2020-7-12,27.125
2020-7-13,27.45833333
2020-7-14,28
2020-7-15,28.29166667
2020-7-16,27.5
2020-7-17,26.25
2020-7-18,27.41666667
2020-7-19,27.41666667
2020-7-20,26.875
2020-7-21,26.54166667
2020-7-22,26.20833333
2020-7-23,26.36
2020-7-24,27.83333333
2020-7-25,23.32142857
2020-7-26,22.04166667
2020-7-27,25.75
2020-7-28,26.625
2020-7-29,24.625
2020-7-30,22.58333333
2020-7-31,26.08333333
2020-8-1,27.58333333
2020-8-2,27.83333333
2020-8-3,26.79166667
2020-8-4,26.95833333
2020-8-5,27.41666667
2020-8-6,26.83333333
2020-8-7,26.54166667
2020-8-8,26.41666667
2020-8-9,26.66666667
2020-8-10,27.375
2020-8-11,28.75
2020-8-12,29.375
2020-8-13,29.42307692
2020-8-14,31.64285714
2020-8-15,31.33333333
2020-8-16,30.875
2020-8-17,30.57692308
2020-8-18,31.83333333
2020-8-19,33.16666667
2020-8-20,25.83333333
2020-8-21,14.59259259
2020-8-22,16.25
2020-8-23,22.66666667
2020-8-24,28.25
2020-8-25,31.75
2020-8-26,32.33333333
2020-8-27,33.125
2020-8-28,33.33333333
2020-8-29,31.625
2020-8-30,32.41666667
2020-8-31,32.59259259
2020-9-1,28.76
2020-9-2,28.81481481
2020-9-3,28.45833333
2020-9-4,30.32
2020-9-5,32.54166667
2020-9-6,32.08333333
2020-9-7,31.84
2020-9-8,29.4
2020-9-9,31.5
2020-9-10,32.91666667
2020-9-11,33.66666667
2020-9-12,33.56
2020-9-13,32.83333333
2020-9-14,32
2020-9-15,30.5
2020-9-16,32.04
2020-9-17,34.07692308
2020-9-18,32.08
2020-9-19,32.45833333
2020-9-20,27.95833333
2020-9-21,28
2020-9-22,25.25
2020-9-23,29.52
2020-9-24,31.125
2020-9-25,34.08333333
2020-9-26,32.57692308
2020-9-27,32.33333333
2020-9-28,32.82608696
2020-9-29,32.68
2020-9-30,34.375
2020-10-1,34.70833333
2020-10-2,33.66666667
2020-10-3,32.84615385
2020-10-4,33.88461538
2020-10-5,35.125
2020-10-6,34.72
2020-10-7,34.12
2020-10-8,36.08333333
2020-10-9,35.375
2020-10-10,33.45833333
2020-10-11,29.41666667
2020-10-12,27.66666667
2020-10-13,30.54166667
2020-10-14,29.4
2020-10-15,29.58333333
2020-10-16,28
2020-10-17,31.66666667
2020-10-18,32.58333333
2020-10-19,27.84615385
2020-10-20,30.08333333
2020-10-21,30.08333333
2020-10-22,31.04166667
2020-10-23,30.20833333
2020-10-24,28.37037037
2020-10-25,29.5
2020-10-26,31.91666667
2020-10-27,29.20833333
2020-10-28,28.96
2020-10-29,26.51851852
2020-10-30,25.28
2020-10-31,27.29166667
2020-11-1,29.66666667
2020-11-2,30.125
2020-11-3,31.70833333
2020-11-4,30.95833333
2020-11-5,31.33333333
2020-11-6,31.79166667
2020-11-7,33.125
2020-11-8,33.20833333
2020-11-9,30.95833333
2020-11-10,27.96
2020-11-11,29.66666667
2020-11-12,25.28
2020-11-13,28.70833333
2020-11-14,28.875
2020-11-15,29.41666667
2020-11-16,30.20833333
2020-11-17,30.54166667
2020-11-18,28.08
2020-11-19,23.80769231
2020-11-20,26.5
2020-11-21,30.16666667
2020-11-22,32
2020-11-23,32.41666667
2020-11-24,32.16666667
2020-11-25,31.03846154
2020-11-26,27.84615385
2020-11-27,28
2020-11-28,29.16666667
2020-11-29,30.66666667
2020-11-30,30.45833333
2020-12-1,29.43478261
2020-12-2,31.04166667
2020-12-3,32.04166667
2020-12-4,31.375
2020-12-5,28.16666667
2020-12-6,28.45833333
2020-12-7,28.875
2020-12-8,28.62962963
2020-12-9,28.24
2020-12-10,25.75
2020-12-11,25.14285714
2020-12-12,27.29166667
2020-12-13,29.125
2020-12-14,28.45833333
2020-12-15,28.16
2020-12-16,29.29166667
2020-12-17,29.65384615
2020-12-18,30.29166667
2020-12-19,30.33333333
2020-12-20,32.16666667
2020-12-21,28.66666667
2020-12-22,25.7
2020-12-23,27
2020-12-24,27.58333333
2020-12-25,28.33333333
2020-12-26,27.2
2020-12-27,26.75
2020-12-28,27.625
2020-12-29,28.91666667
2020-12-30,30.36
2020-12-31,27.76
2021-1-1,29.75
2021-1-2,30.08333333
2021-1-3,29.70833333
2021-1-4,28.41666667
2021-1-5,28.54166667
2021-1-6,28.23076923
2021-1-7,26.04166667
2021-1-8,29.83333333
2021-1-9,30.72
2021-1-10,25.74074074
2021-1-11,27.75
2021-1-12,27.83333333
2021-1-13,27.53846154
2021-1-14,26.88888889
2021-1-15,26.45833333
2021-1-16,27.875
2021-1-17,24.95833333
2021-1-18,26.53846154
2021-1-19,24.33333333
2021-1-20,27.24
2021-1-21,26.8
2021-1-22,25.36
2021-1-23,27
2021-1-24,26.59259259
2021-1-25,26.25
2021-1-26,27.52173913
2021-1-27,26.09090909
2021-1-28,25.95833333
2021-1-29,26.5
2021-1-30,27.45833333
2021-1-31,28
2021-2-1,28.08
2021-2-2,27.84
2021-2-3,27.04
2021-2-4,27.51851852
2021-2-5,26.19230769
2021-2-6,27.75
2021-2-7,27.83333333
2021-2-8,28
2021-2-9,28.25
2021-2-10,29.33333333
2021-2-11,27.875
2021-2-12,25.33333333
2021-2-13,27.29166667
2021-2-14,27.29166667
2021-2-15,25
2021-2-16,25.53846154
2021-2-17,24.67857143
2021-2-18,26.75
2021-2-19,28.625
2021-2-20,29.125
2021-2-21,28.25
2021-2-22,28.75
2021-2-23,29.24
2021-2-24,27.96153846
2021-2-25,28.25
2021-2-26,27.20833333
2021-2-27,26.96153846
2021-2-28,27.125
2021-3-1,27.45833333
2021-3-2,27.91666667
2021-3-3,26.29166667
2021-3-4,26.66666667
2021-3-5,24.10714286
2021-3-6,25.7037037
2021-3-7,25.91666667
2021-3-8,27
2021-3-9,25.84
2021-3-10,27.29166667
2021-3-11,27.41666667
2021-3-12,26.66666667
2021-3-13,25.79166667
2021-3-14,25.83333333
2021-3-15,26.75
2021-3-16,26.125
2021-3-17,24.69230769
2021-3-18,25
2021-3-19,25.04
2021-3-20,25.43478261
2021-3-21,26.54166667
2021-3-22,25.68
2021-3-23,24.75
2021-3-24,26.33333333
2021-3-25,26.83333333
2021-3-26,27.625
2021-3-27,28.04166667
2021-3-28,28.33333333
2021-3-29,27.75
2021-3-30,28.27272727
2021-3-31,28.04166667
2021-4-1,28.33333333
2021-4-2,27.25925926
2021-4-3,26.88
2021-4-4,25.15384615
2021-4-5,26.32
2021-4-6,26.33333333
2021-4-7,25.54166667
2021-4-8,26.45833333
2021-4-9,26.91666667
2021-4-10,27.91666667
2021-4-11,27.625
2021-4-12,26.5
2021-4-13,25.16
2021-4-14,25.46153846
2021-4-15,27.16666667
2021-4-16,28.48
2021-4-17,26.75
2021-4-18,25.33333333
2021-4-19,26.33333333
2021-4-20,27.54166667
2021-4-21,27.58333333
2021-4-22,27.66666667
2021-4-23,27.25
2021-4-24,28
2021-4-25,24.84
2021-4-26,23.81481481
2021-4-27,25.45833333
2021-4-28,25
2021-4-29,24.16666667
2021-4-30,24.08333333
2021-5-1,27
2021-5-2,28.20833333
2021-5-3,27.75
2021-5-4,27.54166667
2021-5-5,26.41666667
2021-5-6,19.11538462
2021-5-7,16.16666667
2021-5-8,20.125
2021-5-9,23.625
2021-5-10,26.125
2021-5-11,26.25
2021-5-12,22.56
2021-5-13,21.95833333
2021-5-14,24.04166667
2021-5-15,26.29166667
2021-5-16,26.83333333
2021-5-17,26.66666667
2021-5-18,26.79166667
2021-5-19,27.58333333
2021-5-20,26.25
2021-5-21,27.45833333
2021-5-22,28.125
2021-5-23,23.16
2021-5-24,18.46153846
2021-5-25,24.08333333
2021-5-26,27.04166667
2021-5-27,27.83333333
2021-5-28,27.91666667
2021-5-29,27.58333333
2021-5-30,27.04166667
2021-5-31,25.15384615
2021-6-1,25.70833333
2021-6-2,26.83333333
2021-6-3,27.08333333
2021-6-4,27.79166667
2021-6-5,27.125
2021-6-6,27.45833333
2021-6-7,27.66666667
2021-6-8,27.91666667
2021-6-9,27.70833333
2021-6-10,28.04166667
2021-6-11,24.57692308
2021-6-12,22.66666667
2021-6-13,23.95833333
2021-6-14,26.91304348
2021-6-15,27.125
2021-6-16,26
2021-6-17,24
2021-6-18,20
2021-6-19,19.56
2021-6-20,20.95833333
2021-6-21,24.33333333
2021-6-22,27.20833333
2021-6-23,28.04166667
2021-6-24,27.5
2021-6-25,27.41666667
2021-6-26,27.70833333
2021-6-27,27.75
2021-6-28,15.18181818
2021-6-29,12.58333333
2021-6-30,14.29166667
2021-7-1,16.625
2021-7-2,21.66666667
2021-7-3,23.95833333
2021-7-4,24.08333333
2021-7-5,23.70833333
2021-7-6,23.58333333
2021-7-7,24.625
2021-7-8,25.20833333
2021-7-9,25.08333333
2021-7-10,24.875
2021-7-11,24.79166667
2021-7-12,24.95833333
2021-7-13,26.125
2021-7-14,26.16666667
2021-7-15,27.04166667
2021-7-16,25.75
2021-7-17,26.16666667
2021-7-18,22.70833333
2021-7-19,19.20833333
2021-7-20,20.41666667
2021-7-21,23.875
2021-7-22,25.66666667
2021-7-23,26.70833333
2021-7-24,27.83333333
2021-7-25,28.08333333
2021-7-26,28.29166667
2021-7-27,27.20833333
2021-7-28,17.92
2021-7-29,16.16666667
2021-7-30,17.54166667
2021-7-31,22.125
2021-8-1,25.54166667
2021-8-2,24.04166667
2021-8-3,25.41666667
2021-8-4,25.875
2021-8-5,25.41666667
2021-8-6,26.70833333
2021-8-7,27.83333333
2021-8-8,28.91666667
2021-8-9,28.16666667
2021-8-10,28.41666667
2021-8-11,24.45833333
2021-8-12,20.95833333
2021-8-13,23.33333333
2021-8-14,25
2021-8-15,26.875
2021-8-16,29.16666667
2021-8-17,30.625
2021-8-18,31.54166667
2021-8-19,29.95833333
2021-8-20,29.375
2021-8-21,29.29166667
2021-8-22,29.91666667
2021-8-23,31.58333333
2021-8-24,31.625
2021-8-25,32.04166667
2021-8-26,28.4
2021-8-27,25.72
2021-8-28,28.75
2021-8-29,28.125
2021-8-30,27.2
2021-8-31,29.875
2021-9-1,30.91666667
2021-9-2,32.32
2021-9-3,30.04166667
2021-9-4,29.83333333
2021-9-5,32.79166667
2021-9-6,32.70833333
2021-9-7,33
2021-9-8,33.875
2021-9-9,26.08333333
2021-9-10,25.45833333
2021-9-11,28.95833333
2021-9-12,31.62962963
2021-9-13,32.375
2021-9-14,31.83333333
2021-9-15,30.75
2021-9-16,28.96428571
2021-9-17,29.41666667
2021-9-18,32.54166667
2021-9-19,32.875
2021-9-20,33.125
2021-9-21,32.48
2021-9-22,29.80769231
2021-9-23,30.95833333
2021-9-24,31.45833333
2021-9-25,31.5
2021-9-26,32.22222222
2021-9-27,29.41666667
2021-9-28,30.625
2021-9-29,32.125
2021-9-30,32.83333333
2021-10-1,33.125
2021-10-2,33.33333333
2021-10-3,32
2021-10-4,30.52941176
2021-10-5,27.83333333
2021-10-6,30.79166667
2021-10-7,31.58333333
2021-10-8,31.68
2021-10-9,30
2021-10-10,32.16666667
2021-10-11,30.75
2021-10-12,28.83333333
2021-10-13,32.79166667
2021-10-14,31
2021-10-15,31.16666667
2021-10-16,25.25925926
2021-10-17,26.36
2021-10-18,27.70833333
2021-10-19,27.04166667
2021-10-20,29.70833333
2021-10-21,31.625
2021-10-22,31.88
2021-10-23,31.875
2021-10-24,26.44827586
2021-10-25,24.41666667
2021-10-26,26.83333333
2021-10-27,25.61538462
2021-10-28,28.54166667
2021-10-29,28.33333333
2021-10-30,28.16
2021-10-31,27.375
2021-11-1,27.83333333
2021-11-2,29.08333333
2021-11-3,26.79166667
2021-11-4,28.45833333
2021-11-5,27.91666667
2021-11-6,24.46428571
2021-11-7,22.07692308
2021-11-8,25.32
2021-11-9,26.95833333
2021-11-10,27.76
2021-11-11,28.08333333
2021-11-12,26.60714286
2021-11-13,26.85714286
2021-11-14,27.24
2021-11-15,26.42307692
2021-11-16,27.16666667
2021-11-17,25.58333333
2021-11-18,24.78571429
2021-11-19,23.82758621
2021-11-20,25.54166667
2021-11-21,27.25
2021-11-22,28.76
2021-11-23,28.84
2021-11-24,27.4
2021-11-25,27.33333333
2021-11-26,28.75
2021-11-27,29.79166667
2021-11-28,30.33333333
2021-11-29,28.14814815
2021-11-30,27.28
2021-12-1,28.29166667
2021-12-2,29.33333333
2021-12-3,27.24
2021-12-4,29.125
2021-12-5,26.80769231
2021-12-6,27.41666667
2021-12-7,29.54166667
2021-12-8,28.44444444
2021-12-9,29.58333333
2021-12-10,29.41666667
2021-12-11,28.79166667
2021-12-12,27.78571429
2021-12-13,25.30769231
2021-12-14,25.59259259
2021-12-15,27.375
2021-12-16,26.41666667
2021-12-17,25.41666667
2021-12-18,26.28571429
2021-12-19,28.125
2021-12-20,27.375
2021-12-21,26.6
2021-12-22,25.62962963
2021-12-23,24.75
2021-12-24,25.78787879
2021-12-25,27
2021-12-26,28.375
2021-12-27,28.79166667
2021-12-28,28.6
2021-12-29,28.58333333
2021-12-30,26.10714286
2021-12-31,26.29166667
2022-1-1,27.36
2022-1-2,28.54166667
2022-1-3,28.68
2022-1-4,26.62962963
2022-1-5,24.10344828
2022-1-6,25.83333333
2022-1-7,27.375
2022-1-8,27.92307692
2022-1-9,26.34615385
2022-1-10,25.57692308
2022-1-11,27.07407407
2022-1-12,27.04
2022-1-13,26.125
2022-1-14,26.79166667
2022-1-15,28.20833333
2022-1-16,27.65384615
2022-1-17,29.54166667
2022-1-18,28.5
2022-1-19,26.25
2022-1-20,26.5
2022-1-21,26.07407407
2022-1-22,27.20833333
2022-1-23,28.16666667
2022-1-24,28.375
2022-1-25,27.78571429
2022-1-26,25.40740741
2022-1-27,25.54166667
2022-1-28,26.45833333
2022-1-29,25.5
2022-1-30,24.96153846
2022-1-31,24.51724138
2022-2-1,25.2
2022-2-2,26.16666667
2022-2-3,25.73076923
2022-2-4,28
2022-2-5,28.375
2022-2-6,26.48
2022-2-7,26.34615385
2022-2-8,25.61538462
2022-2-9,24.88
2022-2-10,25.95833333
2022-2-11,26.04166667
2022-2-12,27
2022-2-13,24.74193548
2022-2-14,26.42307692
2022-2-15,27.54166667
2022-2-16,27.07142857
2022-2-17,27
2022-2-18,26.03846154
2022-2-19,25.42857143
2022-2-20,25.95833333
2022-2-21,26.54166667
2022-2-22,27.16666667
2022-2-23,25.7037037
2022-2-24,26.5
2022-2-25,27.95833333
2022-2-26,27.41666667
2022-2-27,27.75
2022-2-28,27.76923077
2022-3-1,26.95833333
2022-3-2,27.18181818
2022-3-3,24.55172414
2022-3-4,25.69230769
2022-3-5,26.33333333
2022-3-6,26.72
2022-3-7,25.8
2022-3-8,25
2022-3-9,25.92
2022-3-10,26.45833333
2022-3-11,27.5
2022-3-12,25.03571429
2022-3-13,25.82142857
2022-3-14,24.37931034
2022-3-15,26.33333333
2022-3-16,26.45833333
2022-3-17,25.66666667
2022-3-18,26.41666667
2022-3-19,25.57692308
2022-3-20,25.48
2022-3-21,26.89655172
2022-3-22,26.5
2022-3-23,27.72
2022-3-24,28.69565217
2022-3-25,27.5
2022-3-26,24.68
2022-3-27,25.41666667
2022-3-28,26.91666667
2022-3-29,26.66666667
2022-3-30,25.57142857
2022-3-31,21.51851852
2022-4-1,16.46153846
2022-4-2,19.42307692
2022-4-3,24.56
2022-4-4,27.54166667
2022-4-5,27.66666667
2022-4-6,28.08333333
2022-4-7,28.70833333
2022-4-8,28.375
2022-4-9,27.95833333
2022-4-10,27.41666667
2022-4-11,28.54166667
2022-4-12,28.45833333
2022-4-13,28.125
2022-4-14,26.08
2022-4-15,24.91666667
2022-4-16,26.33333333
2022-4-17,26.75
2022-4-18,25.58333333
2022-4-19,25.70833333
2022-4-20,27.54166667
2022-4-21,28.125
2022-4-22,28.29166667
2022-4-23,27.41666667
2022-4-24,27
2022-4-25,27.95833333
2022-4-26,29.08333333
2022-4-27,28.79166667
2022-4-28,27.375
2022-4-29,27.33333333
2022-4-30,27.25
2022-5-1,27.83333333
2022-5-2,28
2022-5-3,24.83333333
2022-5-4,19.7037037
2022-5-5,19.91666667
2022-5-6,21.73913043
2022-5-7,22.83333333
2022-5-8,24
2022-5-9,25.70833333
2022-5-10,26.54166667
2022-5-11,26.04166667
2022-5-12,25.04
2022-5-13,26.29166667
2022-5-14,27.45833333
2022-5-15,26.29166667
2022-5-16,21.16129032
2022-5-17,18.33333333
2022-5-18,16.29166667
2022-5-19,14.75
2022-5-20,16.41666667
2022-5-21,18.125
2022-5-22,20.83333333
2022-5-23,23.33333333
2022-5-24,24.83333333
2022-5-25,24.70833333
2022-5-26,26.54166667
2022-5-27,26.25
2022-5-28,25.95833333
2022-5-29,27.375
2022-5-30,27.83333333
2022-5-31,24.75
2022-6-1,23.07692308
2022-6-2,20.42307692
2022-6-3,21.76923077
2022-6-4,22.75
2022-6-5,25.875
2022-6-6,26.33333333
2022-6-7,27.54166667
2022-6-8,23.88888889
2022-6-9,22.57692308
2022-6-10,20.57142857
2022-6-11,18.2962963
2022-6-12,18.45833333
2022-6-13,17.125
2022-6-14,19.125
2022-6-15,23.25
2022-6-16,25.95833333
2022-6-17,26.54166667
2022-6-18,22.03846154
2022-6-19,23
2022-6-20,25.125
2022-6-21,25.66666667
2022-6-22,25.625
2022-6-23,24.875
2022-6-24,25.41666667
2022-6-25,24.875
2022-6-26,20.18518519
2022-6-27,21.26923077
2022-6-28,24.04166667
2022-6-29,23.375
2022-6-30,23.79166667
2022-7-1,24.58333333
2022-7-2,25.70833333
2022-7-3,26
2022-7-4,26.45833333
2022-7-5,25.5
2022-7-6,24.125
2022-7-7,25.45833333
2022-7-8,25.79166667
2022-7-9,26.25
2022-7-10,26.66666667
2022-7-11,26.625
2022-7-12,26.20833333
2022-7-13,23.08333333
2022-7-14,25.58333333
2022-7-15,26.54166667
2022-7-16,27.875
2022-7-17,23.75
2022-7-18,22.29166667
2022-7-19,25.58333333
2022-7-20,25.41666667
2022-7-21,26.04166667
2022-7-22,26.75
2022-7-23,26.66666667
2022-7-24,27.95833333
2022-7-25,27.08333333
2022-7-26,26.5
2022-7-27,26.625
2022-7-28,26.70833333
2022-7-29,24.95833333
2022-7-30,21.875
2022-7-31,24.95833333
2022-8-1,26.33333333
2022-8-2,27.625
2022-8-3,27.5
2022-8-4,28.16666667
2022-8-5,27.45833333
2022-8-6,27.625
2022-8-7,28.625
2022-8-8,25.89285714
2022-8-9,21.34482759
2022-8-10,16.88888889
2022-8-11,17.54166667
2022-8-12,21.54166667
2022-8-13,26.08333333
2022-8-14,27.16666667
2022-8-15,28.33333333
2022-8-16,28.91666667
2022-8-17,28.5
2022-8-18,27.96
2022-8-19,18.88461538
2022-8-20,15.41666667
2022-8-21,21.16666667
2022-8-22,25.58333333
2022-8-23,27
2022-8-24,27.16666667
2022-8-25,27.08333333
2022-8-26,27.79166667
2022-8-27,29.29166667
2022-8-28,30.04166667
2022-8-29,26
2022-8-30,23.66666667
2022-8-31,27.25
2022-9-1,30.04166667
2022-9-2,30.33333333
2022-9-3,27.25
2022-9-4,24.45833333
2022-9-5,26.20833333
2022-9-6,27.83333333
2022-9-7,29.54166667
2022-9-8,32.32
2022-9-9,32.29166667
2022-9-10,28.16666667
2022-9-11,27.54166667
2022-9-12,29.75
2022-9-13,31
2022-9-14,27.70833333
2022-9-15,20.92307692
2022-9-16,24.16666667
2022-9-17,28.375
2022-9-18,31.625
2022-9-19,30.41666667
2022-9-20,30.875
2022-9-21,31.58333333
2022-9-22,30.54166667
2022-9-23,25.875
2022-9-24,27.125
2022-9-25,30
2022-9-26,30.32
2022-9-27,28.29166667
2022-9-28,26.03448276
2022-9-29,23.25925926
2022-9-30,24
2022-10-1,26.03846154
2022-10-2,28.25
2022-10-3,28.16666667
2022-10-4,29.66666667
2022-10-5,30.70833333
2022-10-6,31.75
2022-10-7,23.65384615
2022-10-8,26.08333333
2022-10-9,26.56
2022-10-10,25.20833333
2022-10-11,24.375
2022-10-12,24.15384615
2022-10-13,26.04166667
2022-10-14,27.04166667
2022-10-15,29.20833333
2022-10-16,30.25
2022-10-17,30.16666667
2022-10-18,28.20833333
2022-10-19,28.125
2022-10-20,28.75
2022-10-21,25.25
2022-10-22,25.5
2022-10-23,27.625
2022-10-24,28.91666667
2022-10-25,28.45833333
2022-10-26,30.375
2022-10-27,30
2022-10-28,29.25
2022-10-29,27.42307692
2022-10-30,29
2022-10-31,25.14814815
2022-11-1,15.08695652
2022-11-2,19.375
2022-11-3,21.20833333
2022-11-4,23.04166667
2022-11-5,25.375
2022-11-6,26.5
2022-11-7,27.375
2022-11-8,28.875
2022-11-9,29.45833333
2022-11-10,29.91666667
2022-11-11,25.53846154
2022-11-12,26.04166667
2022-11-13,28.70833333
2022-11-14,26.07407407
2022-11-15,24.52
2022-11-16,28
2022-11-17,28.625
2022-11-18,28.5
2022-11-19,29.91666667
2022-11-20,29.75
2022-11-21,25.75
2022-11-22,25.26923077
2022-11-23,26.28
2022-11-24,28.125
2022-11-25,29.79166667
2022-11-26,30.5
2022-11-27,31.125
2022-11-28,30.66666667
2022-11-29,29.58333333
2022-11-30,29.75
2022-12-1,29.25
2022-12-2,27.24
2022-12-3,24.80769231
2022-12-4,26.32
2022-12-5,25.37931034
2022-12-6,28
2022-12-7,27.625
2022-12-8,28.29166667
2022-12-9,29.66666667
2022-12-10,27.70833333
2022-12-11,27.95833333
2022-12-12,28.76
2022-12-13,28.66666667
2022-12-14,27.24
2022-12-15,28
2022-12-16,25.03703704
2022-12-17,26.875
2022-12-18,27.16666667
2022-12-19,26.4
2022-12-20,27.54166667
2022-12-21,27.03846154
2022-12-22,26.51851852
2022-12-23,27.25
2022-12-24,28.125
2022-12-25,25.66666667
2022-12-26,26.625
2022-12-27,27.66666667
2022-12-28,26.44827586
2022-12-29,26.56
2022-12-30,26.03703704
2022-12-31,26.75
2023-1-1,27.95833333
2023-1-2,28.16666667
2023-1-3,26.33333333
2023-1-4,26.45833333
2023-1-5,24.42307692
2023-1-6,26.45833333
2023-1-7,27.375
2023-1-8,27.5
2023-1-9,27.33333333
2023-1-10,27.75
2023-1-11,26.56
2023-1-12,26.12
2023-1-13,26.125
2023-1-14,25.16
2023-1-15,25.51724138
2023-1-16,26.88461538
2023-1-17,25.67857143
2023-1-18,25.58333333
2023-1-19,26.76923077
2023-1-20,26.76
2023-1-21,28
2023-1-22,26.2
2023-1-23,26.70833333
2023-1-24,25.75
2023-1-25,25.25925926
2023-1-26,25.57692308
2023-1-27,23.96296296
2023-1-28,24.13333333
2023-1-29,25.2962963
2023-1-30,27.08333333
2023-1-31,26.58333333
2023-2-1,26.45833333
2023-2-2,27.92
2023-2-3,26.79166667
2023-2-4,25.75
2023-2-5,27.125
2023-2-6,27.56
2023-2-7,26.04166667
2023-2-8,27.91666667
2023-2-9,27.69230769
2023-2-10,26.54166667
2023-2-11,26.03846154
2023-2-12,26.32
2023-2-13,27.12
2023-2-14,27.83333333
2023-2-15,25.42857143
2023-2-16,26.84
2023-2-17,25.42307692
2023-2-18,24.34615385
2023-2-19,24.625
2023-2-20,25.40740741
2023-2-21,25.70833333
2023-2-22,26.2
2023-2-23,26.70833333
2023-2-24,26.96296296
2023-2-25,26.38461538
2023-2-26,27.16666667
2023-2-27,27.55555556
2023-2-28,25.96153846
2023-3-1,27.76
2023-3-2,27.83333333
2023-3-3,27.95833333
2023-3-4,28.20833333
2023-3-5,28.41666667
2023-3-6,28.45833333
2023-3-7,28.66666667
2023-3-8,25.44
2023-3-9,26.83333333
2023-3-10,27.64
2023-3-11,24.96153846
2023-3-12,25.18518519
2023-3-13,25.375
2023-3-14,25.66666667
2023-3-15,26.32
2023-3-16,26.16666667
2023-3-17,25.625
2023-3-18,25.25
2023-3-19,24.84
2023-3-20,24.625
2023-3-21,25
2023-3-22,26.10714286
2023-3-23,25.84
2023-3-24,25.36
2023-3-25,25.91666667
2023-3-26,27.625
2023-3-27,27.70833333
2023-3-28,26.4
2023-3-29,26
2023-3-30,26.83333333
2023-3-31,27.54166667
2023-4-1,27
2023-4-2,25.95833333
2023-4-3,26.375
2023-4-4,26.26923077
2023-4-5,25.73076923
2023-4-6,24.78571429
2023-4-7,25.64
2023-4-8,25.10344828
2023-4-9,25.52
2023-4-10,26.66666667
2023-4-11,25.46428571
2023-4-12,27.45833333
2023-4-13,28.04166667
2023-4-14,25.4
2023-4-15,26.25
2023-4-16,26.91666667
2023-4-17,26.58333333
2023-4-18,27.41666667
2023-4-19,25.31034483
2023-4-20,24.69230769
2023-4-21,23.08333333
2023-4-22,25.45833333
2023-4-23,24.57142857
2023-4-24,26.875
2023-4-25,24.69230769
2023-4-26,26.33333333
2023-4-27,27.04166667
2023-4-28,26.41666667
2023-4-29,27.79166667
2023-4-30,27.83333333
2023-5-1,26.70833333
2023-5-2,27.16666667
2023-5-3,26.11111111
2023-5-4,25.5
2023-5-5,25.7037037
2023-5-6,25.62962963
2023-5-7,27.24
2023-5-8,27.52
2023-5-9,26.03571429
2023-5-10,25.95833333
2023-5-11,24.56666667
2023-5-12,25.625
2023-5-13,24.04166667
2023-5-14,23.375
2023-5-15,23.79166667
2023-5-16,23.875
2023-5-17,24.375
2023-5-18,25.54166667
2023-5-19,26.08333333
2023-5-20,25.625
2023-5-21,25.54166667
2023-5-22,26.54166667
2023-5-23,27.25
2023-5-24,25.20833333
2023-5-25,26.25
2023-5-26,27.66666667
2023-5-27,27.58333333
2023-5-28,26.41666667
2023-5-29,21.76923077
2023-5-30,21.74074074
2023-5-31,23.64
2023-6-1,24.5
2023-6-2,25.5
2023-6-3,25.875
2023-6-4,26.75
2023-6-5,25.75
2023-6-6,24.08333333
2023-6-7,24.20833333
2023-6-8,25.95833333
2023-6-9,26.58333333
2023-6-10,27
2023-6-11,26.41666667
2023-6-12,22.11111111
2023-6-13,13.5
2023-6-14,11.38461538
2023-6-15,11.7037037
2023-6-16,14.76
2023-6-17,17.2
2023-6-18,19.25
2023-6-19,21.125
2023-6-20,23.54166667
2023-6-21,25.04166667
2023-6-22,24.95833333
2023-6-23,24.75
2023-6-24,24.75
2023-6-25,25.66666667
2023-6-26,25.08333333
2023-6-27,24.91666667
2023-6-28,25.29166667
2023-6-29,24.91666667
2023-6-30,24.75
2023-7-1,24.125
2023-7-2,24
2023-7-3,24.16666667
2023-7-4,24.29166667
2023-7-5,24.125
2023-7-6,25.375
2023-7-7,26.25
2023-7-8,25.79166667
2023-7-9,26.41666667
2023-7-10,27.04166667
2023-7-11,26.625
2023-7-12,27
2023-7-13,25.875
2023-7-14,17.38461538
2023-7-15,20.25
2023-7-16,24.5
2023-7-17,26.54166667
2023-7-18,24.5
2023-7-19,21.91666667
2023-7-20,24.75
2023-7-21,26.83333333
2023-7-22,26.625
2023-7-23,25.91666667
2023-7-24,26.04166667
2023-7-25,25.70833333
2023-7-26,26.375
2023-7-27,27.04166667
2023-7-28,27.375
2023-7-29,25.04166667
2023-7-30,26.45833333
2023-7-31,27.875
2023-8-1,28.66666667
2023-8-2,28
2023-8-3,28.5
2023-8-4,28.125
2023-8-5,27.95833333
2023-8-6,29.04166667
2023-8-7,29.95833333
2023-8-8,29.375
2023-8-9,29.875
2023-8-10,29.79166667
2023-8-11,30.25
2023-8-12,30.20833333
2023-8-13,25.66666667
2023-8-14,24.20833333
2023-8-15,27.29166667
2023-8-16,28
2023-8-17,28.91666667
2023-8-18,30.66666667
2023-8-19,25.5
2023-8-20,27.375
2023-8-21,30.91666667
2023-8-22,30.91666667
2023-8-23,32.41666667
2023-8-24,32.75
2023-8-25,29.96
2023-8-26,28.25
2023-8-27,26.08333333
2023-8-28,27.41666667
2023-8-29,30.25
2023-8-30,31.25
2023-8-31,31.20833333
2023-9-1,31.66666667
2023-9-2,32.5
2023-9-3,32.45833333
2023-9-4,31.95833333
2023-9-5,30.70833333
2023-9-6,29.75
2023-9-7,28.83333333
2023-9-8,30.54166667
2023-9-9,30.125
2023-9-10,31
2023-9-11,31.875
2023-9-12,33.08333333
2023-9-13,28.88461538
2023-9-14,20.81481481
2023-9-15,24
2023-9-16,29.44
2023-9-17,31.125
2023-9-18,30
2023-9-19,30.20833333
2023-9-20,29.92
2023-9-21,31.08333333
2023-9-22,32.54166667
2023-9-23,31.5
2023-9-24,32.25
2023-9-25,33.16666667
2023-9-26,34.625
2023-9-27,31.57692308
2023-9-28,27.16666667
2023-9-29,30.6
2023-9-30,29.75
2023-10-1,30.03846154
2023-10-2,30.23076923
2023-10-3,31.08333333
2023-10-4,31.375
2023-10-5,32.625
2023-10-6,33
2023-10-7,31.75
2023-10-8,30.84
2023-10-9,28.16
2023-10-10,28.75
2023-10-11,29.45833333
2023-10-12,31.29166667
2023-10-13,29.20833333
2023-10-14,30.08333333
2023-10-15,30.46428571
2023-10-16,30.83333333
2023-10-17,32.75
2023-10-18,33.375
2023-10-19,34.79166667
2023-10-20,33.75
2023-10-21,32
2023-10-22,30.64285714
2023-10-23,31.83333333
2023-10-24,32.51851852
2023-10-25,27.5
2023-10-26,28.29166667
2023-10-27,30.04166667
2023-10-28,29.17857143
2023-10-29,31.5
2023-10-30,29.73076923
2023-10-31,28.5
2023-11-1,30.92
2023-11-2,31.45833333
2023-11-3,31.75
2023-11-4,25.66666667
2023-11-5,27.875
2023-11-6,31.33333333
2023-11-7,32.125
2023-11-8,33.20833333
2023-11-9,31.08333333
2023-11-10,32.79166667
2023-11-11,33.125
2023-11-12,33.375
2023-11-13,32.83333333
2023-11-14,32.29166667
2023-11-15,32.83333333
2023-11-16,33.41666667
2023-11-17,32.25
2023-11-18,32.04166667
2023-11-19,31.25
2023-11-20,26.81481481
2023-11-21,28.45833333
2023-11-22,29.95833333
2023-11-23,28.45833333
2023-11-24,29.25
2023-11-25,27.08333333
2023-11-26,27.76
2023-11-27,29.375
2023-11-28,30.58333333
2023-11-29,31.91666667
2023-11-30,31.25
2023-12-1,30
2023-12-2,29.5
2023-12-3,29.03703704
2023-12-4,26.56
2023-12-5,27.20833333
2023-12-6,29.45833333
2023-12-7,30.29166667
2023-12-8,28.11111111
2023-12-9,27.88
2023-12-10,29.5
2023-12-11,26.65384615
2023-12-12,29.79166667
2023-12-13,31.20833333
2023-12-14,31.04166667
2023-12-15,31.25
2023-12-16,33
2023-12-17,32.375
2023-12-18,32.16666667
2023-12-19,29.5
2023-12-20,28.5
2023-12-21,27.08333333
2023-12-22,28.52
2023-12-23,27.125
2023-12-24,30
2023-12-25,30.95833333
2023-12-26,26.25
2023-12-27,27.95833333
2023-12-28,31.375
2023-12-29,29.04
2023-12-30,26.29166667
2023-12-31,28.08333333