Date,Close,Volume,Open,High,Low
2014-3-21,415,387,415,418.25,410
2014-3-24,417.5,387,421.25,422.5,415
2014-3-25,402.25,751,419,419,401.5
2014-3-26,404.5,818,404,407.75,386
2014-3-27,406.75,406,406.75,414,400.75
2014-3-28,402,856,412.25,410.25,394
2014-3-31,399,975,402,404,390.5
2014-4-1,411.25,800,398.5,415.25,395.5
2014-4-2,408.5,518,414,418,407.25
2014-4-3,414.75,378,412.5,416,407.5
2014-4-4,410.75,237,413,413.75,408
2014-4-7,419,480,412.5,423.75,412.25
2014-4-8,435,508,432,438.5,419.25
2014-4-9,424,378,431.75,437,423.5
2014-4-10,405,585,426,428.5,404
2014-4-11,355.5,315,355.5,363.25,351.5
2014-4-14,357.5,99,357.75,362.25,354.5
2014-4-15,352.25,288,357.5,359.5,344.25
2014-4-16,357.75,217,353,358,350.5
2014-4-17,355.75,268,360,362,353
2014-4-18,355.75,,355.75,355.75,355.75
2014-4-21,347.75,298,355,358,342
2014-4-22,363.75,702,347.5,367,346.75
2014-4-23,360,306,360.5,366,357.5
2014-4-24,355.5,279,360.25,366,354.5
2014-4-25,358,270,357,362.75,353.25
2014-4-28,362.5,331,363,364.5,358
2014-4-29,369.25,379,362.75,369.5,360.75
2014-4-30,360.5,294,368.5,370,358.25
2014-5-1,353,397,359,360.5,350.75
2014-5-2,350,225,347.25,352,342.5
2014-5-5,351.75,197,353,354.5,344.75
2014-5-6,359.5,268,353,359.75,348
2014-5-7,356,83,354.75,359,354
2014-5-8,353,200,354.5,357.75,352
2014-5-9,353.25,131,354.5,356,350.25
2014-5-12,357,217,353,357.75,350.25
2014-5-13,355.5,242,353,357.75,351.25
2014-5-14,356.25,180,356,357.25,352.75
2014-5-15,350.5,255,355.5,357.25,347.5
2014-5-16,337,641,352,353,335.75
2014-5-19,333.5,472,337,337,326.5
2014-5-20,334.25,85,332,335,331.5
2014-5-21,340.5,209,335,341.75,334.25
2014-5-22,346,301,342.75,349.75,339
2014-5-23,345.5,289,348.25,349.5,344
2014-5-26,345.5,,345.5,345.5,345.5
2014-5-27,339.75,245,337.5,347,335.5
2014-5-28,349.75,450,340,350.75,337
2014-5-29,361.5,1227,363.5,364.25,349.75
2014-5-30,371,994,368,374.5,362.5
2014-6-2,371.25,999,377,382.5,369.25
2014-6-3,359,364,372.25,375.75,357.5
2014-6-4,360.75,222,358.75,362.5,357
2014-6-5,356.25,289,361.75,368.75,356
2014-6-6,356.75,245,354,358,353.5
2014-6-9,343,1176,357.5,357.75,339.75
2014-6-10,347.5,418,344.75,348.5,338.75
2014-6-11,346.25,256,345,347.75,343.75
2014-6-12,329,856,328,332.25,325.75
2014-6-13,332.75,286,330.25,332.5,329
2014-6-16,328.75,552,339.5,340,327
2014-6-17,328.75,434,326.25,332,326.25
2014-6-18,331.75,165,329,332,324.5
2014-6-19,339.25,729,331.75,343.25,331.5
2014-6-20,332,646,339.75,341,331
2014-6-23,333,,333,333,333
2014-6-24,332,,332,332,332
2014-6-25,331.75,,331.75,331.75,331.75
2014-6-26,332,,332,332,332
2014-6-27,328.75,,328.75,328.75,328.75
2014-6-30,324,,324,324,324
2014-7-1,332,,332,332,332
2014-7-2,342,,342,342,342
2014-7-3,345.75,,345.75,345.75,345.75
2014-7-4,345.75,,345.75,345.75,345.75
2014-7-7,338.75,,338.75,338.75,338.75
2014-7-8,340.5,,340.5,340.5,340.5
2014-7-9,329.75,,329.75,329.75,329.75
2014-7-10,331.25,,331.25,331.25,331.25
2014-7-11,326.5,,326.5,326.5,326.5
2014-7-14,332.5,,332.5,332.5,332.5
2014-7-15,331,,331,331,331
2014-7-16,334.75,,334.75,334.75,334.75
2014-7-17,332.25,,332.25,332.25,332.25
2014-7-18,325.25,,325.25,325.25,325.25
2014-7-21,325,,325,325,325
2014-7-22,324,,324,324,324
2014-7-23,324.25,,324.25,324.25,324.25
2014-7-24,326,,326,326,326
2014-7-25,332.5,,332.5,332.5,332.5
2014-7-28,337.5,,337.5,337.5,337.5
2014-7-29,333.25,,333.25,333.25,333.25
2014-7-30,329.75,,329.75,329.75,329.75
2014-7-31,330.5,,330.5,330.5,330.5
2014-8-1,330.75,,330.75,330.75,330.75
2014-8-4,330.5,,330.5,330.5,330.5
2014-8-5,333,,333,333,333
2014-8-6,340.25,,340.25,340.25,340.25
2014-8-7,336.75,,336.75,336.75,336.75
2014-8-8,331.25,,331.25,331.25,331.25
2014-8-11,331,,331,331,331
2014-8-12,332.5,,332.5,332.5,332.5
2014-8-13,331.5,,331.5,331.5,331.5
2014-8-14,333.25,,333.25,333.25,333.25
2014-8-15,334,,334,334,334
2014-8-18,339,,339,339,339
2014-8-19,339.75,,339.75,339.75,339.75
2014-8-20,339.5,,339.5,339.5,339.5
2014-8-21,348.25,,348.25,348.25,348.25
2014-8-22,355.25,,355.25,355.25,355.25
2014-8-25,351.5,,351.5,351.5,351.5
2014-8-26,344.75,,344.75,344.75,344.75
2014-8-27,341,,341,341,341
2014-8-28,341,,341,341,341
2014-8-29,342.25,,342.25,342.25,342.25
2014-9-1,342.25,,342.25,342.25,342.25
2014-9-2,346.75,,346.75,346.75,346.75
2014-9-3,339.25,,339.25,339.25,339.25
2014-9-4,341,,341,341,341
2014-9-5,345,,345,345,345
2014-9-8,347,,347,347,347
2014-9-9,349,,349,349,349
2014-9-10,356.75,,356.75,356.75,356.75
2014-9-11,353.75,,353.75,353.75,353.75
2014-9-12,348.25,,348.25,348.25,348.25
2014-9-15,354.5,,354.5,354.5,354.5
2014-9-16,350.75,,350.75,350.75,350.75
2014-9-17,346.5,,346.5,346.5,346.5
2014-9-18,342.25,,342.25,342.25,342.25
2014-9-19,337.25,,337.25,337.25,337.25
2014-9-22,336.5,,336.5,336.5,336.5
2014-9-23,332.75,,332.75,332.75,332.75
2014-9-24,340.5,,340.5,340.5,340.5
2014-9-25,331.25,,331.25,331.25,331.25
2014-9-26,328.75,,328.75,328.75,328.75
2014-9-29,334,,334,334,334
2014-9-30,335.5,,335.5,335.5,335.5
2014-10-1,338.75,,338.75,338.75,338.75
2014-10-2,344.5,,344.5,344.5,344.5
2014-10-3,342.25,,342.25,342.25,342.25
2014-10-6,350.5,,350.5,350.5,350.5
2014-10-7,351.25,,351.25,351.25,351.25
2014-10-8,343.25,,343.25,343.25,343.25
2014-10-9,343.75,,343.75,343.75,343.75
2014-10-10,342.75,,342.75,342.75,342.75
2014-10-13,344.75,,344.75,344.75,344.75
2014-10-14,345.25,,345.25,345.25,345.25
2014-10-15,343.5,,343.5,343.5,343.5
2014-10-16,347,,347,347,347
2014-10-17,347.75,,347.75,347.75,347.75
2014-10-20,350.5,,350.5,350.5,350.5
2014-10-21,351,,351,351,351
2014-10-22,354,,354,354,354
2014-10-23,360.5,,360.5,360.5,360.5
2014-10-24,351.75,,351.75,351.75,351.75
2014-10-27,360.5,,360.5,360.5,360.5
2014-10-28,356,,356,356,356
2014-10-29,350.5,,350.5,350.5,350.5
2014-10-30,338.5,,338.5,338.5,338.5
2014-10-31,336.25,,336.25,336.25,336.25
2014-11-3,347.25,,347.25,347.25,347.25
2014-11-4,342.5,,342.5,342.5,342.5
2014-11-5,340.5,,340.5,340.5,340.5
2014-11-6,335.75,,335.75,335.75,335.75
2014-11-7,338.75,,338.75,338.75,338.75
2014-11-10,336,,336,336,336
2014-11-11,336,,336,336,336
2014-11-12,338,,338,338,338
2014-11-13,338.75,,338.75,338.75,338.75
2014-11-14,339.5,,339.5,339.5,339.5
2014-11-17,339.5,,339.5,339.5,339.5
2014-11-18,334,,334,334,334
2014-11-19,326.5,,326.5,326.5,326.5
2014-11-20,325.75,,325.75,325.75,325.75
2014-11-21,326.75,,326.75,326.75,326.75
2014-11-24,305.5,,305.5,305.5,305.5
2014-11-25,299,,299,299,299
2014-11-26,295,,295,295,295
2014-11-27,295,,295,295,295
2014-11-28,294.5,,294.5,294.5,294.5
2014-12-1,295.75,,295.75,295.75,295.75
2014-12-2,296,,296,296,296
2014-12-3,295.25,,295.25,295.25,295.25
2014-12-4,298.75,,298.75,298.75,298.75
2014-12-5,299.5,,299.5,299.5,299.5
2014-12-8,304.75,,304.75,304.75,304.75
2014-12-9,301,,301,301,301
2014-12-10,304.5,,304.5,304.5,304.5
2014-12-11,304.75,,304.75,304.75,304.75
2014-12-12,300.75,,300.75,300.75,300.75
2014-12-15,313.75,,313.75,313.75,313.75
2014-12-16,314,,314,314,314
2014-12-17,315,,315,315,315
2014-12-18,316.25,,316.25,316.25,316.25
2014-12-19,310.5,,310.5,310.5,310.5
2014-12-22,309.75,,309.75,309.75,309.75
2014-12-23,309,,309,309,309
2014-12-24,307.75,,307.75,307.75,307.75
2014-12-25,307.75,,307.75,307.75,307.75
2014-12-26,306,,306,306,306
2014-12-29,303.25,,303.25,303.25,303.25
2014-12-30,305,,305,305,305
2014-12-31,303.75,,303.75,303.75,303.75
2015-1-1,303.75,,303.75,303.75,303.75
2015-1-2,302.25,,302.25,302.25,302.25
2015-1-5,306,,306,306,306
2015-1-6,304.5,,304.5,304.5,304.5
2015-1-7,301.75,,301.75,301.75,301.75
2015-1-8,302.25,,302.25,302.25,302.25
2015-1-9,303.25,,303.25,303.25,303.25
2015-1-12,298.25,,298.25,298.25,298.25
2015-1-13,293.25,,293.25,293.25,293.25
2015-1-14,282.75,,282.75,282.75,282.75
2015-1-15,281.75,,281.75,281.75,281.75
2015-1-16,288.75,323,282,289.75,282
2015-1-19,288.75,,288.75,288.75,288.75
2015-1-20,290.25,196,290.5,291.75,286
2015-1-21,290.75,261,289.75,291.5,289.25
2015-1-22,291,216,291.75,296,290
2015-1-23,290.5,274,292.5,292.75,290
2015-1-26,290.75,334,290,292.25,286.5
2015-1-27,289.25,176,290.25,292.5,288.75
2015-1-28,287.5,295,290,292,287
2015-1-29,282.5,596,280,289,279.5
2015-1-30,275.5,1272,281,284,266.5
2015-2-2,269.25,687,275.5,275.5,262
2015-2-3,280,462,272.25,281,266.25
2015-2-4,281,473,285,289.75,278
2015-2-5,287.75,,287.75,287.75,287.75
2015-2-6,283.5,466,289.25,291,280.75
2015-2-9,279.5,441,279.5,284.5,277.5
2015-2-10,275,537,278.5,279.5,272
2015-2-11,275.75,394,278,282.5,274
2015-2-12,273.25,,273.25,273.25,273.25
2015-2-13,278,573,273.25,279,273.25
2015-2-16,278,,278,278,278
2015-2-17,276.25,319,277,279,275
2015-2-18,271.5,294,276.25,277,270.5
2015-2-19,274,356,271.25,275,268.25
2015-2-20,273.5,432,274,277,272.5
2015-2-23,272,384,274,274.25,271
2015-2-24,272.75,259,274.25,274.5,271
2015-2-25,267.25,358,266.25,273.75,265.5
2015-2-26,274.5,495,267.25,275,265.5
2015-2-27,278.25,534,265,278.75,270.5
2015-3-2,278,349,278.5,281,276.75
2015-3-3,283.75,563,284,285,277.5
2015-3-4,284.75,387,284.75,285,280.25
2015-3-5,286.5,351,284,287,281.75
2015-3-6,283,324,286.5,287,281.25
2015-3-9,286.25,314,281,287.75,277.5
2015-3-10,282.5,230,287.25,288.75,279.75
2015-3-11,282,209,283,286.5,281.25
2015-3-12,281.25,142,282.25,283.5,280
2015-3-13,277.75,174,281.5,281.5,275.5
2015-3-16,278,127,276.5,278,273.75
2015-3-17,271,177,276,278,270.75
2015-3-18,273.25,227,274.25,274.25,270
2015-3-19,273,228,274.75,278,271.5
2015-3-20,279,306,274.25,280.75,271.25
2015-3-23,281.5,368,280,285.75,278
2015-3-24,282,227,280.75,285.25,279.5
2015-3-25,282.25,264,282.5,283.75,281
2015-3-26,277.75,272,283,283.5,273.5
2015-3-27,272.25,262,277,278,272
2015-3-30,269.75,461,270,276,268
2015-3-31,264.75,716,264.75,272.75,262.5
2015-4-1,262,1143,259.5,265.5,254.25
2015-4-2,269,534,265.25,271.75,262
2015-4-3,269,,269,269,269
2015-4-6,269,309,270,272,266.25
2015-4-7,273,,273,273,273
2015-4-8,270,356,272.75,274.75,269
2015-4-9,269,864,271,271.75,268
2015-4-10,266.5,438,267.75,268.75,262
2015-4-13,264,386,266.5,268.5,262
2015-4-14,263.75,960,267.25,266.75,262
2015-4-15,261.25,471,263.5,269.5,258
2015-4-16,258,420,259.5,262,256.75
2015-4-17,269,579,263.5,269.5,263.25
2015-4-20,266.75,271,270.5,271.75,265
2015-4-21,263.5,440,267,268.5,261.5
2015-4-22,262.25,213,263.25,263.75,261.25
2015-4-23,255.5,652,256,267,254.25
2015-4-24,245.5,913,250.5,255,243.25
2015-4-27,241.25,1189,242.5,245.5,223
2015-4-28,240.75,503,242.25,242.5,238.5
2015-4-29,240.75,661,240,242,236
2015-4-30,244.25,490,239.75,245,237
2015-5-1,236,441,244,245,233.5
2015-5-4,232,279,235,237.25,228.5
2015-5-5,230,467,227.5,230.75,224.75
2015-5-6,241.25,566,238.5,247.5,229
2015-5-7,232.5,482,242.75,247,229.25
2015-5-8,239.5,275,235,243,231.5
2015-5-11,235.5,216,235.5,242.25,234.25
2015-5-12,242.75,460,245,245,235.25
2015-5-13,235.75,423,241,246,234.5
2015-5-14,247.5,456,240,248.75,235.25
2015-5-15,248.5,452,247.75,253.25,246.75
2015-5-18,253.5,221,254.75,256,248.5
2015-5-19,248,338,253,256,246
2015-5-20,241,518,240.75,246.75,235.75
2015-5-21,244.25,182,241.25,244.75,240.25
2015-5-22,242.5,385,245,248.5,242.25
2015-5-25,242.5,,242.5,242.5,242.5
2015-5-26,238.5,343,244,248,238
2015-5-27,236.5,253,239.75,240.25,234.5
2015-5-28,240,515,238.25,242,235.25
2015-5-29,234,927,240,243.25,233.5
2015-6-1,244.5,851,235,249.75,234
2015-6-2,252.75,778,253,255.5,242.25
2015-6-3,251.75,344,254,255.25,250.75
2015-6-4,254,165,251.75,255,250.5
2015-6-5,258.75,314,251.5,260,251.5
2015-6-8,264.75,943,259.75,269.75,259.5
2015-6-9,257,560,266,269,255.75
2015-6-10,267.5,482,271.75,271.75,264.25
2015-6-11,270.5,192,267.5,271.25,267.5
2015-6-12,267.25,449,269.5,273.5,265.5
2015-6-15,266.5,449,269,269,266
2015-6-16,265.5,172,265.5,268.5,265
2015-6-17,267.75,356,265.75,272.25,265.5
2015-6-18,265,238,268.5,269.25,259
2015-6-19,258.25,290,265,265,256.25
2015-6-22,263.5,201,256.75,263.75,256.5
2015-6-23,267.5,423,264.5,269,258.75
2015-6-24,269,228,266.5,270.75,266.25
2015-6-25,270.75,487,268.5,275,268.5
2015-6-26,273.5,781,275,277,270.75
2015-6-29,267,504,273.75,276,262.25
2015-6-30,277.75,814,278.75,283.5,265
2015-7-1,271.5,563,278,281.25,269.25
2015-7-2,274.5,500,266.75,277,266.5
2015-7-3,274.5,,274.5,274.5,274.5
2015-7-6,274.25,191,270.75,274.5,268.25
2015-7-7,271.75,201,274.75,277.5,269
2015-7-8,267,196,271,272.5,266.75
2015-7-9,267.75,353,266.75,271.5,263.75
2015-7-10,269.5,241,267.25,270,264
2015-7-13,268,123,269.75,272,266.5
2015-7-14,268.5,268,269.75,270,266.5
2015-7-15,267.25,131,269.75,269.75,266.5
2015-7-16,268.5,228,269.25,270.75,268
2015-7-17,262.5,359,267.75,267.75,260.5
2015-7-20,253.5,346,262,262,251.25
2015-7-21,253.25,303,253.5,254,249
2015-7-22,249,261,247,254,245.5
2015-7-23,249,179,249.75,251,247
2015-7-24,242.5,364,249,249,240.75
2015-7-27,238.75,348,236,241.75,233.5
2015-7-28,242.25,199,240.75,245,238.5
2015-7-29,240,179,239.5,242.5,238
2015-7-30,246.5,462,245,247.25,240.25
2015-7-31,252,655,247,253,245
2015-8-3,245.25,562,246,252,241
2015-8-4,246.25,204,246,248.75,244.75
2015-8-5,244.25,182,246.25,246.25,242.5
2015-8-6,245,132,244,246,243.5
2015-8-7,244.25,166,244.5,245,242
2015-8-10,247.75,776,246,251.5,243.5
2015-8-11,240,772,247.25,247.75,239.5
2015-8-12,239.75,464,239.75,244,235
2015-8-13,239.5,517,239.75,242,234
2015-8-14,239.5,125,241.75,241.75,238
2015-8-17,236,349,240.5,241,231
2015-8-18,237.5,172,234.5,238,234
2015-8-19,234,382,238.25,239,233.5
2015-8-20,233,182,233.25,236,232.5
2015-8-21,225.5,720,225,234.75,221
2015-8-24,220.75,725,221,227.25,216
2015-8-25,219.25,364,221,224.75,217.5
2015-8-26,215.75,437,219.5,222.5,215.25
2015-8-27,222,414,220,224.5,215
2015-8-28,228.5,521,221.75,230,221.25
2015-8-31,230.25,278,228.25,233,225.25
2015-9-1,224,282,230,231,222
2015-9-2,224.5,,224.5,224.5,224.5
2015-9-3,222.75,,222.75,222.75,222.75
2015-9-4,223.25,139,223.25,225,221.75
2015-9-7,223.25,,223.25,223.25,223.25
2015-9-8,227.5,412,227,228.75,221.75
2015-9-9,233.25,707,234,237,227.25
2015-9-10,232,341,236.5,238,229.5
2015-9-11,230,320,231.75,234.75,220
2015-9-14,232.75,199,230,233,230
2015-9-15,235.75,303,230,238,230
2015-9-16,233.75,410,234,240,232.75
2015-9-17,231.75,271,233.25,234.25,227
2015-9-18,230.5,133,232.25,234.5,229.5
2015-9-21,231.75,178,230.5,233.25,230
2015-9-22,226.5,176,231.75,232.5,225.75
2015-9-23,230,224,226.75,232.5,226
2015-9-24,226.25,239,229,230.75,226
2015-9-25,231.25,223,228,231.5,227.5
2015-9-28,229.25,179,232,233,228.25
2015-9-29,226.5,146,228.75,230.75,226.25
2015-9-30,226.75,223,227.25,230,225.25
2015-10-1,221,541,226,227.5,220
2015-10-2,212.25,723,219,224,210.25
2015-10-5,216,453,212.25,216.5,210
2015-10-6,219,323,216.5,220.75,214.5
2015-10-7,219.25,598,223.25,227,219
2015-10-8,218.75,114,221,222.5,218.5
2015-10-9,227.25,399,220,228,219.5
2015-10-12,228.5,195,229.25,230,227.25
2015-10-13,232,539,229.75,234,228.5
2015-10-14,231.75,258,231.5,232,229.25
2015-10-15,234.5,305,233,235,231.25
2015-10-16,230.75,297,235,235.25,226.5
2015-10-19,227,383,230.75,230.75,223.5
2015-10-20,224.75,330,226.75,227.75,223.25
2015-10-21,227.75,157,225.75,229.75,224.5
2015-10-22,225,177,226.25,229,225
2015-10-23,227.75,195,226.5,228.25,225
2015-10-26,228.75,181,226,230,225.75
2015-10-27,227.25,132,229.5,229.75,225.75
2015-10-28,227,179,227.75,228.75,225
2015-10-29,227,432,227,228.75,227
2015-10-30,227.25,458,229.25,229.25,225.5
2015-11-2,222.5,853,227,229,220.5
2015-11-3,225,365,222.75,225.5,221
2015-11-4,226,597,225.75,228.5,223
2015-11-5,224.5,374,226.75,227.25,223.75
2015-11-6,223.75,356,227.25,227.25,223
2015-11-9,224,427,223,226.25,221.25
2015-11-10,226.5,412,223.5,226.75,222.25
2015-11-11,234.75,1026,233.25,237.5,225
2015-11-12,230,830,236.25,239,229.5
2015-11-13,231.5,478,230.5,233,224.25
2015-11-16,235,624,229.75,237,229.5
2015-11-17,237.75,616,236.75,239,233.75
2015-11-18,228,816,226.5,230,226.25
2015-11-19,230,581,228.25,230.75,228.5
2015-11-20,232.25,495,228,233,227.75
2015-11-23,227.5,749,233.25,234.75,227.25
2015-11-24,235,640,229.25,235.5,225.5
2015-11-25,236.75,531,236.75,237,234
2015-11-26,236.75,,236.75,236.75,236.75
2015-11-27,232.75,308,236.75,237,232
2015-11-30,232.5,338,232.75,236,231
2015-12-1,236.75,600,233.75,239.5,233
2015-12-2,235.25,492,236,239.5,235
2015-12-3,239.75,397,236,240,236.25
2015-12-4,241,702,239,247.5,238.5
2015-12-7,235.25,467,240,244.75,235
2015-12-8,242,381,234.5,242.75,231.75
2015-12-9,238.25,317,241.5,242.25,235.25
2015-12-10,237.5,277,238.25,238.75,236.25
2015-12-11,232.5,465,237.5,238.75,232
2015-12-14,232.75,329,232.75,235.75,228.5
2015-12-15,227.75,658,229.5,231.75,225
2015-12-16,223,498,227,227.75,222.25
2015-12-17,228,756,221.5,229.5,217.5
2015-12-18,226.5,387,231,234.75,226
2015-12-21,225,167,226.5,230.5,223.75
2015-12-22,225,258,226,227.5,225
2015-12-23,221.75,489,224.75,228.75,216
2015-12-24,219.5,130,219.75,221,219
2015-12-25,219.5,,219.5,219.5,219.5
2015-12-28,223.75,344,223.75,227,219
2015-12-29,220.5,244,221.5,226,219
2015-12-30,218.25,310,220.5,221.25,218
2015-12-31,217.25,264,219.5,220.25,217
2016-1-4,210.5,621,212.25,219,205.25
2016-1-5,210.25,407,209.25,212,207.25
2016-1-6,212,241,209,212.25,208.5
2016-1-7,208.75,574,211,212.75,206.25
2016-1-8,210.75,290,209,212,208.25
2016-1-11,199,660,211,211.5,196.75
2016-1-12,205.5,902,207.75,206.5,192.5
2016-1-13,205,,205,205,205
2016-1-14,200.25,522,205.5,206,200
2016-1-15,198.75,290,198.75,206,197
2016-1-19,207.5,333,208.5,208.5,198.75
2016-1-20,204.5,607,203,207.75,202
2016-1-21,203.75,419,203.75,206.5,201
2016-1-22,205.5,313,206.75,207.5,203.25
2016-1-25,205.25,333,206.5,206.75,201.25
2016-1-26,201.5,377,204.5,205,200
2016-1-27,201,445,201.25,203.25,200.5
2016-1-28,199,665,200.75,201.25,196.75
2016-1-29,200.75,1217,200,201.5,198.5
2016-2-1,197.25,900,198.25,202.5,196
2016-2-2,200.25,275,199.25,201.25,197
2016-2-3,196.5,272,201,202,196.25
2016-2-4,196.25,,196.25,196.25,196.25
2016-2-5,197,379,196.5,197.75,196.25
2016-2-8,199,,199,199,199
2016-2-9,195.75,583,198.25,200,195
2016-2-10,189.25,,187.5,189.25,189.25
2016-2-11,191.5,,191.5,191.5,191.5
2016-2-12,196.25,380,192.25,198.5,190.75
2016-2-16,203.5,,203.5,203.5,203.5
2016-2-17,203.5,775,203.5,204.75,202
2016-2-18,200.75,710,204.5,204.5,198.75
2016-2-19,196,734,199.25,200.75,195.5
2016-2-22,195,,195,195,195
2016-2-23,191,685,195.75,197,190
2016-2-24,187,616,187,191.75,186
2016-2-25,183.5,834,182.5,189,182.75
2016-2-26,184,999,184.5,186,181
2016-2-29,182.75,511,179.5,184.75,180
2016-3-1,178.25,613,176,183.75,175.75
2016-3-2,180.25,701,180,182.75,171.75
2016-3-3,186.5,528,184,188,181
2016-3-4,181.75,857,186.5,188,180.5
2016-3-7,187.75,477,186,188,184
2016-3-8,188.75,373,188,189.5,186
2016-3-9,186.5,378,189.5,190,185.5
2016-3-10,188.25,338,186.75,189,182.75
2016-3-11,191.5,302,188.5,192,187
2016-3-14,194.75,382,192,197.25,191
2016-3-15,195.75,297,194.25,199.5,194
2016-3-16,191.25,104,195.5,197,194.25
2016-3-17,191.25,351,193.25,197.5,189
2016-3-18,188,195,191.25,193,187.5
2016-3-21,190.75,379,188.5,193,188
2016-3-22,190.25,108,192,193,189.75
2016-3-23,187.5,210,190,190.25,185.25
2016-3-24,187,260,187.5,188.75,183.75
2016-3-28,190,209,188.5,192,187
2016-3-29,189.75,238,192,192,188.5
2016-3-30,185.25,683,188,191.75,184.5
2016-3-31,185.5,656,185,188,182.25
2016-4-1,185,558,186.25,188.75,184.5
2016-4-4,187,237,187.75,189.75,185.75
2016-4-5,184.25,161,183.5,189.25,184
2016-4-6,183.5,351,182.25,186,181
2016-4-7,186.25,405,183.75,188.75,181.75
2016-4-8,187,887,186.25,189.25,185.25
2016-4-11,184.75,552,187,188.25,184
2016-4-12,187.5,705,185.25,189,185
2016-4-13,192,573,193.5,192.5,187
2016-4-14,193,392,191.5,193.75,190.25
2016-4-15,189.5,533,193,194,188
2016-4-18,190.75,399,190,193.25,190
2016-4-19,204.5,1032,190.75,197,190.75
2016-4-20,214.75,1053,206.75,216,205
2016-4-21,212.25,1687,221.5,224.75,211
2016-4-22,207.25,976,212.5,214,202.5
2016-4-25,206.25,664,207.25,209.25,204.25
2016-4-26,205.5,592,207.5,207.75,203.5
2016-4-27,208.25,754,207.25,212.5,207.25
2016-4-28,206.75,884,210.5,210.25,205.5
2016-4-29,205.75,376,206.5,207.25,202.25
2016-5-2,205.5,284,206,208.75,203.5
2016-5-3,199,588,205,206.75,196
2016-5-4,195,615,197.5,199.75,194
2016-5-5,192.5,380,192.5,195.25,191.25
2016-5-6,193,279,192,194.5,191.5
2016-5-9,189.5,690,194.5,196,185.5
2016-5-10,192,586,187.5,193.75,186
2016-5-11,188.25,294,193,193.25,187.25
2016-5-12,191.75,259,192,192.5,188
2016-5-13,195.25,424,189,196,188.75
2016-5-16,197,453,196,197.75,192
2016-5-17,196.5,421,197,198.5,195.75
2016-5-18,193.5,226,194,197.75,192.75
2016-5-19,188.25,460,192.25,194.5,187.5
2016-5-20,189.5,329,189.25,190.75,187.5
2016-5-23,189.5,238,189,190.25,188
2016-5-24,188.75,587,189.75,190.25,188.25
2016-5-25,190,597,190.25,191.75,187.5
2016-5-26,191.25,373,193.5,194,189.75
2016-5-27,193,407,191.75,194,191.25
2016-5-31,189,689,191.5,193,186.5
2016-6-1,190.25,852,187.75,190.5,186.75
2016-6-2,190.75,818,191.75,191.75,187.75
2016-6-3,188,488,191.25,191.5,187.25
2016-6-6,193.75,574,192,195.25,188
2016-6-7,196.5,539,195.5,197.5,194
2016-6-8,205.75,1318,205,206.75,197.25
2016-6-9,205.25,1028,205,209,200.5
2016-6-10,201.75,1173,202.75,209.75,200.5
2016-6-13,205.25,605,206,208.75,201.75
2016-6-14,206.5,951,205,207.5,201.5
2016-6-15,204.5,785,207,210.5,203.75
2016-6-16,204.5,696,204.5,205,200.5
2016-6-17,225.25,738,203,210.25,203
2016-6-20,222.25,876,225.5,228,219.75
2016-6-21,216.25,502,218,221.75,215.5
2016-6-22,216.75,623,213.25,217.25,212.5
2016-6-23,210,700,216.5,216.5,209.25
2016-6-24,205.75,578,210,210,202
2016-6-27,200.75,686,206,208,200
2016-6-28,202.5,494,201,207.25,200.25
2016-6-29,201.25,354,205,205,199
2016-6-30,201.75,273,202.5,204,200.25
2016-7-1,192.75,655,201.5,203.75,190.75
2016-7-5,191.5,308,187.5,193.75,188.25
2016-7-6,193.5,324,193,195,190.25
2016-7-7,195.5,220,195.75,195.75,192
2016-7-8,197.5,306,197.75,200.75,195.75
2016-7-11,205.75,443,199,206.25,197.25
2016-7-12,205.75,373,209.75,208.5,204.25
2016-7-13,203.75,483,205.5,209.25,199.25
2016-7-14,203.5,235,203.25,209.75,203.25
2016-7-15,204.75,366,204,207,203.25
2016-7-18,202.75,107,205,205,201
2016-7-19,202,224,206.25,207.75,201.25
2016-7-20,204.5,103,202.75,204.75,201.75
2016-7-21,204,155,204,205,200.25
2016-7-22,199.5,155,204,205,200.25
2016-7-25,198.75,246,194.75,198.75,194
2016-7-26,196.75,117,197.5,199,196.25
2016-7-27,197.25,567,196.75,197.5,194
2016-7-28,199.25,724,197.25,200,195
2016-7-29,197.5,724,197.25,200,195
2016-8-1,190.75,552,196,203,197
2016-8-2,189,585,191,192.5,188.5
2016-8-3,185.75,1042,190,190.5,181
2016-8-4,184.25,561,186,188,182
2016-8-5,185.5,561,186,188,182
2016-8-8,184,296,186,186.5,183.5
2016-8-9,183.5,349,186.5,185,183
2016-8-10,182,444,184.5,185,179
2016-8-11,181.25,444,184.5,185,179
2016-8-12,186.5,299,182.25,184.5,180
2016-8-15,187.25,562,186.5,188,185
2016-8-16,185.75,448,187.25,187.75,184.75
2016-8-17,183.75,231,184.5,185.75,183
2016-8-18,184.5,359,183.5,185.75,183.5
2016-8-19,187.75,359,183.5,185.75,183.5
2016-8-22,186.25,298,189.5,188.25,186
2016-8-23,184.75,498,184.5,187.25,182
2016-8-24,189,401,187.75,189.5,184.25
2016-8-25,185.25,564,188.75,188.75,182
2016-8-26,179,564,188.75,188.75,182
2016-8-29,177.5,941,177.5,180,174.25
2016-8-30,176,384,177.5,178.25,172.25
2016-8-31,180.75,449,175.75,181.25,175.75
2016-9-1,178,271,180,181.5,177.75
2016-9-2,173.5,271,180,181.5,177.75
2016-9-6,173.5,333,178.5,178.5,173
2016-9-7,174.75,399,175.75,176.25,172.75
2016-9-8,177.75,210,175.25,178,174
2016-9-9,177.25,325,178,179.5,176.5
2016-9-12,174.75,287,175,177.75,174.25
2016-9-13,173.75,407,173,177,171
2016-9-14,174.5,432,173,178.75,173
2016-9-15,173,217,174.75,174.75,172.5
2016-9-16,175.75,343,172.75,176.5,172.25
2016-9-19,173,340,175.5,177,172.75
2016-9-20,175,275,173.75,175.75,173
2016-9-21,176.25,448,177.25,178,174.5
2016-9-22,177.25,128,176.5,178,176.5
2016-9-23,177,112,176.75,178,176.25
2016-9-26,173.25,185,176,177.5,172
2016-9-27,174.5,153,174,175.25,172.5
2016-9-28,174,132,175,175,174
2016-9-29,176,258,174,177,174
2016-9-30,178.25,591,174,180,173.5
2016-10-3,183,765,180,183.75,178.5
2016-10-4,181.25,403,181,183.5,180.5
2016-10-5,184,384,184,184,179.25
2016-10-6,187.75,561,187.25,189,182.75
2016-10-7,190.75,795,188,194.25,188
2016-10-10,197,903,193.5,198,192.25
2016-10-11,199,736,195.5,201.75,196.5
2016-10-12,198,752,194.5,203,197.5
2016-10-13,195.75,862,199,199.5,191
2016-10-14,198.75,350,196.25,200,195.75
2016-10-17,200,398,199.5,202.25,197
2016-10-18,203.75,1006,197.75,205.75,197.5
2016-10-19,209,773,208.75,209.25,202.5
2016-10-20,210.5,773,208.75,209.25,202.5
2016-10-21,218.25,729,210.25,218.75,209.25
2016-10-24,213.25,712,211,219,212.5
2016-10-25,212,437,216,216,210.5
2016-10-26,215,312,213,216.5,210.25
2016-10-27,232,312,213,216.5,210.25
2016-10-28,223.75,1457,230,240.5,221.5
2016-10-31,220.5,,220.5,220.5,220.5
2016-11-1,219.5,751,224.5,229.5,220.25
2016-11-2,224.5,494,221,228.75,221
2016-11-3,222,620,227.25,227.75,217.75
2016-11-4,228.25,470,232.75,232.25,220.75
2016-11-7,228,317,227.75,229.75,226
2016-11-8,225.75,299,228.5,230,225.5
2016-11-9,222.5,447,221.25,227.75,222
2016-11-10,220.75,209,224.25,224.25,220.75
2016-11-11,224.75,168,222.75,225,221
2016-11-14,227.75,302,223.25,228.25,222.5
2016-11-15,233,522,229.25,234.75,228
2016-11-16,233.5,349,232.5,235,230.25
2016-11-17,239.75,670,240,238.5,233.5
2016-11-18,238,666,241,243,236
2016-11-21,229,655,235,239.25,228.25
2016-11-22,228,601,233.25,233.75,226.5
2016-11-23,223.25,681,226.75,228,222.75
2016-11-25,216.5,473,223.5,223.5,216.25
2016-11-28,216.75,1234,216,223.5,215.25
2016-11-29,212,787,217.75,219.25,210.75
2016-11-30,212.25,355,218,214.25,211
2016-12-1,215.25,490,213.25,219.5,212
2016-12-2,214.5,324,214,215.75,211.75
2016-12-5,213.25,451,216.5,218.5,211.5
2016-12-6,218.5,480,221.75,218.75,212.75
2016-12-7,222.75,468,221.25,226.25,218.25
2016-12-8,223,186,221.25,225.75,221.25
2016-12-9,225,240,224.75,228,223
2016-12-12,230.25,764,234,231,223.5
2016-12-13,232.5,512,229.75,234.5,230.75
2016-12-14,229.75,516,234.25,234.75,226.5
2016-12-15,225.25,267,228,229.5,223.25
2016-12-16,224,181,224.5,225.75,223.25
2016-12-19,225.5,155,226,227.5,224
2016-12-20,223.75,252,228.25,226.25,223
2016-12-21,223.25,133,228,226,223
2016-12-22,218,328,221,222.75,218
2016-12-23,218.5,166,217.5,219,216.25
2016-12-27,228.5,290,233.25,233.25,217.25
2016-12-28,227.75,171,229,229,226.5
2016-12-29,226.5,205,220.25,230.75,223.5
2016-12-30,228.5,136,228,229.5,226.75
2017-1-3,235.5,598,239.25,237.25,229
2017-1-4,237.75,352,236,239,234.5
2017-1-5,236.5,314,238.75,239.5,235.5
2017-1-6,228,498,228,238.75,226.5
2017-1-9,225.5,246,222,232,225
2017-1-10,226.5,206,230.25,230.5,225.25
2017-1-11,231.75,416,226.5,232.75,226
2017-1-12,235.75,199,230.25,237,233.5
2017-1-13,242.5,640,236,243,234.5
2017-1-17,249.25,1150,249.25,253.75,242
2017-1-18,257,653,260,261.25,248.75
2017-1-19,258,576,254,259.75,250.75
2017-1-20,262.75,419,259.5,264.5,255
2017-1-23,256.75,466,259.75,260,253.5
2017-1-24,260,216,257.75,261,257.25
2017-1-25,255.25,443,260.75,264.75,254.5
2017-1-26,253.25,443,260.75,264.75,254.5
2017-1-27,253.25,461,256,257,249.25
2017-1-30,243.75,694,244.25,253.25,243.25
2017-1-31,244.25,445,247.25,247.5,243
2017-2-1,250.75,533,245.5,253.25,245
2017-2-2,255,268,254.75,258,250
2017-2-3,258.75,289,254.25,259.75,251
2017-2-6,261.25,310,257,264.75,255
2017-2-7,257.5,392,256,261,254.75
2017-2-8,254,358,254.75,258,250.5
2017-2-9,254.5,297,256,257.5,250
2017-2-10,254.5,262,252.25,255.75,252.25
2017-2-13,254.75,436,257.25,260.75,252.5
2017-2-14,254,441,253,256,252.5
2017-2-15,248.5,700,252.75,253.75,249
2017-2-16,251.5,577,248.75,253.75,248.75
2017-2-17,251.25,510,251.75,253,247
2017-2-21,250.75,605,253,253,247.75
2017-2-22,252.75,465,252.5,254.25,249.75
2017-2-23,252.75,276,252.5,253,251
2017-2-24,250,341,252.5,252.5,248
2017-2-27,243,566,249.75,249.75,242
2017-2-28,244.25,382,245.25,248.5,243
2017-3-1,246.5,248,246.75,250,244.5
2017-3-2,238.25,744,245.75,248.25,235.25
2017-3-3,242.25,373,239,243.75,237.25
2017-3-6,245,262,243,246.5,241.75
2017-3-7,240,368,243.25,246,238
2017-3-8,243.75,226,239,244,237.25
2017-3-9,240.5,183,242,244.25,239.25
2017-3-10,246.25,194,239.75,247.5,239.25
2017-3-13,246,185,245,247.75,243.5
2017-3-14,253.75,491,254,256.75,244
2017-3-15,257.25,208,253.25,258,251.5
2017-3-16,249.25,335,256.25,258,249
2017-3-17,250,282,249,252.5,247
2017-3-20,250.75,178,250.75,251.75,247
2017-3-21,253.75,163,254,254,248
2017-3-22,251.5,115,253.5,254,250.25
2017-3-23,248,257,251.5,253.25,246.75
2017-3-24,246.25,143,247.75,250.25,245.75
2017-3-27,240.5,345,241.25,248.5,239.25
2017-3-28,235,701,234,242,234
2017-3-29,231.25,499,234,234.5,229
2017-3-30,227.25,753,231.25,231.25,226
2017-3-31,224.25,849,226.5,227.75,221.25
2017-4-3,225.5,522,225,225.5,221.5
2017-4-4,222.75,293,225.5,225.5,221.75
2017-4-5,222.5,375,223.25,224.25,220
2017-4-6,218.75,363,222.75,222.75,218
2017-4-7,216.5,593,218.75,219.5,215.75
2017-4-10,216.5,392,217,218,213.75
2017-4-11,219.75,440,216.5,220,215.5
2017-4-12,224.5,444,223.25,225,217.5
2017-4-13,225.5,390,225.25,225.5,222.5
2017-4-17,219.25,449,225.5,230.5,218
2017-4-18,218.75,237,220.25,221,216
2017-4-19,218.25,331,219.25,219.25,216.5
2017-4-20,218,384,217,220,215.25
2017-4-21,216.25,557,214.5,217.75,215
2017-4-24,217.75,484,217,219.25,215
2017-4-25,221.5,411,219,222.25,218
2017-4-26,219.75,392,222,222.5,219.75
2017-4-27,222.5,372,222.5,222.75,219.75
2017-4-28,228,558,220.5,230,220.5
2017-5-1,239.5,537,230.25,239.75,228.25
2017-5-2,241.5,681,224.75,244.5,236.75
2017-5-3,238.25,326,237.5,242,232.5
2017-5-4,244,491,239,245,239.5
2017-5-5,248.75,444,240,249.5,239.25
2017-5-8,248.5,540,244,252,243.75
2017-5-9,245.75,284,249.75,249.75,245
2017-5-10,244.25,236,243.5,246.75,242
2017-5-11,246.25,231,245,248.5,245
2017-5-12,241,252,243.25,247,240
2017-5-15,230.25,721,241,244.75,230
2017-5-16,229.75,362,233.5,233.5,227
2017-5-17,235.5,210,231.75,237.5,226.75
2017-5-18,236,211,233.25,237.25,231
2017-5-19,241.75,356,239.25,245,236
2017-5-22,246.75,411,239.75,247.75,236.25
2017-5-23,241.25,268,245.5,247.5,241
2017-5-24,238.5,209,239.75,243,238.25
2017-5-25,242,331,240.25,242.5,235
2017-5-26,244.25,197,242,245,241.25
2017-5-30,242.25,327,244,244.75,238.75
2017-5-31,247.5,634,243.75,249.5,241.5
2017-6-1,255,1011,249,258.25,247
2017-6-2,246,989,256.75,263.75,244.5
2017-6-5,242.25,572,249,250.25,237.75
2017-6-6,256.25,450,246.75,257.75,243
2017-6-7,260.5,486,258,264.75,253
2017-6-8,245,809,259,261.75,240.5
2017-6-9,252.25,484,245,254.75,243.25
2017-6-12,249.75,187,250,256.75,248
2017-6-13,253.25,385,252,255,250.25
2017-6-14,255.5,277,255.5,256.25,252.5
2017-6-15,261.25,349,261.25,262.5,249.25
2017-6-16,269.25,553,265,271.5,260
2017-6-19,268.25,422,267.5,272.25,263.25
2017-6-20,261.25,516,269.25,270,261
2017-6-21,258.75,383,264,266.5,257.75
2017-6-22,257.25,458,256.5,261,255
2017-6-23,260.5,529,257.75,262,257.25
2017-6-26,256.75,721,264.25,267.75,256
2017-6-27,253.75,387,259,259,253.25
2017-6-28,258.75,379,254,261,254
2017-6-29,262.75,359,264,265.25,259.5
2017-6-30,282.75,887,261.75,282.75,261.75
2017-7-3,294.5,541,294.5,304.25,284.25
2017-7-5,287.25,396,297,305.25,283.25
2017-7-6,276.25,398,279.5,290,270.5
2017-7-7,286,402,284.75,290,276.5
2017-7-10,290.25,352,293.25,296,284
2017-7-11,292.5,205,290.5,293.5,285
2017-7-12,284.5,240,292.75,292.75,280.5
2017-7-13,278.75,338,284,286,277.5
2017-7-14,290,413,279,293.75,278.25
2017-7-17,288.5,149,288,291,283.5
2017-7-18,292,523,290.5,302.75,290.5
2017-7-19,294,157,292.5,299,291.5
2017-7-20,297.5,139,296,298.5,292.25
2017-7-21,296.25,172,298.25,300.25,294
2017-7-24,287.25,613,295,299.5,284.25
2017-7-25,280.5,315,290.5,292.75,280
2017-7-26,287.75,380,280,290,280
2017-7-27,291.5,273,285.25,292.5,285.25
2017-7-28,291.75,378,291,295.5,290
2017-7-31,286.25,540,290.5,290.5,282.5
2017-8-1,281.5,443,285,287.25,280
2017-8-2,289.5,437,283.25,294.5,283.25
2017-8-3,285.75,123,289,289,284.25
2017-8-4,284.25,206,283.75,286.25,282
2017-8-7,276.5,431,285,286,274
2017-8-8,276.75,172,276.25,279.25,275
2017-8-9,275.5,161,276.75,277.75,275.5
2017-8-10,267,608,276.25,284,266
2017-8-11,263.25,358,268.75,269.25,258.75
2017-8-14,261,346,261.75,263,255.75
2017-8-15,256.75,285,262.75,262.75,255
2017-8-16,257.25,218,257,258.75,255
2017-8-17,258,377,256.5,269,255.75
2017-8-18,258.75,136,258.25,261.75,258.25
2017-8-21,250.25,544,258,258.75,250
2017-8-22,245.5,629,250,250,244.75
2017-8-23,246,165,246.25,246.75,245
2017-8-24,252.25,659,245.5,261.5,242.75
2017-8-25,253,240,253,259,251.75
2017-8-28,251.75,162,253,259.75,251.25
2017-8-29,246.5,198,251.75,252,246.25
2017-8-30,243.25,391,246.5,249.5,240.5
2017-8-31,237,684,244,245.75,235.5
2017-9-1,236.25,328,237.75,241.5,235
2017-9-5,231.25,760,238,244,230.25
2017-9-6,233.75,388,232,235,230
2017-9-7,233.75,176,234.5,236.5,231
2017-9-8,232,163,233.75,235.25,231.25
2017-9-11,234.25,203,232.75,234.75,232
2017-9-12,234.25,401,235,238.75,232.75
2017-9-13,237.75,202,232.75,238.5,232.75
2017-9-14,238,327,237.75,241.25,236.25
2017-9-15,236,211,238,238.75,234.5
2017-9-18,239.75,284,236.5,242,232.5
2017-9-19,240.25,353,239.75,244,235.25
2017-9-20,246.25,483,241.5,249,241
2017-9-21,250,270,246.25,252,246.25
2017-9-22,248,183,248,252,245.5
2017-9-25,250.75,261,247.5,251.75,246
2017-9-26,250.25,197,250.75,252,247.5
2017-9-27,248,288,248,251.25,243.5
2017-9-28,249.5,87,249,250.25,247.75
2017-9-29,251.25,443,249.25,253.25,244.5
2017-10-2,252.5,192,252,254.25,248.5
2017-10-3,251.25,126,252.5,253.25,250.5
2017-10-4,246.25,126,250.75,250.75,246
2017-10-5,247.25,84,246.75,248.5,245.75
2017-10-6,251,169,247.25,252.5,245.5
2017-10-9,248.25,131,251.5,252.25,246.25
2017-10-10,249.5,187,248.5,252.5,247
2017-10-11,252.75,250,250.75,253,248.5
2017-10-12,261.75,690,252.75,264,252
2017-10-13,266.75,493,262,268,262
2017-10-16,259.5,641,267,269.5,258
2017-10-17,264.75,345,259.75,264.75,259.25
2017-10-18,267.75,314,267.75,268.75,264
2017-10-19,269.5,312,266.5,272.5,266
2017-10-20,269.75,314,270,273.5,266.5
2017-10-23,273.5,263,268.5,275,266.75
2017-10-24,277,340,275,279.5,273.5
2017-10-25,276.25,398,279.25,282.75,275.5
2017-10-26,262.5,670,275.75,277.25,261.25
2017-10-27,265.25,356,267,267,262
2017-10-30,263.25,528,264.5,267,262
2017-10-31,264.75,635,264,267,257
2017-11-1,271.5,621,266,274,264
2017-11-2,264.5,424,272,272.75,264.25
2017-11-3,263,286,265,267.75,260.25
2017-11-6,269,249,262.5,270,260.5
2017-11-7,270.5,240,268.5,271,264
2017-11-8,269.5,415,269.75,270.75,264.5
2017-11-9,273,527,268.75,276.75,267
2017-11-10,272,274,275.75,276.5,270.25
2017-11-13,273.5,214,273,275.5,272
2017-11-14,276.25,417,274,276.75,272.75
2017-11-15,269.25,397,276.25,277.5,265.25
2017-11-16,277.25,660,279,279,272.25
2017-11-17,272.25,572,276.25,276.25,269
2017-11-20,271,641,270.5,272,267.5
2017-11-21,271.5,519,270,272,266.25
2017-11-22,266.5,393,272.25,274.75,266.5
2017-11-24,266.75,404,267,267.75,264
2017-11-27,267.75,443,269,271.75,267
2017-11-28,261,751,267.75,268.5,260
2017-11-29,263.75,595,260.5,264,256.75
2017-11-30,263.25,235,262,264,258.25
2017-12-1,263.25,336,263,269.5,260.75
2017-12-4,257,298,264.5,265,256.75
2017-12-5,254.5,567,257.5,258,251.25
2017-12-6,247.75,383,254,255,247.5
2017-12-7,245,586,249.5,249.5,242.75
2017-12-8,242,458,245,245,240.25
2017-12-11,243.75,582,242.75,246.5,239
2017-12-12,243.5,403,244,245.5,240.25
2017-12-13,249,566,242.75,254,242.25
2017-12-14,251.75,513,249.5,254.75,247.25
2017-12-15,254.25,244,252.25,255.5,251.75
2017-12-18,251.5,265,252.5,256.75,251.25
2017-12-19,246.5,381,252,253.5,243.75
2017-12-20,245,111,247,247,244.25
2017-12-21,244,366,244.5,245.75,242.75
2017-12-22,242.5,215,244.25,244.75,241.75
2017-12-26,243.25,205,241.75,244,240.25
2017-12-27,242.75,246,244,247.75,242
2017-12-28,243,297,242.5,244.75,241.75
2017-12-29,241,448,243,244.25,239.25
2018-1-2,242.5,342,240.75,242.75,238.75
2018-1-3,244.5,443,243,245.25,242
2018-1-4,245.75,275,245,246.75,244.5
2018-1-5,248.5,417,245.5,250,245.5
2018-1-8,250,445,249,251.25,246.5
2018-1-9,249,478,250.25,252.5,248
2018-1-10,251,402,249,254,247
2018-1-11,250.5,360,251,254.25,250
2018-1-12,249.5,223,250,252,248.75
2018-1-16,250,197,249.25,252.75,249.25
2018-1-17,254.25,376,250.25,256,250.25
2018-1-18,259.75,663,255,261.75,254
2018-1-19,258,458,259,262.75,257.75
2018-1-22,265,385,258.5,266,258.5
2018-1-23,270,1119,266.25,274.75,265.25
2018-1-24,275.5,887,270.75,278.75,270
2018-1-25,261,1212,276,279,259.25
2018-1-26,266,552,261,266.5,256.5
2018-1-29,269.5,439,265.25,270.5,261
2018-1-30,270,433,269.75,272.75,268.75
2018-1-31,265.5,857,270.25,272.75,258.5
2018-2-1,267.25,464,265.75,270,265.5
2018-2-2,267.25,247,266.75,269.75,266
2018-2-5,268.25,188,267.25,271.75,265.5
2018-2-6,271,206,269.25,272.25,267.25
2018-2-7,273,357,272.25,274,269.75
2018-2-8,269.25,368,271.5,273.75,266.75
2018-2-9,267.75,271,269.5,270.75,266.25
2018-2-12,274,275,268.5,274.5,268
2018-2-13,273.25,500,274,279,272.5
2018-2-14,266.5,506,273.5,277.5,263.25
2018-2-15,270.5,373,266.5,271,265.5
2018-2-16,271.75,276,270.75,272.5,267
2018-2-20,268.5,335,271,271.5,266.25
2018-2-21,259.5,583,266.25,268.25,257.25
2018-2-22,260.75,637,258.25,264.75,258
2018-2-23,263.5,395,260,264,259
2018-2-26,267.5,393,262,268,262
2018-2-27,260,160,261,266.5,259.25
2018-2-28,270.25,323,270.25,273,267
2018-3-1,273.5,642,270.25,276,258
2018-3-2,268.5,428,273,275,265.25
2018-3-5,269,186,268.75,270,264.5
2018-3-6,267.75,127,269,270.25,267.25
2018-3-7,264,238,268.25,268.25,263.5
2018-3-8,265,179,266.25,267.5,264.25
2018-3-9,262.5,371,264.25,266.75,262
2018-3-12,262.75,460,262.75,271.25,262
2018-3-13,263.25,234,263.25,266.5,262.75
2018-3-14,255.75,715,264,264.5,253.5
2018-3-15,251,656,256,257,248.5
2018-3-16,242.25,993,253.5,253.5,241.75
2018-3-19,235,895,242,242,234
2018-3-20,235.5,739,236,239,233.75
2018-3-21,231.5,721,235.75,235.75,227.5
2018-3-22,228.75,666,229.5,232.5,228.25
2018-3-23,226.25,761,228.25,229.5,222.5
2018-3-26,226.5,480,227.5,232.25,226.5
2018-3-27,226,29,226,226.75,225.75
2018-3-28,221.75,557,226,226.75,221.5
2018-3-29,265.5,719,222.75,228.25,221.5
2018-4-2,272.75,,272.75,272.75,272.75
2018-4-3,232.5,692,232.75,234.5,230.25
2018-4-4,230,680,234,234.75,224.5
2018-4-5,232.75,397,230,233.75,228.5
2018-4-6,233.25,219,231,234.5,230.25
2018-4-9,237.25,546,236.75,238.25,235.75
2018-4-10,236.5,486,237.5,238.25,231
2018-4-11,237.5,395,236.75,239,235
2018-4-12,237.5,356,238.75,241,237
2018-4-13,234.25,349,239,239.25,233
2018-4-16,230.5,440,233.5,234.25,225.5
2018-4-17,228.75,266,230.25,232.25,227.75
2018-4-18,236,616,228.75,236.25,228.5
2018-4-19,234.5,819,235.75,236.75,233.25
2018-4-20,236,278,238.75,240,235.25
2018-4-23,227.75,1689,235.5,236.5,220.75
2018-4-24,225.25,1098,228.5,231.5,221.25
2018-4-25,228.75,612,225.25,229.75,225
2018-4-26,228.75,708,229,231,225
2018-4-27,232,456,230.25,233,228
2018-4-30,235.75,470,233,237.75,232.75
2018-5-1,237.75,301,236,238.5,235.5
2018-5-2,236,311,238,238.5,234
2018-5-3,237,184,236,237.5,236
2018-5-4,235,311,236.75,237.5,233.5
2018-5-7,236.25,208,236,236.5,235.25
2018-5-8,240,398,235.5,241,235
2018-5-9,240.5,299,239,242,238.75
2018-5-10,242.75,407,241,244.25,238.75
2018-5-11,234,644,243.5,243.5,231
2018-5-14,239.25,377,232.75,239.75,231.5
2018-5-15,240.25,206,236,241,236
2018-5-16,241.25,233,240.5,243,238.5
2018-5-17,241,91,241,242.5,240.25
2018-5-18,242,101,240.75,243,240.75
2018-5-21,245.25,279,243,245.5,242
2018-5-22,249.75,505,243.5,250,243.5
2018-5-23,252,529,249.75,253,249.25
2018-5-24,244,635,252,254,241.25
2018-5-25,248.75,387,246.75,253.75,241.25
2018-5-29,244,581,249.25,254,243.75
2018-5-30,238.75,740,244.75,247,238
2018-5-31,244.75,677,238.75,246.5,238.25
2018-6-1,246,626,246,250.75,243.75
2018-6-4,241.25,362,245.5,248,240.25
2018-6-5,244,308,241,246.5,238.75
2018-6-6,240.75,411,245.75,248,239.5
2018-6-7,239,556,243.5,244.75,235.5
2018-6-8,240.75,382,239,246.75,233.75
2018-6-11,242.5,388,244.5,245,240.75
2018-6-12,242.25,220,242.25,244,240.5
2018-6-13,233,503,242.5,243.75,231.25
2018-6-14,230,468,233.25,234.5,226
2018-6-15,233.5,463,228.25,235,228
2018-6-18,233.25,18,233.5,234.75,232.25
2018-6-19,235,542,233.5,237,228.5
2018-6-20,239.75,185,241.25,241.25,236.75
2018-6-21,239.25,453,239.5,242.25,235.25
2018-6-22,238.25,291,237.5,240.25,237
2018-6-25,236,301,236.5,238,235.25
2018-6-26,238.75,300,236.5,240.75,235.75
2018-6-27,244.75,344,240.25,245,236.75
2018-6-28,237.5,348,243.25,246.5,236.5
2018-6-29,245,389,238.25,248,237
2018-7-2,240,138,247.25,247.25,239.75
2018-7-3,239.25,123,240.25,242.5,238.5
2018-7-5,243.5,154,242,245.5,240
2018-7-6,242.75,142,242.5,247,241.25
2018-7-9,241,68,243.25,244.5,240.5
2018-7-10,239,60,240.25,240.75,238.5
2018-7-11,239.75,272,240,243.5,236.75
2018-7-12,241.25,167,240.5,242.75,237.75
2018-7-13,241.75,175,240.5,242.25,237.5
2018-7-16,237,344,241,242,232.75
2018-7-17,236.5,97,235.75,237,234
2018-7-18,240.25,316,235.25,241,235.25
2018-7-19,237.25,279,239,241,233.5
2018-7-20,238.5,261,237.25,239.25,233.5
2018-7-23,237.75,154,235.75,239.25,234.5
2018-7-24,237,112,238.75,238.75,235.25
2018-7-25,239,247,236.25,239.5,236
2018-7-26,239,270,239.5,242,239
2018-7-27,239.25,169,241,241,238
2018-7-30,242.75,499,240.25,243.75,240
2018-7-31,245.75,475,242.5,246,242
2018-8-1,248.25,659,245.75,250,243.5
2018-8-2,250.75,359,248,251.75,247.25
2018-8-3,257,611,251.25,257.75,251
2018-8-6,270,850,256.75,270,256.75
2018-8-7,263.75,811,268,271,263.75
2018-8-8,273,530,264.5,273.75,264.5
2018-8-9,270.75,868,273,278.75,268.25
2018-8-10,266.5,489,269.5,275,265.75
2018-8-13,267,343,265.25,270.5,265
2018-8-14,268.5,300,267,269,266.25
2018-8-15,259.5,520,269,269,258.75
2018-8-16,263.5,304,259,264.25,258
2018-8-17,267,279,264.25,268.5,261.25
2018-8-20,268.5,201,268,269.25,265.75
2018-8-21,263.75,245,268,268,262.25
2018-8-22,264.5,455,263,265.75,261.5
2018-8-23,266.5,352,264.25,270,263.5
2018-8-24,263.75,304,266.25,268,263
2018-8-27,254.75,828,264.25,266.5,254.5
2018-8-28,252,692,256,258.25,251
2018-8-29,253.25,536,253,263,251.25
2018-8-30,247.5,524,255,256.5,246.75
2018-8-31,252.5,435,253.5,256.25,249.25
2018-9-4,246,584,250,253.5,244.75
2018-9-5,246.5,309,246,251,245.75
2018-9-6,247,371,247.25,249.25,245.25
2018-9-7,247.25,178,247.5,249.5,246.25
2018-9-10,251.5,155,248,252,246
2018-9-11,246.5,294,252.5,253.5,246.25
2018-9-12,246.75,186,247.25,248.75,245.5
2018-9-13,242.5,338,247.75,248,241.25
2018-9-14,241.75,205,242.5,243.25,240.25
2018-9-17,243,620,241,243.5,235.75
2018-9-18,245.75,385,242.75,246.5,238.5
2018-9-19,249.25,731,248.25,255.25,245.5
2018-9-20,249,333,250,250.75,242.75
2018-9-21,253,255,249,253.25,248.75
2018-9-24,259.25,590,253.25,259.5,252.75
2018-9-25,257,329,259,260.5,256
2018-9-26,258.5,226,257.75,259.25,254
2018-9-27,260.25,348,258.75,260.5,257.25
2018-9-28,264.75,548,260.5,267.25,259.5
2018-10-1,269.75,584,266.25,272.5,265.5
2018-10-2,273,556,269.75,274.5,269
2018-10-3,275,742,273.75,278,273.25
2018-10-4,288,1050,275,288,274.5
2018-10-5,287,913,287.5,294.5,286.25
2018-10-8,282.25,646,285.75,287,279
2018-10-9,286,385,282.25,290,282.25
2018-10-10,284.25,413,286,290.75,283.5
2018-10-11,286.5,379,283.25,287.25,281
2018-10-12,288,274,286.5,288,285
2018-10-15,300.25,1868,287.5,307,283.75
2018-10-16,302.25,712,300.75,306,299.75
2018-10-17,295.25,679,302.25,303,292.5
2018-10-18,295.25,497,293,300,292
2018-10-19,295.25,402,296.25,300,294.5
2018-10-22,295.5,289,295,298.5,292.25
2018-10-23,297,270,295.5,298,293.75
2018-10-24,291.75,357,296.25,297,290.5
2018-10-25,285.75,525,292,292,285.5
2018-10-26,292,367,285,294,285
2018-10-29,286.5,507,292,295.75,285
2018-10-30,279.75,803,286.5,288,278
2018-10-31,276.5,568,280.75,281.75,275.25
2018-11-1,281.25,556,277,282.75,277
2018-11-2,284.25,441,281,288.75,281
2018-11-5,292.75,498,288.25,294,285.5
2018-11-6,293.75,257,292.5,295,290
2018-11-7,287.25,323,293,294,285
2018-11-8,286.75,470,287,289,281.75
2018-11-9,285,677,288.5,288.5,284
2018-11-12,285,586,284.25,288,277
2018-11-13,284.5,435,283.5,285.25,282
2018-11-14,288.5,453,284.75,292.5,283.25
2018-11-15,292.25,395,290,294,286.5
2018-11-16,297.5,384,291.25,298,290.5
2018-11-19,302.25,1045,298,317.5,297.25
2018-11-20,303.5,740,302.75,306.25,299.25
2018-11-21,294.5,873,304.25,304.75,289
2018-11-23,292.5,505,295,296.5,291.75
2018-11-26,284.25,676,292,292,282
2018-11-27,282.25,528,284.25,287,280
2018-11-28,298,809,282.5,299,280
2018-11-29,290.75,491,296,297.75,290.25
2018-11-30,292.25,319,291,297.25,285
2018-12-3,294.5,236,297.25,297.25,292.75
2018-12-4,287.75,191,290.5,290.5,284.75
2018-12-6,291,288,284.5,293.5,282
2018-12-7,288,191,290.25,293.75,287
2018-12-10,289,264,287.75,291.25,283.75
2018-12-11,292,256,290.5,293,286.5
2018-12-12,294.5,288,290.75,298.25,290.75
2018-12-13,293.5,164,296.75,297.5,292.25
2018-12-14,287.5,186,293.75,294,287.5
2018-12-17,288,166,287.5,289.75,286.25
2018-12-18,287,545,288,295,285.75
2018-12-19,286.5,190,286.5,289.75,286
2018-12-20,278.25,535,287,287.25,277.25
2018-12-21,277.25,679,278.25,278.25,272.75
2018-12-24,275.75,116,276.5,277.25,275.25
2018-12-26,275.5,167,275.5,276,274.25
2018-12-27,273.5,236,275,276.75,272.5
2018-12-28,273.5,446,273.75,274.25,271.25
2018-12-31,275.25,119,275,275.75,273.5
2019-1-2,278.25,238,275.25,278.25,273.75
2019-1-3,278.5,258,278.25,281.25,278
2019-1-4,280,222,278,280.25,277.5
2019-1-7,279.5,295,279.5,280.25,276.5
2019-1-8,282.75,214,277.75,283.25,277.5
2019-1-9,285.75,279,283,286,282.25
2019-1-10,288.75,387,285.5,289.5,285
2019-1-11,294.75,589,289,295,287.75
2019-1-14,300,1029,294.75,303.5,292.5
2019-1-15,292.5,565,300.75,300.75,291.75
2019-1-16,295.5,240,294.5,296.75,293
2019-1-17,295.75,246,296,298.75,295
2019-1-18,298.75,166,296,299.5,296
2019-1-22,297,220,298,299.75,296
2019-1-23,294.75,252,296.75,297,289
2019-1-24,290.75,245,294,296,290
2019-1-25,291,151,291,292.75,290.25
2019-1-28,285.5,597,291,294.5,278
2019-1-29,282,341,284.75,288,281.75
2019-1-30,282.25,640,282.75,285,280
2019-1-31,282.5,469,281.5,283.75,280.75
2019-2-1,288.5,474,283.75,289.75,283.75
2019-2-4,289,377,291,294.5,288.5
2019-2-5,291.25,132,289.25,293,289.25
2019-2-6,287.5,369,291.5,292.5,286.5
2019-2-7,286.25,186,287,288.25,285.25
2019-2-8,284.25,458,287.25,288.25,283.5
2019-2-11,282.25,539,284.75,285.25,281
2019-2-12,287,490,282,287.75,281
2019-2-13,281.75,444,286,287.75,281.5
2019-2-14,282,428,282,284,281
2019-2-15,280.75,417,285,285,279.25
2019-2-19,275.5,499,281.5,282.25,275
2019-2-20,274,755,277.25,279.5,268.25
2019-2-21,275.5,602,276,277.25,273.25
2019-2-22,274.25,405,275.75,276.25,273
2019-2-25,272,459,274,276,270
2019-2-26,268,538,273,273.25,266.75
2019-2-27,266,734,267.75,267.75,262.5
2019-2-28,264,603,266.75,270.5,262
2019-3-1,264.25,428,267.25,267.25,260
2019-3-4,265,416,265,268.5,260.5
2019-3-5,266,202,266.75,266.75,262
2019-3-6,269,620,265.5,277,265.25
2019-3-7,265.5,341,268.25,270.5,264.5
2019-3-8,263.5,223,265,265.25,262.25
2019-3-11,262.5,216,263,264.75,262
2019-3-12,268,402,261.75,269,260
2019-3-13,269.25,293,269,272.25,266.25
2019-3-14,273.5,231,270,274,269.75
2019-3-15,277,347,273.75,277,272.5
2019-3-18,278,249,277,280,273
2019-3-19,273,354,278,279,271.75
2019-3-20,274.5,236,272.75,275,271
2019-3-21,280.75,337,273.25,281,272
2019-3-22,278.5,542,280,284.5,276.5
2019-3-25,275.25,256,280,280,272.75
2019-3-26,273,144,275.5,277,273
2019-3-27,269.75,315,272.75,274,267
2019-3-28,264.75,529,269.75,270,264.5
2019-3-29,269,459,265,269.75,265
2019-4-1,278.5,644,273,279.25,271.5
2019-4-2,278,184,278,279,276.25
2019-4-3,285.25,763,277.5,288.75,277.25
2019-4-4,288.5,598,286,291,283.75
2019-4-5,287.5,280,288.25,290,286.25
2019-4-8,287.5,598,288,289.75,284.25
2019-4-9,281.25,557,288,288.25,276.5
2019-4-10,279,309,282,282,277
2019-4-11,280,243,279.25,280.25,278
2019-4-12,287.25,417,281,289.5,280.5
2019-4-15,289.25,291,285.75,289.75,285.5
2019-4-16,294.75,579,289,297.75,287
2019-4-17,299.75,475,295,300,294.75
2019-4-18,278.25,472,280.75,281,271.5
2019-4-22,280.5,292,277.25,280.5,275.25
2019-4-23,282.75,776,280.25,283.5,280.25
2019-4-24,284,629,282.75,286.75,281.75
2019-4-25,288.5,655,284.5,289,284.5
2019-4-26,294.75,672,288.25,295,285.25
2019-4-29,297.5,999,295,301.5,293.5
2019-4-30,288.25,575,295.5,296.5,287.5
2019-5-1,294.75,400,290.25,298.25,288.5
2019-5-2,282,508,292.75,296.5,281
2019-5-3,284,395,285,288.5,281.5
2019-5-6,277.5,875,283,283,264
2019-5-7,278.75,279,277,279.75,273.25
2019-5-8,278.5,111,279,281,276.5
2019-5-9,282,151,278.5,283.25,277.5
2019-5-10,286.25,209,282.75,289.5,282.75
2019-5-13,283.25,228,285.25,287.25,278
2019-5-14,286,241,283.25,286.75,278.25
2019-5-15,287.75,270,286,292,284.5
2019-5-16,294.25,347,288,296.25,288
2019-5-17,294,237,297,298,293.25
2019-5-20,296.5,278,293,298,292
2019-5-21,308.5,691,297.25,309,296.5
2019-5-22,310.25,1449,313,322.75,309
2019-5-23,304.5,640,310.25,319.75,303.75
2019-5-24,308.5,390,305.5,313.75,305.25
2019-5-28,316.75,374,310.25,318.5,310
2019-5-29,315,653,316.5,325,306.75
2019-5-30,318,463,314.5,320.75,313.25
2019-5-31,314.5,556,318,319.75,312.25
2019-6-3,305.25,815,317,319,304.25
2019-6-4,304,282,312,312,301.75
2019-6-5,291.75,862,304,304,291
2019-6-6,300.25,447,291,301.75,290
2019-6-7,296,293,298.25,300.25,294.5
2019-6-10,295,507,296,296.25,291.75
2019-6-11,303.75,576,297.5,305.5,293.5
2019-6-12,300.5,458,304.5,307.25,299.75
2019-6-13,304.5,695,300.75,306,294.75
2019-6-14,302.75,642,304.75,312.75,300.25
2019-6-17,297.5,609,303.25,307.75,296
2019-6-18,297.5,448,301.25,301.25,295
2019-6-19,285.5,1368,294.25,297.5,285
2019-6-20,283.75,556,285.75,288.5,283.25
2019-6-21,276.5,665,282.5,284.75,272.5
2019-6-24,276.5,461,275.75,277.25,272.75
2019-6-25,276,309,276.5,280.25,275
2019-6-26,278.75,394,276,279.75,274.5
2019-6-27,279.5,407,277.75,286.5,277.75
2019-6-28,276.5,255,278,284,274
2019-7-1,284.75,442,277.5,285.75,275.75
2019-7-2,288.5,262,282.25,289,282.25
2019-7-3,288,111,286.25,289.25,286.25
2019-7-5,278.5,310,287,287,277
2019-7-8,279.25,123,282.5,282.5,277.25
2019-7-9,276,297,280,284.5,275
2019-7-10,275.5,141,276,277.5,275
2019-7-11,280.75,320,275,281.25,273
2019-7-12,283.75,273,280.75,284.75,278.75
2019-7-15,284,192,283.5,284.5,279.5
2019-7-16,279,196,282,282.75,278
2019-7-17,281.25,295,280.5,285,278.25
2019-7-18,275.25,525,280.75,281.5,270
2019-7-19,272.25,510,271.5,275,269
2019-7-22,267,325,274.5,275,266.25
2019-7-23,266.25,370,267.75,269,265
2019-7-24,265.75,374,267.5,271,265.5
2019-7-25,267.5,236,266.5,270,266
2019-7-26,263,350,267.5,269.5,262.5
2019-7-29,264.25,322,263,265,262
2019-7-30,263.75,357,264.75,265.25,262
2019-7-31,263.75,410,263.5,264,262
2019-8-1,265.25,483,263.25,267.75,263.25
2019-8-2,270,548,266.5,274.75,265.25
2019-8-5,267.5,263,272.25,272.25,265.75
2019-8-6,267.25,166,268.25,269.75,266.5
2019-8-7,267,196,265.25,270.25,265.25
2019-8-8,274,273,268,274.5,268
2019-8-9,275.75,172,273,276.75,272.75
2019-8-12,266.75,473,275.5,275.75,265.5
2019-8-13,266,264,264.25,268.75,263.25
2019-8-14,271.75,308,266.5,274.25,265.75
2019-8-15,267,259,272,272.75,264.5
2019-8-16,274.25,353,267,275,267
2019-8-19,271.75,412,274.25,276,268.5
2019-8-20,272,181,272.5,273.5,270.5
2019-8-21,270.25,151,274.25,274.25,268.25
2019-8-22,266.25,262,270,272,265
2019-8-23,267,245,268,268,264.5
2019-8-26,270,192,267,271,266.5
2019-8-27,267,158,268.75,271,266.75
2019-8-28,264.75,310,263.25,265.75,263
2019-8-29,270.25,308,265,271,264.25
2019-8-30,270,171,268,272,268
2019-9-3,265.25,238,269.25,270,265
2019-9-4,267.75,170,265.25,268,264.5
2019-9-5,268,166,266,268,265.25
2019-9-6,269,232,268,269.75,266.5
2019-9-9,269.25,163,268.75,270,267.25
2019-9-10,276,37,273,275.25,273
2019-9-11,279.75,1087,274.5,282.5,267
2019-9-12,283,396,280.5,283.25,280.25
2019-9-13,280.5,464,282.25,286,277.25
2019-9-16,281,278,281,283.75,278.25
2019-9-17,281.25,246,280,281.75,278.5
2019-9-18,277.75,253,281.25,281.5,277.25
2019-9-19,276.75,724,278,278,272.25
2019-9-20,275.75,130,276.25,277.75,275.25
2019-9-23,279.75,404,277.25,281,275
2019-9-24,276.25,2,278,278,278
2019-9-25,272.25,293,274.25,275,272
2019-9-26,270.25,258,272.75,272.75,269
2019-9-27,270,156,270.75,272,269.5
2019-9-30,275.75,278,271.5,276.75,270
2019-10-1,282,379,275.75,282.5,275.25
2019-10-2,282.75,332,280.75,284,279
2019-10-3,287,707,287,289,286.5
2019-10-4,286,627,286.75,293.75,285.75
2019-10-7,281.5,395,287.5,288.5,280.5
2019-10-8,286.75,,286.75,286.75,286.75
2019-10-9,284.5,221,282.5,285,281
2019-10-10,285.75,261,284,290.25,284
2019-10-11,289.25,331,288,291.5,286.5
2019-10-14,297.75,557,289.5,298,289.25
2019-10-15,296.5,607,297,302,293
2019-10-16,302.5,906,295.25,309,295.25
2019-10-17,298.75,333,301.5,305.75,297
2019-10-18,294.25,316,297,298.75,293.75
2019-10-21,288.5,540,294.25,295.75,287.25
2019-10-22,296.75,331,288.75,300,288.25
2019-10-23,296.25,279,297.5,298.25,293
2019-10-24,302.25,249,296.25,303,296.25
2019-10-25,302.5,341,302.75,305,299.5
2019-10-28,296.5,365,302.25,302.25,295
2019-10-29,300.5,275,296.5,301,295
2019-10-30,296.75,354,297.5,300.75,295
2019-10-31,297.25,361,299,299.75,296.25
2019-11-1,306,777,300.25,307.5,297.25
2019-11-4,297.75,619,304.5,306.75,297.25
2019-11-5,300.75,164,299.5,301.5,297.75
2019-11-6,307,358,303.75,307.75,303.25
2019-11-7,305.25,483,305.5,306.25,299.25
2019-11-8,304.25,352,304.5,306,301.25
2019-11-11,312.25,675,303.5,313,303.25
2019-11-12,307.75,600,313,314,306.5
2019-11-13,305.5,304,309.5,309.5,304
2019-11-14,308.75,270,305,309.25,305
2019-11-15,309,605,308,312.75,307.5
2019-11-18,302.25,966,308.5,310.5,299.25
2019-11-19,307.75,501,300.25,308,300.25
2019-11-20,311.75,692,312,313,311.5
2019-11-21,316.5,774,311,317.75,310
2019-11-22,317.5,482,316.75,318,314.5
2019-11-25,320.75,855,316.5,329,316.5
2019-11-26,322.25,488,319.75,324.5,319.5
2019-11-27,316.5,722,322.75,324,311.75
2019-11-29,309.75,332,317,317,307
2019-12-2,306.5,445,306.25,308,305.5
2019-12-3,301.5,480,307.25,307.75,300.5
2019-12-4,304,292,302,306.25,300.75
2019-12-5,295.25,856,304,304,288
2019-12-6,292.25,534,293.25,293.5,290.25
2019-12-9,295.25,384,293.25,299.25,290.75
2019-12-10,264,,264,264,264
2019-12-11,293.75,216,294.75,297,291.75
2019-12-12,302.75,421,293,303.75,293
2019-12-13,297.25,411,301,301,295.5
2019-12-16,307.5,347,300.25,308.75,299
2019-12-17,306.5,175,308,308,303
2019-12-18,299.5,373,305.25,306.5,297.75
2019-12-19,297.25,303,301.25,302,296.5
2019-12-20,292,722,300.5,300.5,291
2019-12-23,288.5,562,292,292.75,284
2019-12-24,285.75,357,289.5,289.5,283.25
2019-12-26,283,266,287,289.25,283
2019-12-27,288.5,529,284.75,295.5,284.75
2019-12-30,290.5,164,288.25,293.25,288.25
2019-12-31,292,115,290.75,293,289.75
2020-1-2,298,272,292.25,298,291
2020-1-3,290.75,391,298,301.25,288
2020-1-6,294.25,147,290,295,287.75
2020-1-7,293.25,149,295,295,290
2020-1-8,299,311,293.5,300.25,292
2020-1-9,302,259,298.75,302.75,296.5
2020-1-10,308.5,321,302.75,309,302
2020-1-13,311,432,308.5,311.5,306
2020-1-14,298,27,296.25,300,296.25
2020-1-15,305.75,519,311.75,314.25,303.25
2020-1-16,305.5,165,307.75,307.75,303.75
2020-1-17,311.75,279,305.75,312,305.75
2020-1-21,314.75,287,311.25,315,309.25
2020-1-22,307.5,22,308.75,308.75,306.5
2020-1-23,316.5,331,314,317,312.25
2020-1-24,303.25,813,315.5,316.75,303
2020-1-27,300.5,513,303.75,305.25,298.75
2020-1-28,307,473,302.5,312,299.75
2020-1-29,307.75,180,309,309,306.5
2020-1-30,305.5,416,308.25,308.25,303.75
2020-1-31,303.75,572,306,306,302.25
2020-2-3,300.25,773,302.75,310,297.5
2020-2-4,270.75,8,270.75,271.25,270.5
2020-2-5,304.5,258,308,309.75,304
2020-2-6,304.75,302,305.75,306,302.75
2020-2-7,303,169,304.5,305,302.25
2020-2-10,301.75,465,303,303.5,297.75
2020-2-11,296.5,184,297.75,298,296
2020-2-12,304,505,300.5,306.75,298.25
2020-2-13,295.75,634,301.75,302.5,294.25
2020-2-14,296,288,296.5,297.75,293.75
2020-2-18,303.5,764,296.5,304.75,295
2020-2-19,301.25,406,302,305,300.75
2020-2-20,299.5,458,302,302.75,297.5
2020-2-21,298,586,299.75,301.75,296
2020-2-24,289.75,691,296.5,298.75,289
2020-2-25,291.75,638,291.5,293.5,290
2020-2-26,285.75,765,290.75,292.25,283
2020-2-27,279.75,1198,285.25,287.5,277
2020-2-28,272.75,743,279,282,270
2020-3-2,265.5,980,267.5,269.75,265
2020-3-3,264.5,816,265.5,269,260.5
2020-3-4,270.75,478,263,272,262.75
2020-3-5,270.5,332,269.75,272.25,268.25
2020-3-6,268.25,302,270.5,272,266.5
2020-3-9,267.5,684,269,270.75,255.25
2020-3-10,275,770,267.5,281.75,267.5
2020-3-11,274.5,278,277.25,279,272.25
2020-3-12,275,372,275,276.75,267.75
2020-3-13,268.25,390,275,278.75,267
2020-3-16,259.5,665,267.25,268.75,248.25
2020-3-17,253.5,375,257,259.25,251.5
2020-3-18,255.25,329,252.75,265.75,252.25
2020-3-19,261.25,371,256,272.5,256
2020-3-20,262,214,262.25,268,260.75
2020-3-23,268.5,202,265.25,269.75,257.5
2020-3-24,269.5,283,270,270.5,267.25
2020-3-25,266,424,270.5,274,265.25
2020-3-26,261,292,266.25,266.25,258
2020-3-27,265.5,239,262,269.75,260.25
2020-3-30,261.5,286,265.75,269.5,261.25
2020-3-31,267.5,138,260,268,258.5
2020-4-1,260.25,329,264,265.25,259
2020-4-2,264.5,222,261.5,264.5,259
2020-4-3,272.75,515,264.5,277.5,263
2020-4-6,273.5,352,274,279,268
2020-4-7,274.25,281,272.25,277,268.5
2020-4-8,275.5,269,274.5,276.25,270
2020-4-9,274.25,243,275.5,278,272.25
2020-4-13,274.75,249,274.75,276.5,270.5
2020-4-14,277.25,269,274.25,280.25,272
2020-4-15,285.5,314,276.75,286.5,275
2020-4-16,289.25,215,283.5,289.75,281.75
2020-4-17,272,126,274,275,271.5
2020-4-20,274.75,129,273.25,275,271.5
2020-4-21,296.75,324,291,298.5,288.75
2020-4-22,276.75,148,277,278.5,275
2020-4-23,281.5,247,276.75,283,274
2020-4-24,283.5,229,281.5,283.5,279
2020-4-27,282.5,319,282.5,282.5,278
2020-4-28,282.75,366,281.5,283.75,281.25
2020-4-29,283.5,374,283.25,287,281.5
2020-4-30,284,190,286,287,283
2020-5-1,286.25,295,282,288.25,278
2020-5-4,292.75,309,285.25,294.75,284.75
2020-5-5,257.5,58,257,257.5,256.5
2020-5-6,291.5,235,295.25,295.25,289
2020-5-7,298.75,367,290.5,301.5,290.5
2020-5-8,299,364,294.5,303,294.5
2020-5-11,302.25,222,299.75,304,299.75
2020-5-12,269.5,55,266.75,270,266.75
2020-5-13,305.5,370,303.75,306.75,300
2020-5-14,305,232,304.75,305.75,302.75
2020-5-15,312,865,305,320,303
2020-5-18,318.75,722,313,323,309.5
2020-5-19,276,,276,276,276
2020-5-20,318,212,316,320.5,315.5
2020-5-21,319.75,348,319,322,316.75
2020-5-22,323.5,315,320.25,324.75,318.25
2020-5-26,331.25,616,323.75,332.5,322.25
2020-5-27,289,50,292,296,288
2020-5-28,328.5,355,326.75,330,325.5
2020-5-29,324.25,521,329,329.5,323.25
2020-6-1,329.75,605,324,332.5,322.75
2020-6-2,328.25,289,329.75,330.75,325
2020-6-3,331.75,334,326.75,333.75,326.75
2020-6-4,345.5,763,331.75,350,331
2020-6-5,328.25,999,345.25,346.75,325.5
2020-6-8,314.5,999,330,330,310.25
2020-6-9,317.25,751,314.75,321.5,307
2020-6-10,313.5,415,316.25,317.75,312
2020-6-11,319,527,314,320.5,309.5
2020-6-12,317,426,319.75,322.75,315
2020-6-15,319,163,316.75,319.5,315
2020-6-16,302.75,1169,319.5,319.5,299
2020-6-17,277.25,440,276,279.25,273.5
2020-6-18,280.25,220,276.75,282,276.75
2020-6-19,282,276,280.25,282.25,278
2020-6-22,282.25,218,282.25,283.5,280.75
2020-6-23,287.75,806,283.25,293.75,281
2020-6-24,289,376,287.75,290,286
2020-6-25,289.75,184,289.5,291.25,285.75
2020-6-26,288.25,218,291,291,288
2020-6-29,290.25,224,288,291.25,287
2020-6-30,286,310,291,292,285
2020-7-1,286.75,167,285.75,288.25,285.25
2020-7-2,283.25,146,286,287.75,283
2020-7-6,281,193,283.5,284.75,280
2020-7-7,279,273,280.25,282.75,277.5
2020-7-8,282.75,158,279.75,283,278.5
2020-7-9,280.25,121,283,283,278.75
2020-7-10,277.25,181,280,281.25,277
2020-7-13,265.5,596,277.5,277.5,264.5
2020-7-14,263.25,481,266,272,261.5
2020-7-15,269,265,265.75,269.25,264.5
2020-7-16,273.5,351,268.75,276.5,267.75
2020-7-17,270.75,120,272.5,273.75,270
2020-7-20,269.5,159,271.75,272,267.5
2020-7-21,271,91,272,272.5,268.5
2020-7-22,272.25,215,271,274.75,270.75
2020-7-23,275,385,272.5,279,269.75
2020-7-24,276.25,60,277,277.75,275.75
2020-7-27,274.5,113,274.5,276.75,273
2020-7-28,274,85,272.5,274.75,272.25
2020-7-29,272.5,316,272.25,274,266
2020-7-30,271.5,163,273,273.5,269
2020-7-31,272,218,268.25,272.75,268
2020-8-3,272.75,192,270.5,273.5,268.75
2020-8-4,269,160,273.25,273.5,267.25
2020-8-5,267.5,143,268.5,270.25,266.25
2020-8-6,265.75,114,266.5,269.25,265
2020-8-7,264.5,176,268,268,263.5
2020-8-10,258.5,600,263.75,265.25,256.75
2020-8-11,255,395,258.5,259.75,255
2020-8-12,256.75,476,255.75,258,252.25
2020-8-13,258,361,258.25,259.75,255.25
2020-8-14,256,273,259,259,255.75
2020-8-17,263,542,258,265.75,256.75
2020-8-18,266.5,558,263.75,267,263.5
2020-8-19,262.75,290,266.5,268,261.25
2020-8-20,263.5,162,261.75,263.5,260.75
2020-8-21,263.75,262,263,265,260
2020-8-24,267.75,443,263.75,273,261.5
2020-8-25,271.5,310,269,272.25,269
2020-8-26,264,445,271.25,272.75,261.25
2020-8-27,270.5,378,265,271,264.25
2020-8-28,268.25,402,270.5,272,266.5
2020-8-31,275,614,268.25,277,268.25
2020-9-1,278.75,466,274.5,279,273.5
2020-9-2,275.75,314,278,279,273.75
2020-9-3,272.5,373,276.75,278.75,270.75
2020-9-4,270,383,271.5,276.5,268.5
2020-9-8,268.5,534,271.25,275,265
2020-9-9,267.75,151,269.5,269.5,266
2020-9-10,272.25,251,268.5,273.25,267
2020-9-11,270.5,142,272.5,272.75,269.25
2020-9-14,273,234,270.75,274.75,270.75
2020-9-15,269.25,258,273.5,274,267.5
2020-9-16,273,224,267.75,273.75,267
2020-9-17,272.75,220,273.5,273.5,269.25
2020-9-18,283.25,906,273.25,284.75,273
2020-9-21,283.75,848,284,288.5,279.5
2020-9-22,289.25,495,281.75,289.75,280
2020-9-23,287.75,497,289,289.5,282
2020-9-24,285.75,306,286.5,287.75,283.5
2020-9-25,282.25,281,286.5,289,282
2020-9-28,275,769,282.5,285.75,270
2020-9-29,277.5,278,273.5,279,273.5
2020-9-30,285.75,405,277.5,286.5,277.25
2020-10-1,284,176,286,286.25,283
2020-10-2,285.75,170,284.75,286.25,280.5
2020-10-5,287.75,251,285.25,290,281.5
2020-10-6,290.75,505,290.75,291.75,290.75
2020-10-7,294,436,290.75,297.5,288.75
2020-10-8,292.75,325,295.75,296,289
2020-10-9,292.25,287,292.5,294.75,291.75
2020-10-12,283.5,521,294.75,294.75,280.5
2020-10-13,284.25,218,285,287.5,282.75
2020-10-14,287.75,163,285.5,288.25,283.25
2020-10-15,293.75,413,287,295.5,285.25
2020-10-16,294.5,275,293.75,297,291.25
2020-10-19,297.5,228,294,298,294
2020-10-20,300,286,296.75,300,296.25
2020-10-21,304,416,299.5,305,299
2020-10-22,303.5,353,302.5,304,297.5
2020-10-23,303.75,186,303,305,300
2020-10-26,306.5,328,304.5,307.75,300.75
2020-10-27,308,376,304.75,309.75,304.25
2020-10-28,296,550,295.75,297.25,295.75
2020-10-29,299.25,384,296.5,302.5,294.25
2020-10-30,297.25,323,300.25,301.5,296.5
2020-11-2,292.5,446,297.5,293,292.75
2020-11-3,296,282,293.75,296,291.5
2020-11-4,296.75,238,296.25,300,293
2020-11-5,302,365,297.5,304.75,299
2020-11-6,300.5,237,301.5,305,296.75
2020-11-9,303.25,89,299.5,304.5,299.5
2020-11-10,307.25,457,302.25,310,300
2020-11-11,303.75,130,307.25,308.75,303.25
2020-11-12,300,330,303.5,304.75,298
2020-11-13,295.5,714,299.75,297.25,295.25
2020-11-16,296.25,459,296.25,299.25,294.5
2020-11-17,295.5,641,297.25,302.25,295.5
2020-11-18,297.5,512,296.25,298.75,294
2020-11-19,312,223,314.25,315,310.75
2020-11-20,311,487,312.25,314.5,309.5
2020-11-23,302.25,559,312,313.25,302
2020-11-24,303.75,596,303.25,304.25,297.75
2020-11-25,300.25,432,303.5,303.5,296.75
2020-11-27,299.5,249,299.5,301.25,296.25
2020-11-30,291.5,652,300.25,304.5,290
2020-12-1,291.75,444,292.5,294.75,290
2020-12-2,296.5,475,290.75,299.25,287
2020-12-3,300.75,245,295,301.75,295
2020-12-4,306.5,274,301,309.75,300.25
2020-12-7,318.25,523,308.75,320,308.75
2020-12-8,323.5,430,317,326.75,316.25
2020-12-9,327.75,466,321.25,329.5,319.25
2020-12-10,332.25,545,328,335.25,326.75
2020-12-11,338,549,331.25,339.25,330
2020-12-14,337.5,277,338.75,342.75,335.25
2020-12-15,334,422,335.75,336.75,329.5
2020-12-16,336,206,334.25,338.75,333.75
2020-12-17,336.75,204,334.25,338,333.5
2020-12-18,337.75,281,335.5,341,334.5
2020-12-21,337.5,248,337.75,339,335
2020-12-22,336.75,142,337.5,338.5,335
2020-12-23,336.25,251,335.25,338,331.5
2020-12-24,335.5,102,335.75,337.5,335
2020-12-28,336.75,149,336,337,336
2020-12-29,339,217,337,340,336.5
2020-12-30,349,378,338.5,349.75,338.25
2020-12-31,360.75,389,349.75,363,345.75
2021-1-4,356,613,361,370,353.75
2021-1-5,363.25,258,353.25,366.5,352.25
2021-1-6,359.75,117,362.75,363.25,357
2021-1-7,355.25,210,361,361,352.25
2021-1-8,357.75,247,355.5,360.25,355
2021-1-11,354.75,128,352.75,357.5,352.75
2021-1-12,362,386,355.25,365.25,353.25
2021-1-13,361.75,171,362.25,366.25,358.5
2021-1-14,367.75,188,362.25,367.75,360.5
2021-1-15,366,160,367.25,368,364
2021-1-19,362.5,157,365.75,367.5,360.5
2021-1-20,364,361,362.5,365,354.25
2021-1-21,360.5,112,363.75,365,360.5
2021-1-22,345.25,773,360.5,361.75,340.5
2021-1-25,354.5,464,346.25,358.75,341.25
2021-1-26,354.75,303,358.25,358.25,351.25
2021-1-27,352.5,153,355.5,357.5,348.5
2021-1-28,346.75,419,353,355.5,344.5
2021-1-29,349.5,302,349.25,352.25,346.25
2021-2-1,347.5,325,351.25,354,346.25
2021-2-2,345.5,286,347.5,349.75,341.25
2021-2-3,349,161,346,349,345
2021-2-4,349.75,172,348.75,350,345.25
2021-2-5,349.25,68,347.25,350.5,347.25
2021-2-8,355,388,349.5,358,349.5
2021-2-9,354,393,356.25,357,351
2021-2-10,348.25,333,354,354,346.5
2021-2-11,350.5,355,352.25,352.25,347
2021-2-12,350.75,173,350.5,351,349
2021-2-16,353.25,375,350,354.5,350
2021-2-17,352.75,378,353.5,353.5,350
2021-2-18,359.75,256,358.75,360,356.75
2021-2-19,353.5,482,360,362.5,351.25
2021-2-22,358.25,262,354,359.75,353.25
2021-2-23,369.5,739,358.75,370,357.75
2021-2-24,370.75,427,369.75,373.25,367.75
2021-2-25,361.5,536,370.25,372.75,358
2021-2-26,364.75,161,363.5,365.25,359.5
2021-3-1,362.75,323,363.5,363,362.75
2021-3-2,368.25,92,365.25,368.75,365.25
2021-3-3,366,102,366.25,368.75,365.25
2021-3-4,370.5,213,365.25,372.75,369
2021-3-5,384,387,367.25,384.25,366.5
2021-3-8,392.75,310,383,398.75,382.75
2021-3-9,392,163,393.5,397,386.75
2021-3-10,384.5,127,383.5,385.75,383.5
2021-3-11,385.5,124,388,385.5,382
2021-3-12,377.5,175,382.75,385.75,375.5
2021-3-15,376.5,106,376.75,378,376.25
2021-3-16,374,302,377.25,377.25,367.25
2021-3-17,371.5,75,373.5,374.75,371.5
2021-3-18,366.25,254,372.25,373.25,365
2021-3-19,366,355,365.5,369.5,362
2021-3-22,368.5,137,366.5,369.25,363.25
2021-3-23,378.25,297,369,379,369
2021-3-24,381.5,215,377,383.75,376
2021-3-25,374.25,149,380.25,380.25,373.25
2021-3-26,375,85,374.75,375.75,372.25
2021-3-29,373.5,145,375.25,375.25,371.5
2021-3-30,368.5,368,373,373,366.25
2021-3-31,378.75,442,367,382.25,366.75
2021-4-1,372,420,381.5,381.75,370.75
2021-4-5,373,64,372,374.75,371.75
2021-4-6,374,181,375.5,377.5,372.25
2021-4-7,371.5,61,374.5,374.5,371.25
2021-4-8,376.75,179,372.75,379,372
2021-4-9,373.75,280,377.5,378,373.75
2021-4-12,372.25,117,371.75,375.75,371
2021-4-13,375.5,165,372.75,376.75,372.25
2021-4-14,382.5,390,375.5,385,375
2021-4-15,382,306,383.75,385.25,381
2021-4-16,381,265,381,384,380.75
2021-4-19,382.5,289,381.75,384.5,380.75
2021-4-20,386.75,537,381.5,391.25,380.75
2021-4-21,394.5,443,386.5,396,386.5
2021-4-22,405.5,736,405,405,404.75
2021-4-23,403.25,507,406.25,413.25,399.5
2021-4-26,411,631,403.25,412.75,403.25
2021-4-27,412,406,412.25,417,408.25
2021-4-28,407.5,435,410.5,412.75,403.5
2021-4-29,402.75,276,405.75,408.5,401.25
2021-4-30,405.75,217,401,406,400
2021-5-3,407.5,328,404.25,414.75,403.5
2021-5-4,409.75,124,410.5,411,409
2021-5-5,417,179,411,418.5,409
2021-5-6,418.75,300,419.5,419.5,417.25
2021-5-7,414.5,332,422,422,408
2021-5-10,410.25,459,412.75,416.25,408.75
2021-5-11,407.5,238,410.25,412,401.25
2021-5-12,388.75,844,408,414,382.5
2021-5-13,371.75,919,372,372.5,371.75
2021-5-14,368,714,372.25,382.25,364.75
2021-5-17,360.5,478,368.5,375.75,357.5
2021-5-18,356.5,420,366,366,354
2021-5-19,353.75,378,360,360,350.5
2021-5-20,358.25,548,353.5,363.75,351.25
2021-5-21,356,170,356.5,358.5,354.25
2021-5-24,357.25,246,358.5,365.25,354.25
2021-5-25,360.75,330,362.5,362.75,357
2021-5-26,364.75,513,361,367.25,358.25
2021-5-27,372.75,265,365,377.75,371
2021-5-28,377.5,316,379.75,380,373
2021-6-1,384.75,481,379.25,388.75,376.25
2021-6-2,384,431,383.25,387,377.75
2021-6-3,380,275,385.75,388,374.75
2021-6-4,394.75,807,378.25,398.75,377.25
2021-6-7,402.25,872,395.25,405,400.25
2021-6-8,408,279,402,409.25,399.25
2021-6-9,396,377,408,408,393.75
2021-6-10,388.25,276,397,398,387.75
2021-6-11,381.25,331,388.25,395,380
2021-6-14,368.75,493,384.5,384.5,365.25
2021-6-15,365.5,429,368.5,369.75,355.5
2021-6-16,371.75,144,362.75,374.5,362.75
2021-6-17,366.75,335,373.5,377,366.75
2021-6-18,371,175,366.75,375,366.75
2021-6-21,361.25,272,367.25,371.25,358.25
2021-6-22,360.25,273,362.25,366,358
2021-6-23,366.25,237,361.75,368.25,360.5
2021-6-24,375.25,450,366,380.25,359
2021-6-25,376,264,378.25,380,371
2021-6-28,383.75,420,376,386.25,376
2021-6-29,386.25,326,385,391.5,384.5
2021-6-30,392,556,388.5,394,379.5
2021-7-1,386.5,335,393,393.25,381.5
2021-7-2,387.5,289,389.75,392.5,384.25
2021-7-6,371.25,458,380.25,382.25,363
2021-7-7,374,160,370,377.5,369.5
2021-7-8,378.75,188,376.25,381.25,372.5
2021-7-9,389.25,224,378.75,391,378.75
2021-7-12,402,642,390.75,405,390.75
2021-7-13,418.25,668,402,420,402
2021-7-14,425.25,730,418,431.5,418
2021-7-15,435.75,514,424.75,436,418
2021-7-16,432.25,401,434.75,439.75,427
2021-7-19,428,337,434.75,438.5,422.25
2021-7-20,445,525,428.5,448.5,428.25
2021-7-21,450,610,448,460.75,445.75
2021-7-22,450.75,416,449.25,453,432.25
2021-7-23,457.75,378,452,459.75,451.75
2021-7-26,459.5,287,457.75,460,448.25
2021-7-27,464.25,354,459,467.5,459
2021-7-28,461.75,345,464,467,456.5
2021-7-29,462.5,533,461,466.5,458.75
2021-7-30,447.75,554,458,461.75,447
2021-8-2,451,422,448,454.5,442
2021-8-3,445,267,450.25,454.5,445
2021-8-4,443.5,210,445.25,447.5,440.25
2021-8-5,452.5,450,443,457.75,443
2021-8-6,459.5,216,455,460,451.25
2021-8-9,460,301,458.5,462.75,453
2021-8-10,458.5,236,457.75,461.5,452.75
2021-8-11,457.5,182,459.25,459.25,454.25
2021-8-12,467.5,510,458.25,475,456.25
2021-8-13,492.5,503,468.75,492.5,466.25
2021-8-16,498.25,475,492.5,509.25,492.5
2021-8-17,504.5,511,500.75,515.75,495
2021-8-18,487.25,527,501,504.75,486
2021-8-19,490.75,362,489.5,492.5,480
2021-8-20,494.5,303,490.75,505,485.5
2021-8-23,498.5,236,494,507.25,493.75
2021-8-24,506.5,240,498,508.75,498
2021-8-25,514.75,377,506.25,518,499.25
2021-8-26,511,264,515.5,517,506.25
2021-8-27,521.75,389,510.5,522.75,510.5
2021-8-30,510.25,425,519.5,525,509.75
2021-8-31,502.25,395,512.5,512.5,500.75
2021-9-1,500.5,472,501.5,517.25,500.5
2021-9-2,506,231,500,508,500
2021-9-3,509.75,262,505,512,500
2021-9-7,503,175,509,512.5,501.75
2021-9-8,498.75,426,502.75,505.5,496.25
2021-9-9,487.5,508,498.5,499.25,486
2021-9-10,493,270,486.75,498.25,486.25
2021-9-13,510.25,413,493.5,512.75,488.5
2021-9-14,515,547,509.75,520.75,507.5
2021-9-15,539.25,590,516,540,516
2021-9-16,551.5,632,543,564,540.5
2021-9-17,542.75,211,550.5,556.5,540.75
2021-9-20,532.25,597,542,545,525.25
2021-9-21,532.75,251,530.5,537.25,525.75
2021-9-22,557.75,506,535.75,557.75,533
2021-9-23,580,1092,569,590,561.5
2021-9-24,575.25,381,581.5,581.5,565.75
2021-9-27,587,356,574.75,587.75,574.5
2021-9-28,583.25,294,586,594.5,579
2021-9-29,584.25,262,583,590.75,581
2021-9-30,582.25,257,584.25,587.25,581.5
2021-10-1,591,518,580.25,595,570.25
2021-10-4,601,453,591.25,605,586.75
2021-10-5,594.75,273,602,608,590.75
2021-10-6,597.75,265,600,604.5,596
2021-10-7,622.75,572,601.75,622.75,597
2021-10-8,653.75,730,623.75,659,623
2021-10-11,673,825,649.75,674,642.5
2021-10-12,648,958,675.5,686.25,648
2021-10-13,632.25,890,636,645,625.5
2021-10-14,635.25,341,635.25,645,630.5
2021-10-15,660.25,270,637.25,660.25,637.25
2021-10-18,662,388,668,668.75,643
2021-10-19,656,226,655.25,661.25,649
2021-10-20,667,302,656,668.5,650
2021-10-21,660,215,668.5,670.25,659
2021-10-22,667.25,210,661,669.75,659.5
2021-10-25,692.25,724,667,692.25,663.75
2021-10-26,706.5,636,694,715,683.25
2021-10-27,711,208,705,718.25,701
2021-10-28,710.5,349,715.25,717.25,705.75
2021-10-29,729.75,491,714,733.75,706.25
2021-11-1,750.75,526,731,763.75,723.25
2021-11-2,760.25,1304,751.25,779.5,724
2021-11-3,746.5,599,768,768,730
2021-11-4,741,604,747.25,775,737.25
2021-11-5,749,387,742.75,761,736.75
2021-11-8,723.5,730,747,755.25,710.25
2021-11-9,716.25,370,716.75,724.75,702.25
2021-11-10,740,443,717.25,747,709
2021-11-11,725,422,738.25,753.25,724
2021-11-12,734,333,723.25,737,712.25
2021-11-15,723.25,294,733.5,737.25,710
2021-11-16,729.25,285,724.5,734.75,712
2021-11-17,741.75,381,733.25,748.25,728
2021-11-18,762.75,516,744,772.75,744
2021-11-19,771,391,761.5,774.25,758.25
2021-11-22,757,625,773.25,778,756.75
2021-11-23,745.25,775,759.75,759.75,734
2021-11-24,750.25,388,752,766.5,746.25
2021-11-26,759.75,323,742,760,735
2021-11-29,754,510,759,771,749.25
2021-11-30,714,924,755,763.25,714
2021-12-1,703.25,646,709,722.25,696
2021-12-2,734,679,702.75,734,690
2021-12-3,716.5,378,724.75,739.5,710
2021-12-6,730,273,720,732,711
2021-12-7,732.25,169,727.5,737,722.5
2021-12-8,727,225,732.5,735,716.75
2021-12-9,714.5,432,729,736,705.25
2021-12-10,713,266,714.5,719,705
2021-12-13,706.25,302,712,716.5,705.25
2021-12-14,715,395,706.75,719.75,701.25
2021-12-15,711,221,715,717.75,710
2021-12-16,711.75,206,712,714.5,706
2021-12-17,702.25,301,711,713,697.75
2021-12-20,662.25,856,699.5,704.75,662.25
2021-12-21,666.75,632,661.5,676,650
2021-12-22,693.5,551,668,695,667
2021-12-23,707,382,694.25,709.5,686
2021-12-27,724,425,709.5,725,708.75
2021-12-28,702.5,216,721,724.75,702
2021-12-29,695.25,197,701,704,693
2021-12-30,686.5,313,694.25,696.25,674
2021-12-31,683,104,690.75,692,677.75
2022-1-3,680.75,275,689.25,691,675.25
2022-1-4,692,235,683.75,694.25,677.75
2022-1-5,685,122,694,694,680.25
2022-1-6,670.5,419,685.25,685.25,663.5
2022-1-7,668.25,323,666.75,671.75,660
2022-1-10,664,290,668.5,677.25,658
2022-1-11,656,197,661,663.75,655.25
2022-1-12,646,401,657.25,658.25,642.5
2022-1-13,623,707,643.25,644,621
2022-1-14,609,563,622.5,622.5,600.75
2022-1-18,646.75,655,610,648,606
2022-1-19,655.5,748,648,666.25,644.75
2022-1-20,641,345,659.75,662,638.25
2022-1-21,623,509,641,644,615.75
2022-1-24,631.25,215,621.75,639.5,621.5
2022-1-25,652.5,296,630,659.5,627.5
2022-1-26,657.25,182,650.5,659.75,635.5
2022-1-27,655,208,658.5,664,647
2022-1-28,675.5,544,654.75,678,645.25
2022-1-31,695.5,867,675,715.5,675
2022-2-1,715,433,699.75,722.25,686
2022-2-2,725,373,719,730,709.5
2022-2-3,728.25,268,727.75,737.5,724
2022-2-4,731,256,728,735.5,725.25
2022-2-7,736,353,734.25,737.75,715
2022-2-8,745.75,256,739.25,747,733.75
2022-2-9,772.25,376,741.25,774,741.25
2022-2-10,756.25,482,769.5,779.5,744
2022-2-11,749.75,249,762,764,738.25
2022-2-14,745.5,258,743.25,765,736.75
2022-2-15,719.25,424,744,744,715.25
2022-2-16,718.5,426,716.75,731.75,710
2022-2-17,705.25,314,705.25,719,700.5
2022-2-18,686.5,433,710.75,711,681.25
2022-2-22,676.5,730,695,697,646.5
2022-2-23,676,416,678,693.75,662.25
2022-2-24,653.25,723,675,716,650.75
2022-2-25,614.5,545,652.25,666.5,613.25
2022-2-28,641,404,626.5,646,620
2022-3-1,676.25,344,645.25,681,638
2022-3-2,656,289,678.25,696,652
2022-3-3,666.25,352,665,681.25,626
2022-3-4,665.25,230,663,682,645.75
2022-3-7,642,298,675,683.25,625.25
2022-3-8,642.75,239,640.75,651,616.75
2022-3-9,635.5,137,645.5,649,628.25
2022-3-10,657.75,106,636.5,667,636
2022-3-11,662,106,659.75,666.5,638.25
2022-3-14,664.75,55,657,666,652
2022-3-15,661.5,130,663,664,645.25
2022-3-16,664.75,150,658.25,672.75,657.5
2022-3-17,680.25,236,665.5,681,663.25
2022-3-18,695,288,680,695,680
2022-3-21,727,396,693.5,729.25,693.5
2022-3-22,724,194,722.25,729,716.5
2022-3-23,722,142,722,736,719.5
2022-3-24,703.25,200,719.5,720.25,693.5
2022-3-25,738,206,710.75,741.75,702.5
2022-3-28,756,231,732.75,759.5,727.75
2022-3-29,719,208,756,760,716
2022-3-30,730,213,713,741,712
2022-3-31,727.5,234,728.5,733.25,713.25
2022-4-1,740,257,729.5,740.75,720.75
2022-4-4,730.5,193,734.75,741,729.25
2022-4-5,745.25,170,730,747,730
2022-4-6,752.5,157,742,755.5,737
2022-4-7,767.25,190,753.75,772.25,750
2022-4-8,794.5,264,772.75,797.25,766
2022-4-11,803,172,786.25,807.75,786.25
2022-4-12,807,159,803,811,799.75
2022-4-13,796.75,235,801.25,806.75,791.25
2022-4-14,757,335,795,799.75,756.75
2022-4-18,746.75,198,730.25,754.5,719
2022-4-19,737,221,746.75,747,733.25
2022-4-20,720.5,265,730.5,734.5,720.25
2022-4-21,709,258,724.5,729,705
2022-4-22,718.5,203,708,722.5,706
2022-4-25,714.25,218,720.75,741.5,708.5
2022-4-26,694,377,719.5,722.25,677.25
2022-4-27,666.25,311,690,698.5,656.75
2022-4-28,671.75,158,670,679,665.25
2022-4-29,650.25,147,676,677.5,647.5
2022-5-2,654,154,650.75,658.75,647
2022-5-3,672.5,202,654,676,654
2022-5-4,678.75,214,674.5,685.25,672
2022-5-5,659.5,306,676.25,678.75,648.75
2022-5-6,627.5,290,657.5,670,622.25
2022-5-9,615.5,571,632.5,634.75,585.75
2022-5-10,599.25,199,621.75,621.75,596
2022-5-11,603.25,205,597.25,612,591.5
2022-5-12,624.5,342,605.25,626.5,602.25
2022-5-13,617.75,138,626,626.75,609.75
2022-5-16,639.5,224,622.25,649.5,622.25
2022-5-17,653.75,251,639.5,658.5,628.25
2022-5-18,641.75,126,655.75,655.75,630.75
2022-5-19,627.75,153,644.75,644.75,617.5
2022-5-20,612.75,133,625,625,607
2022-5-23,629.75,135,614.5,644.25,614.25
2022-5-24,674.25,565,632.5,674.75,632.5
2022-5-25,680.75,304,674.75,681.75,658.75
2022-5-26,685.25,152,674.5,687,673.75
2022-5-27,703.75,306,680.5,705.75,679.75
2022-5-31,669.75,540,704,708.25,663.75
2022-6-1,646.5,306,670.25,670.25,645.25
2022-6-2,653.5,263,648.75,662.75,647.25
2022-6-3,690.5,224,655,692.5,654
2022-6-6,680.25,122,690,690.75,671.25
2022-6-7,668,226,680.75,694.75,665.25
2022-6-8,661.5,216,668.25,668.25,650.5
2022-6-9,667.5,109,661.75,677,657.5
2022-6-10,651.25,121,669.75,670,649
2022-6-13,659.75,269,650,661.75,631.5
2022-6-14,666.75,259,662.5,670.5,653
2022-6-15,661.25,206,661.5,674.5,656.25
2022-6-16,658.25,74,663,663,655.25
2022-6-17,664.5,138,658.25,667.75,655.25
2022-6-21,636.5,255,658.25,659.5,632.25
2022-6-22,621.75,331,632,633.25,615
2022-6-23,538.5,328,584.75,584.75,537.5
2022-6-24,518.25,332,538.5,541.5,512.75
2022-6-27,497,204,524,525.75,485.5
2022-6-28,503.5,277,497,514,491.5
2022-6-29,508,133,501.75,511.75,500
2022-6-30,502,153,505,505.75,480.75
2022-7-1,488,140,503,503,485.5
2022-7-5,446.75,191,486,487.75,444
2022-7-6,433.75,213,444,458,429
2022-7-7,442.25,105,435,446.25,432.25
2022-7-8,468.5,143,444,470.5,444
2022-7-11,468,101,471.25,479,461.5
2022-7-12,435.75,135,467.75,470,429
2022-7-13,436,166,436,455.5,430
2022-7-14,443,117,432.75,448.5,429
2022-7-15,443.75,85,444.75,462.25,438.25
2022-7-18,463,130,456.5,476.25,449.75
2022-7-19,461.75,148,466,469,458
2022-7-20,455,108,462.5,467,453
2022-7-21,454.5,176,456,458,442.75
2022-7-22,431,149,453,453.25,418
2022-7-25,418.25,230,426.25,439,413.25
2022-7-26,428.5,167,418,436,418
2022-7-27,429.5,178,432.75,443,425
2022-7-28,438,251,433.75,440,428.5
2022-7-29,443,355,437.25,450,434
2022-8-1,435.25,318,443,443,428
2022-8-2,416,163,432.75,434.75,405.5
2022-8-3,394.75,332,411.5,428,393.5
2022-8-4,399.25,217,401.25,403,391
2022-8-5,405.75,178,400.5,414.75,396
2022-8-8,424.5,242,410.75,428.75,404
2022-8-9,416.25,219,417,429.25,414.25
2022-8-10,405.75,121,415.75,417.75,404.25
2022-8-11,424,356,407.5,428,401.5
2022-8-12,427.5,205,421.25,435.25,420.75
2022-8-15,426.75,129,427,433.75,407.25
2022-8-16,409.25,128,424.25,425.25,404
2022-8-17,404.25,85,409,413.5,401.5
2022-8-18,381,348,404,404,375
2022-8-19,387.25,190,375,392,370
2022-8-22,389.5,205,385.5,394.5,384
2022-8-23,408,421,393.5,409.75,391
2022-8-24,418.25,381,408.75,419.75,405.25
2022-8-25,408.25,186,418.5,424,404
2022-8-26,402.5,226,405.25,406,396
2022-8-29,411.75,259,402.5,418.5,400.25
2022-8-30,398,325,409.5,413.5,393
2022-8-31,395.75,220,398,398,388
2022-9-1,377,365,394.25,397,372
2022-9-2,379.75,354,375,386.75,364
2022-9-6,383.75,328,389.25,402.5,377.5
2022-9-7,376.5,290,384.25,395,373
2022-9-8,376.25,216,383,389,375
2022-9-9,393.25,252,384.5,395.5,381
2022-9-12,410,482,396,410,391
2022-9-13,402,368,409.5,410,392.75
2022-9-14,398.5,201,400.75,408.5,395.5
2022-9-15,394.25,270,402.5,404.25,384
2022-9-16,396,174,397.5,399.75,390.5
2022-9-19,402.25,205,396.25,406,396.25
2022-9-20,413.25,298,401.25,417,401.25
2022-9-21,417.75,279,415,420,410.25
2022-9-22,417,226,418,419.75,411
2022-9-23,395,430,417.5,417.5,392.25
2022-9-26,378.5,429,398.75,399,376.5
2022-9-27,370,357,376.5,387.75,369
2022-9-28,378,383,374.75,383.5,370.25
2022-9-29,382.75,182,382.5,391.75,380.75
2022-9-30,390,358,383.75,400,382
2022-10-3,400.5,388,388,401.75,387.75
2022-10-4,403.5,218,399,406.5,398
2022-10-5,402.5,130,403.5,404.25,396
2022-10-6,397,213,399,405,391.5
2022-10-7,379,342,399.75,400,377.25
2022-10-10,384.75,298,381.5,394.75,381.25
2022-10-11,392.25,192,386,398.75,385.25
2022-10-12,402.5,382,393.75,404.5,393.75
2022-10-13,407.5,483,401,410,399.5
2022-10-14,397.75,345,407.5,408.75,392
2022-10-17,389,217,399.75,402.5,386.25
2022-10-18,387.25,348,390,393.25,382.75
2022-10-19,374.75,531,387.5,392.5,373
2022-10-20,375.5,344,374,385.25,373.25
2022-10-21,376.25,275,381.25,381.25,371
2022-10-24,362.25,552,380.5,384.25,355.5
2022-10-25,357.5,588,366.75,366.75,338.5
2022-10-26,356.5,286,356.5,360,347.25
2022-10-27,358.5,215,360.5,362.5,350.75
2022-10-28,366.5,316,360,368,352.25
2022-10-31,389,784,375.75,392.75,375.75
2022-11-1,399.5,558,390.75,400,386
2022-11-2,391,391,399.5,400.5,376.75
2022-11-3,384.5,322,387,391.25,380
2022-11-4,390.75,197,387,395.5,385.25
2022-11-7,385.25,382,388.5,390,380
2022-11-8,380.75,200,383.25,385.5,375.75
2022-11-9,380.5,86,388,388,376.25
2022-11-10,378.25,83,385.25,388,376.5
2022-11-11,387,130,379,387.5,377.75
2022-11-14,394.25,121,388,394.75,386
2022-11-15,398,331,394,399.25,389.75
2022-11-16,395.5,312,397,400,387.5
2022-11-17,394.5,175,397,397.5,390.25
2022-11-18,391,287,393.5,395.75,390
2022-11-21,395,392,390.25,397.25,386.5
2022-11-22,396,490,396.75,397.75,391.5
2022-11-23,389,435,391.5,394.75,387
2022-11-25,383.75,212,389,392.5,383
2022-11-28,379.25,754,384.75,387.5,378.25
2022-11-29,383,497,380,385.75,379
2022-11-30,385.75,231,385,390.5,380.25
2022-12-1,378.5,354,384.75,385,377.75
2022-12-2,357.75,579,377.75,378,357.5
2022-12-5,335.75,634,356,361,333.5
2022-12-6,337,448,338.25,346.75,330.5
2022-12-7,332.75,373,338.25,344,331.5
2022-12-8,330,395,333.25,335.25,327.5
2022-12-9,334,315,330.5,336.25,330
2022-12-12,340.75,293,335.25,345,334
2022-12-13,342.25,266,342.5,344,336.25
2022-12-14,342,325,340.75,345,337.5
2022-12-15,341,237,341.25,343.25,338
2022-12-16,338.5,271,341,342,334.25
2022-12-19,333.25,284,337.25,337.5,329.75
2022-12-20,336.5,196,331.75,339.25,330
2022-12-21,346.25,251,338.25,350,338
2022-12-22,354.5,322,345.75,355.75,343.5
2022-12-23,363.5,379,354.25,367,351
2022-12-27,370.5,563,364.5,377.5,364.5
2022-12-28,376.5,351,368.25,377.25,368.25
2022-12-29,370,311,375,375,362.75
2022-12-30,367.25,171,369.5,372.5,365.25
2023-1-3,363.5,363,366,367.5,360
2023-1-4,357.75,379,364,364.75,354.25
2023-1-5,345.75,367,357.5,361.25,345
2023-1-6,344.25,308,349,353.75,340
2023-1-9,339,322,345,348.75,336.25
2023-1-10,341,271,340.5,345.75,334.5
2023-1-11,349.25,186,343.25,351.25,340
2023-1-12,361.25,281,350,362.25,350
2023-1-13,364,316,358.75,367.75,358
2023-1-17,371.5,340,362,372.25,361.5
2023-1-18,370.5,434,369,374.75,365.5
2023-1-19,368.25,190,368,373,362
2023-1-20,371,154,365.5,372,365.25
2023-1-23,370.75,234,369.75,372,360.75
2023-1-24,375,293,370.25,375.75,368.5
2023-1-25,378,475,375.25,386,373
2023-1-26,386.25,338,377,386.75,367.75
2023-1-27,388.25,379,387.25,390.25,384.75
2023-1-30,391.5,411,387.75,396,387.75
2023-1-31,394,610,392.25,396.25,391.75
2023-2-1,393,535,393.25,398.75,385
2023-2-2,389.25,267,393.25,394.75,385.5
2023-2-3,383.5,235,392.25,392.75,378.75
2023-2-6,383.75,199,384,388,380.5
2023-2-7,384.75,177,386,392.5,382
2023-2-8,386.5,166,382.75,389,381
2023-2-9,381,329,383,388.5,378.25
2023-2-10,376.75,324,382.5,382.5,368
2023-2-13,373.25,143,376.5,376.5,370
2023-2-14,365.75,333,370,371,364.25
2023-2-15,352.75,346,363.5,363.5,352
2023-2-16,351.5,690,352.75,355.5,342.25
2023-2-17,348.75,377,349.75,358.25,348
2023-2-21,346,594,349.75,353,343.75
2023-2-22,345.25,415,346.5,348.75,344.5
2023-2-23,344.25,387,347.5,347.5,343.25
2023-2-24,345.5,378,345,346.75,341.75
2023-2-27,343.5,357,346.5,346.75,342.25
2023-2-28,335,415,343.25,344.25,333.5
2023-3-1,335.5,566,333.5,338,328.25
2023-3-2,333.5,347,337.25,338,331.75
2023-3-3,331.75,348,332.5,334.75,328.25
2023-3-6,325,500,331,331.75,322.25
2023-3-7,341.5,887,325.5,345.5,319
2023-3-8,349,669,338,351,337
2023-3-9,348.5,388,348.75,353.25,346.75
2023-3-10,346.75,195,345.5,349.25,341.5
2023-3-13,348,246,348,349.75,342.75
2023-3-14,349,169,348.75,351,345.75
2023-3-15,347.5,200,349,352,343.25
2023-3-16,346.5,173,347.25,349.25,343.25
2023-3-17,348,82,347.25,349,346
2023-3-20,355.75,434,345.75,361.75,345.25
2023-3-21,359,426,356.5,362.5,356.5
2023-3-22,362.5,374,356.5,367,355.5
2023-3-23,361.5,564,357.5,368.75,356.75
2023-3-24,368.5,305,360,369.5,359.75
2023-3-27,377.25,488,367.25,379.25,366
2023-3-28,379.25,556,378,380,372.75
2023-3-29,376,565,379.25,385.75,374
2023-3-30,372.75,411,374.5,378,370.25
2023-3-31,364.25,544,371,373.5,361
2023-4-3,348.25,603,364.5,368.75,348.25
2023-4-4,341,761,350,353,336
2023-4-5,338,460,340.25,348.75,338
2023-4-6,340.25,371,341,344.5,334.25
2023-4-10,340.5,249,339.25,348.25,337.75
2023-4-11,340.25,325,341.5,343.75,339
2023-4-12,335.75,181,340,340,334.5
2023-4-13,332.25,280,334.75,338.75,331.75
2023-4-14,336,211,333.75,338.75,333.75
2023-4-17,342,166,338,343,337.5
2023-4-18,347.5,258,343.25,349,339
2023-4-19,347.25,313,347,352.75,344.5
2023-4-20,338,570,340.5,342.25,337
2023-4-21,336.5,438,337,338.75,334.5
2023-4-24,338,399,335.25,340,335.25
2023-4-25,334,724,338,338.75,328
2023-4-26,326.5,561,335,336.25,325
2023-4-27,314.25,691,328.5,330,311
2023-4-28,312,642,314.75,315,300
2023-5-1,304.75,301,312.25,313.25,302.5
2023-5-2,302.5,169,308.75,309.25,302
2023-5-3,310.25,313,303.25,312.25,301.25
2023-5-4,319,422,311.5,322.25,310.25
2023-5-5,329,478,321.75,333.5,321.75
2023-5-8,339.25,757,329,340,327
2023-5-9,337.25,431,334.75,340,331.75
2023-5-10,337.5,275,335.25,340,330.75
2023-5-11,333,381,333.5,336,322.25
2023-5-12,335.25,226,334,337,330
2023-5-15,340.75,368,336.25,344,333.5
2023-5-16,345,596,340.25,347.25,338.5
2023-5-17,343,479,339,347,333.25
2023-5-18,337.75,313,342.5,343,331
2023-5-19,322.25,335,335,340,320
2023-5-22,314.5,617,321.75,331.25,313.25
2023-5-23,321.5,565,316,326.25,312
2023-5-24,329.75,276,322,331,322
2023-5-25,336,474,328.25,342.5,327.5
2023-5-26,343.5,414,338.25,345.25,338.25
2023-5-30,346,397,343.5,346.25,339.5
2023-5-31,339,465,340.25,345.25,334.25
2023-6-1,338,380,339.5,344,337.75
2023-6-2,337.5,382,338.75,338.75,330
2023-6-5,343,253,336.75,344.5,335.75
2023-6-6,346.75,314,343,347,340.25
2023-6-7,344.25,506,342.75,347,336.5
2023-6-8,356.25,617,344,361.25,338.5
2023-6-9,358.5,520,361.75,368,353.5
2023-6-12,366,374,355,367.25,351.5
2023-6-13,377,558,365.75,380.25,365.75
2023-6-14,389.25,572,379,392.5,372.5
2023-6-15,403.25,425,390.25,407.5,386.25
2023-6-16,404.5,607,405.5,409,401.25
2023-6-20,397,398,404.75,406,392.5
2023-6-21,397.75,446,397.5,403,389.25
2023-6-22,419.75,382,414.5,421.25,410
2023-6-23,411.5,437,419.5,419.75,400.5
2023-6-26,420.25,402,411.75,429.5,405.75
2023-6-27,412.75,295,419.25,422,408.75
2023-6-28,408.75,520,409.75,420,403.25
2023-6-29,401.75,506,410,415.75,401
2023-6-30,408,377,405.25,420,403.75
2023-7-3,405.75,144,407.5,412.75,405.25
2023-7-5,429,402,417.75,430,411
2023-7-6,441.75,922,430.75,454.75,430.75
2023-7-7,432.75,720,440,446.5,431.5
2023-7-10,442,526,432.75,444,430
2023-7-11,439.75,596,442,459.75,438.25
2023-7-12,419.25,443,440,442,414.75
2023-7-13,421.25,402,418,428,410
2023-7-14,419.25,412,422.25,427.5,413.25
2023-7-17,421.25,232,418.75,428,416.25
2023-7-18,446.25,443,421.5,446.25,415.75
2023-7-19,453.75,585,449.75,468.75,440.25
2023-7-20,458.75,453,459,463.5,451.5
2023-7-21,455.25,314,458.5,461,438.75
2023-7-24,470.75,596,457.5,471.75,457.5
2023-7-25,461,552,469,472.75,455.25
2023-7-26,448.75,270,459,463.5,445.75
2023-7-27,445.5,394,447,459,442.75
2023-7-28,445.25,306,441.25,448,431
2023-7-31,456.25,370,441.25,457.5,430
2023-8-1,454.5,360,454.75,460,445.25
2023-8-2,453.25,296,455,459.5,453
2023-8-3,444,304,452.5,456.75,438.5
2023-8-4,439,202,440,453.75,431.25
2023-8-7,427,282,436.5,447,423
2023-8-8,430.5,362,428.25,434.75,419
2023-8-9,434.25,222,434.75,440,425
2023-8-10,434,327,434.75,444.5,431.75
2023-8-11,437,322,433.5,441.5,430.75
2023-8-14,443.75,200,431.25,447,429.5
2023-8-15,445.25,170,441.75,447,436.75
2023-8-16,458.75,331,445,459,444.5
2023-8-17,459.75,487,457,462,445
2023-8-18,461.25,439,461.25,465,455.5
2023-8-21,465,342,458.25,468.75,458.25
2023-8-22,465.25,371,466,470,462.25
2023-8-23,470.5,754,464.5,472,456
2023-8-24,489.5,948,470.5,495.5,465.75
2023-8-25,501.25,597,494,504.25,485.25
2023-8-28,506,669,501.5,510,501.5
2023-8-29,516.75,673,505.25,519,501.25
2023-8-30,500.25,649,517.5,522.5,500
2023-8-31,493.25,658,502,511,490.25
2023-9-1,486.5,424,493.5,501.75,482.5
2023-9-5,487.5,264,486,492.25,481
2023-9-6,498.75,280,493.25,500.5,488
2023-9-7,496.5,285,498,499.25,491.75
2023-9-8,500,471,495,509.75,494.5
2023-9-11,493.25,409,500.75,500.75,490.5
2023-9-12,495.5,583,494.5,502.75,492.75
2023-9-13,492.75,245,495.75,502.25,490.75
2023-9-14,479.75,467,492,495.5,472.75
2023-9-15,479,224,482.5,484,475
2023-9-18,454,688,484.75,485,454
2023-9-19,434.75,1070,449,458.75,431
2023-9-20,436,573,437,443,425.25
2023-9-21,419,495,436,436.25,418.25
2023-9-22,424.75,626,419.5,427.75,417.75
2023-9-25,433.5,342,428.75,436,423.5
2023-9-26,433,287,436.25,445.5,430.25
2023-9-27,437.25,180,434,441.75,430
2023-9-28,444.5,291,440.5,448.5,438.75
2023-9-29,432.5,732,446.5,456.5,425.5
2023-10-2,434.5,465,428.25,444.25,423.25
2023-10-3,436.5,258,432,440,426.25
2023-10-4,429,294,434,442.5,426.25
2023-10-5,432.75,488,429,438.5,429
2023-10-6,423.75,271,432.5,433.25,423.25
2023-10-9,420.5,227,425.25,427.75,418
2023-10-10,409.25,428,420,420.5,409
2023-10-11,395.75,633,409.25,410.75,395.5
2023-10-12,383.5,829,395.75,402.75,383
2023-10-13,383.25,645,384.75,388.25,373
2023-10-16,381.75,432,383.25,389.25,381.25
2023-10-17,374.25,538,384,394.75,370.25
2023-10-18,371,407,382.5,382.5,370.5
2023-10-19,374.75,508,373.75,377.75,369
2023-10-20,382.5,376,376.25,389,375.75
2023-10-23,385.5,390,385.25,387.75,376.25
2023-10-24,389.75,304,383.25,392.5,379.5
2023-10-25,393.25,364,389,394.5,383.75
2023-10-26,397.25,417,394.5,398,387.25
2023-10-27,402.25,446,395.75,402.5,393.25
2023-10-30,403.75,416,399,406.75,399
2023-10-31,389.25,552,403,403.25,382.25
2023-11-1,379.5,898,388,389.75,373
2023-11-2,376.5,230,383.5,383.5,373.75
2023-11-3,372,287,377,382,370.25
2023-11-6,368.25,427,372,373.25,364.25
2023-11-7,352,657,366,366.75,350.75
2023-11-8,341.75,522,351.5,362.75,333
2023-11-9,333,305,342,345.25,331.5
2023-11-10,346.75,354,334,354.5,325
2023-11-13,356.25,410,348.5,359,348.5
2023-11-14,356.75,205,358.25,363.75,353.5
2023-11-15,351.75,233,358.75,358.75,347.75
2023-11-16,369,348,367.5,371.75,360.5
2023-11-17,361,437,370,363,359.75
2023-11-20,363.25,314,363.75,365,355
2023-11-21,375.25,505,366.5,375.75,360.75
2023-11-22,386,724,376.25,390,372.5
2023-11-24,389.75,436,387.5,392,381.75
2023-11-27,380.25,630,390,394,377.75
2023-11-28,368.75,720,378.75,387,365
2023-11-29,362,485,372,372.25,355
2023-11-30,370,370,362,376,358.25
2023-12-1,384.75,405,374.5,387.5,374.5
2023-12-4,395,632,387.25,395,386
2023-12-5,391.75,380,392,397.5,382
2023-12-6,372,380,392,398,371
2023-12-7,361.5,482,366.75,373.5,359
2023-12-8,355.5,475,360,370.25,355.5
2023-12-11,345.75,768,358.5,369.75,337.5
2023-12-12,343.75,409,347,353.25,342.5
2023-12-13,354.25,368,344.25,356.25,338
2023-12-14,370.75,481,355.75,376.5,349.25
2023-12-15,375.5,368,372.75,377,362.5
2023-12-18,383.5,368,375.5,384,373.75
2023-12-19,385.25,283,383.75,388,381
2023-12-20,378.75,204,385.75,385.75,373.25
2023-12-21,363.5,257,375,379.25,361.5
2023-12-22,359.5,151,364,368,358.25
2023-12-26,368.25,148,362.25,369.25,360.25
2023-12-27,373.25,142,369,375.5,368
2023-12-28,387.25,437,375.75,390,375
2023-12-29,385.75,250,386,389,378.25
2024-1-2,375.75,234,386,386,370.75
2024-1-3,367.75,331,375,376.25,363.5
2024-1-4,365,328,368,380,361.75
2024-1-5,353,411,364.5,367.5,351.25
2024-1-8,361,292,357,362.75,352.75
2024-1-9,379.5,655,362.5,382,362.5
2024-1-10,385.5,574,379.5,389,375.5
2024-1-11,383.5,491,382.25,393,376
2024-1-12,368.75,254,381.75,385.75,368
2024-1-16,352.5,762,371.25,372.75,352
2024-1-17,353.5,375,353.25,360.75,350
2024-1-18,366.75,449,355.25,372,350
2024-1-19,379.75,497,367,384,365.25
2024-1-22,378.5,435,379.75,385,375.75
2024-1-23,370.25,267,376,379,365.75
2024-1-24,365.75,319,370.75,371,363
2024-1-25,364.5,196,368,370.25,359.75
2024-1-26,363.75,279,363.5,368.25,360.5
2024-1-29,365.25,232,364.5,368.75,361
2024-1-30,377,614,367,380,362.75
2024-1-31,382.5,733,377,384.5,374.75
2024-2-1,384.25,536,380,385,372.75
2024-2-2,371.75,385,384,384,369
2024-2-5,367.5,370,371.5,374,365
2024-2-6,378,396,366.75,381,366.25
2024-2-7,382.5,341,377.25,383.5,375.5
2024-2-8,378.75,425,381,384.25,372
2024-2-9,375.25,186,376.25,380.75,375
2024-2-12,378.25,245,379.75,383.5,373.5
2024-2-13,381.75,221,379.75,384,378.25
2024-2-14,382,234,383.25,383.25,374.25
2024-2-15,382.25,215,377.5,384.75,377.25
2024-2-16,383.25,609,380.25,389.5,379.5
2024-2-20,380,288,386.25,386.25,376.75
2024-2-21,370.25,457,379,379.75,367.75
2024-2-22,363,331,369.5,376.75,362.5
2024-2-23,354,798,352.25,358.5,348.5
2024-2-26,363,759,354,367.25,352.25
2024-2-27,366,355,366.25,370,362
2024-2-28,368.5,360,366,370,362
2024-2-29,371,275,368.5,372.5,365
2024-3-1,371.75,426,372.5,373.75,367.75
2024-3-4,368.5,218,370.75,372.5,364.25
2024-3-5,362,264,367.25,369,360.5
2024-3-6,356.5,350,362,362,356
2024-3-7,358.75,192,359.5,362,356.25
2024-3-8,362.75,247,359,366,358.5
2024-3-11,370.75,360,365.75,371.75,363
2024-3-12,372.75,458,371.25,374,367.5
2024-3-13,373,344,371.25,374,368.25
2024-3-14,371.5,317,372.25,376.75,368.5
2024-3-15,365.75,230,368.25,372.25,363.75
2024-3-18,358.5,421,366.25,366.5,358
2024-3-19,356.5,400,360,362.5,356.25
2024-3-20,353.25,657,359,360.75,352.75