date,relh
2014-01-01,82.89875
2014-01-02,76.32125
2014-01-03,77.85458333333334
2014-01-04,76.54458333333334
2014-01-05,73.6625
2014-01-06,75.61583333333333
2014-01-07,73.02875
2014-01-08,63.115
2014-01-09,66.51458333333333
2014-01-10,69.15041666666666
2014-01-11,69.45208333333333
2014-01-12,63.40958333333333
2014-01-13,65.26541666666667
2014-01-14,68.09708333333333
2014-01-15,72.98583333333333
2014-01-16,69.28041666666667
2014-01-17,72.6375
2014-01-18,76.46916666666667
2014-01-19,74.14041666666667
2014-01-20,75.03166666666667
2014-01-21,78.29708333333333
2014-01-22,79.89
2014-01-23,76.69166666666666
2014-01-24,77.88666666666667
2014-01-25,71.15166666666667
2014-01-26,61.88791666666666
2014-01-27,60.08625
2014-01-28,59.28708333333333
2014-01-29,71.78708333333334
2014-01-30,76.3225
2014-01-31,72.55291666666666
2014-02-01,69.67375
2014-02-02,49.86000000000001
2014-02-03,53.55833333333334
2014-02-04,60.66708333333333
2014-02-05,63.92124999999999
2014-02-06,72.45125
2014-02-07,73.06041666666667
2014-02-08,70.29583333333333
2014-02-09,61.11083333333334
2014-02-10,71.08375
2014-02-11,69.34125
2014-02-12,69.30291666666666
2014-02-13,64.97791666666667
2014-02-14,75.06333333333333
2014-02-15,82.59750000000001
2014-02-16,79.54875
2014-02-17,75.45833333333333
2014-02-18,69.09
2014-02-19,65.5825
2014-02-20,65.36874999999999
2014-02-21,65.51666666666667
2014-02-22,70.22250000000001
2014-02-23,70.35291666666667
2014-02-24,80.50416666666666
2014-02-25,91.02125000000001
2014-02-26,77.77208333333333
2014-02-27,67.30083333333333
2014-02-28,60.481249999999996
2014-03-01,66.41708333333334
2014-03-02,60.60458333333333
2014-03-03,60.325
2014-03-04,63.296521739130434
2014-03-05,61.42291666666667
2014-03-06,55.089166666666664
2014-03-07,48.312916666666666
2014-03-08,47.05625
2014-03-09,64.18833333333333
2014-03-10,56.420416666666675
2014-03-11,70.50875
2014-03-12,73.28833333333334
2014-03-13,65.56625
2014-03-14,56.65375
2014-03-15,62.72083333333333
2014-03-16,57.11208333333334
2014-03-17,88.94833333333332
2014-03-18,65.36583333333333
2014-03-19,67.57041666666667
2014-03-20,65.35458333333334
2014-03-21,55.776250000000005
2014-03-22,58.83166666666667
2014-03-23,49.65291666666667
2014-03-24,63.945
2014-03-25,64.00083333333333
2014-03-26,61.17458333333334
2014-03-27,56.71666666666667
2014-03-28,62.10833333333333
2014-03-29,49.89291666666667
2014-03-30,54.1475
2014-03-31,41.805416666666666
2014-04-01,53.992916666666666
2014-04-02,51.385416666666664
2014-04-03,51.385416666666664
2014-04-04,65.92999999999999
2014-04-05,50.33416666666667
2014-04-06,49.623333333333335
2014-04-07,38.901666666666664
2014-04-08,39.30833333333333
2014-04-09,43.627916666666664
2014-04-10,43.51166666666666
2014-04-11,33.744166666666665
2014-04-12,36.03041666666667
2014-04-13,27.240416666666665
2014-04-14,32.780833333333334
2014-04-15,32.373333333333335
2014-04-16,41.397083333333335
2014-04-17,33.73291666666667
2014-04-18,46.850833333333334
2014-04-19,29.385
2014-04-20,78.92708333333333
2014-04-21,52.76083333333333
2014-04-22,35.365833333333335
2014-04-23,37.00541666666667
2014-04-24,39.541666666666664
2014-04-25,36.04541666666667
2014-04-26,50.55083333333334
2014-04-27,45.08833333333333
2014-04-28,38.71083333333333
2014-04-29,28.74
2014-04-30,19.899
2014-05-01,26.672083333333333
2014-05-02,76.75958333333334
2014-05-03,46.0032
2014-05-04,85.19041666666666
2014-05-05,80.24958333333333
2014-05-06,72.12041666666667
2014-05-07,72.77541666666666
2014-05-08,71.10791666666667
2014-05-09,42.937083333333334
2014-05-10,46.19916666666666
2014-05-11,69.02374999999999
2014-05-12,95.00708333333334
2014-05-13,80.69041666666666
2014-05-14,89.84625
2014-05-15,91.1075
2014-05-16,84.9975
2014-05-17,77.01916666666666
2014-05-18,84.95666666666666
2014-05-19,83.51166666666667
2014-05-20,95.36791666666666
2014-05-21,86.50458333333334
2014-05-22,64.79416666666667
2014-05-23,56.75625
2014-05-24,59.10333333333333
2014-05-25,85.47583333333334
2014-05-26,74.98708333333333
2014-05-27,62.97833333333333
2014-05-28,45.90208333333334
2014-05-29,56.9175
2014-05-30,33.75666666666667
2014-05-31,38.3425
2014-06-01,44.895
2014-06-02,41.26708333333333
2014-06-03,57.75458333333333
2014-06-04,42.53541666666667
2014-06-05,72.83083333333333
2014-06-06,67.22125
2014-06-07,85.57083333333333
2014-06-08,81.59083333333334
2014-06-09,78.26166666666667
2014-06-10,91.0625
2014-06-11,83.72833333333334
2014-06-12,66.42833333333333
2014-06-13,50.44375
2014-06-14,60.805416666666666
2014-06-15,60.40541666666667
2014-06-16,63.67333333333334
2014-06-17,68.96416666666667
2014-06-18,68.3
2014-06-19,61.95250000000001
2014-06-20,56.73
2014-06-21,59.9025
2014-06-22,55.307500000000005
2014-06-23,51.80291666666667
2014-06-24,58.99125
2014-06-25,53.58833333333333
2014-06-26,87.19666666666666
2014-06-27,92.27375
2014-06-28,80.61375
2014-06-29,68.32625
2014-06-30,73.34125
2014-07-01,71.99833333333333
2014-07-02,72.56333333333333
2014-07-03,70.05208333333333
2014-07-04,76.15208333333334
2014-07-05,68.88875
2014-07-06,86.27291666666667
2014-07-07,65.965
2014-07-08,74.32958333333333
2014-07-09,68.55541666666666
2014-07-10,90.06333333333333
2014-07-11,87.31416666666667
2014-07-12,89.92958333333333
2014-07-13,89.03208333333333
2014-07-14,74.42083333333333
2014-07-15,91.94583333333333
2014-07-16,85.50333333333333
2014-07-17,90.25083333333333
2014-07-18,84.20041666666667
2014-07-19,83.62583333333333
2014-07-20,79.81125
2014-07-21,81.75833333333334
2014-07-22,75.54958333333333
2014-07-23,84.26125
2014-07-24,80.42625
2014-07-25,80.65333333333334
2014-07-26,78.91416666666667
2014-07-27,75.14
2014-07-28,71.23833333333333
2014-07-29,73.20958333333333
2014-07-30,84.03708333333334
2014-07-31,80.20083333333334
2014-08-01,84.39083333333333
2014-08-02,92.8
2014-08-03,75.5068
2014-08-04,75.23666666666666
2014-08-05,80.48375
2014-08-06,84.96
2014-08-07,70.29291666666667
2014-08-08,69.20333333333333
2014-08-09,66.95875
2014-08-10,70.57083333333334
2014-08-11,67.75958333333334
2014-08-12,73.67625
2014-08-13,69.60375
2014-08-14,85.3025
2014-08-15,88.2475
2014-08-16,79.07791666666667
2014-08-17,77.54083333333334
2014-08-18,74.04708333333333
2014-08-19,72.9525
2014-08-20,73.80375
2014-08-21,78.46833333333333
2014-08-22,76.50041666666667
2014-08-23,82.16333333333334
2014-08-24,80.25333333333333
2014-08-25,84.50208333333333
2014-08-26,83.14041666666667
2014-08-27,83.59458333333333
2014-08-28,74.32291666666667
2014-08-29,75.48458333333333
2014-08-30,77.95708333333333
2014-08-31,73.1425
2014-09-01,74.37625
2014-09-02,78.69500000000001
2014-09-03,82.99166666666666
2014-09-04,75.05749999999999
2014-09-05,77.59875
2014-09-06,71.07375
2014-09-07,67.13166666666667
2014-09-08,74.34750000000001
2014-09-09,74.40083333333332
2014-09-10,79.38125000000001
2014-09-11,70.36749999999999
2014-09-12,72.49916666666667
2014-09-13,60.08541666666667
2014-09-14,68.22666666666667
2014-09-15,56.92124999999999
2014-09-16,58.0725
2014-09-17,64.53416666666666
2014-09-18,68.59375
2014-09-19,65.20208333333333
2014-09-20,64.41958333333334
2014-09-21,68.37333333333333
2014-09-22,65.39541666666666
2014-09-23,82.80083333333333
2014-09-24,63.5525
2014-09-25,51.90875
2014-09-26,53.30416666666667
2014-09-27,81.08833333333332
2014-09-28,60.88833333333333
2014-09-29,60.26166666666666
2014-09-30,52.18416666666667
2014-10-01,68.31541666666666
2014-10-02,65.44
2014-10-03,60.36708333333333
2014-10-04,54.47291666666666
2014-10-05,55.767500000000005
2014-10-06,40.92625
2014-10-07,58.350833333333334
2014-10-08,61.63166666666667
2014-10-09,92.205
2014-10-10,59.30083333333334
2014-10-11,65.02374999999999
2014-10-12,57.17583333333334
2014-10-13,61.711666666666666
2014-10-14,43.19375
2014-10-15,47.32416666666666
2014-10-16,48.37416666666667
2014-10-17,56.21083333333333
2014-10-18,60.69583333333333
2014-10-19,40.7125
2014-10-20,47.036086956521736
2014-10-21,46.844166666666666
2014-10-22,31.374166666666667
2014-10-23,65.19250000000001
2014-10-24,81.08624999999999
2014-10-25,68.52583333333334
2014-10-26,64.79541666666667
2014-10-27,56.37166666666667
2014-10-28,47.86166666666667
2014-10-29,43.24541666666667
2014-10-30,74.63958333333333
2014-10-31,68.97
2014-11-01,78.93625
2014-11-02,63.194736842105264
2014-11-03,59.23541666666667
2014-11-04,52.477916666666665
2014-11-05,57.63625
2014-11-06,57.3325
2014-11-07,47.72416666666667
2014-11-08,43.68625
2014-11-09,53.169999999999995
2014-11-10,52.884166666666665
2014-11-11,63.947916666666664
2014-11-12,61.39291666666667
2014-11-13,50.51333333333333
2014-11-14,56.43625
2014-11-15,58.98375000000001
2014-11-16,65.39291666666666
2014-11-17,65.21166666666667
2014-11-18,54.93208333333334
2014-11-19,57.44166666666666
2014-11-20,70.81826086956521
2014-11-21,61.492916666666666
2014-11-22,51.70541666666667
2014-11-23,56.19166666666667
2014-11-24,69.83916666666667
2014-11-25,61.80625
2014-11-26,53.15913043478261
2014-11-27,46.09458333333333
2014-11-28,54.67458333333334
2014-11-29,54.517500000000005
2014-11-30,68.99333333333334
2014-12-01,57.16791666666666
2014-12-02,41.85375
2014-12-03,76.51375
2014-12-04,80.23541666666667
2014-12-05,83.48916666666666
2014-12-06,75.96208333333333
2014-12-07,74.62791666666666
2014-12-08,75.64291666666666
2014-12-09,72.00416666666666
2014-12-10,86.30416666666667
2014-12-11,75.72916666666667
2014-12-12,77.8125
2014-12-13,76.145
2014-12-14,75.01739130434783
2014-12-15,79.56583333333333
2014-12-16,77.69958333333334
2014-12-17,72.94291666666666
2014-12-18,66.905
2014-12-19,82.78708333333334
2014-12-20,74.94291666666668
2014-12-21,75.71791666666667
2014-12-22,75.17
2014-12-23,79.55083333333333
2014-12-24,76.76166666666667
2014-12-25,74.00541666666668
2014-12-26,80.83
2014-12-27,82.70583333333333
2014-12-28,88.91958333333334
2014-12-29,86.63125000000001
2014-12-30,87.78583333333334
2014-12-31,84.73625
2015-01-01,76.92666666666666
2015-01-02,67.93916666666667
2015-01-03,78.81333333333333
2015-01-04,87.07583333333334
2015-01-05,65.67625
2015-01-06,54.125
2015-01-07,59.54333333333333
2015-01-08,68.62833333333333
2015-01-09,76.29833333333333
2015-01-10,78.79083333333334
2015-01-11,75.37875
2015-01-12,71.88875
2015-01-13,81.31083333333333
2015-01-14,75.03416666666666
2015-01-15,66.68958333333333
2015-01-16,72.90583333333333
2015-01-17,72.96333333333332
2015-01-18,81.5025
2015-01-19,76.7075
2015-01-20,75.72166666666666
2015-01-21,76.84478260869565
2015-01-22,81.48333333333333
2015-01-23,71.84625
2015-01-24,79.28166666666667
2015-01-25,80.02458333333333
2015-01-26,56.11000000000001
2015-01-27,64.22583333333334
2015-01-28,68.56875
2015-01-29,71.57166666666667
2015-01-30,75.18333333333334
2015-01-31,74.95041666666667
2015-02-01,75.85416666666667
2015-02-02,77.05749999999999
2015-02-03,80.09750000000001
2015-02-04,78.16250000000001
2015-02-05,74.26291666666667
2015-02-06,67.18666666666667
2015-02-07,61.7875
2015-02-08,56.182500000000005
2015-02-09,63.93375
2015-02-10,66.29041666666667
2015-02-11,74.71374999999999
2015-02-12,77.38041666666668
2015-02-13,80.8525
2015-02-14,74.97708333333334
2015-02-15,75.78375
2015-02-16,70.27708333333334
2015-02-17,78.61833333333333
2015-02-18,76.71833333333333
2015-02-19,69.93666666666667
2015-02-20,68.04833333333333
2015-02-21,90.32249999999999
2015-02-22,82.86
2015-02-23,70.74125
2015-02-24,73.65833333333333
2015-02-25,81.14208333333333
2015-02-26,78.4625
2015-02-27,75.77875
2015-02-28,81.4725
2015-03-01,82.36666666666666
2015-03-02,76.43208333333334
2015-03-03,79.28375
2015-03-04,79.61045454545454
2015-03-05,64.78375
2015-03-06,62.86375
2015-03-07,65.2825
2015-03-08,68.84416666666667
2015-03-09,75.675
2015-03-10,60.494166666666665
2015-03-11,60.73391304347827
2015-03-12,84.27875
2015-03-13,78.53041666666667
2015-03-14,70.28791666666667
2015-03-15,68.86695652173913
2015-03-16,72.47333333333333
2015-03-17,63.9575
2015-03-18,58.4
2015-03-19,44.27125
2015-03-20,41.211666666666666
2015-03-21,40.500416666666666
2015-03-22,42.41291666666667
2015-03-23,44.986250000000005
2015-03-24,30.214583333333334
2015-03-25,28.969166666666666
2015-03-26,30.783749999999998
2015-03-27,31.10166666666667
2015-03-28,81.32791666666667
2015-03-29,49.48
2015-03-30,64.77374999999999
2015-03-31,44.19916666666666
2015-04-01,25.859583333333333
2015-04-02,70.58875
2015-04-03,61.44916666666666
2015-04-04,73.42041666666667
2015-04-05,80.55208333333333
2015-04-06,58.13
2015-04-07,39.52625
2015-04-08,45.57
2015-04-09,58.112500000000004
2015-04-10,55.065416666666664
2015-04-11,75.62041666666666
2015-04-12,52.843333333333334
2015-04-13,24.491249999999997
2015-04-14,40.280833333333334
2015-04-15,36.260416666666664
2015-04-16,43.687083333333334
2015-04-17,43.002916666666664
2015-04-18,31.8175
2015-04-19,26.925833333333333
2015-04-20,39.50125
2015-04-21,40.17333333333333
2015-04-22,25.258333333333336
2015-04-23,41.192083333333336
2015-04-24,25.039583333333336
2015-04-25,24.430833333333336
2015-04-26,28.322083333333335
2015-04-27,42.775
2015-04-28,42.666666666666664
2015-04-29,28.13208333333333
2015-04-30,19.683333333333334
2015-05-01,48.30916666666667
2015-05-02,68.26708333333333
2015-05-03,33.471666666666664
2015-05-04,35.47541666666667
2015-05-05,63.196666666666665
2015-05-06,78.90375
2015-05-07,62.77333333333333
2015-05-08,76.17333333333333
2015-05-09,49.24166666666667
2015-05-10,39.956250000000004
2015-05-11,89.87124999999999
2015-05-12,84.95708333333333
2015-05-13,86.24416666666667
2015-05-14,78.815
2015-05-15,48.29541666666666
2015-05-16,62.995000000000005
2015-05-17,74.60695652173914
2015-05-18,91.10041666666666
2015-05-19,73.70541666666666
2015-05-20,42.02
2015-05-21,43.385
2015-05-22,41.964166666666664
2015-05-23,37.907916666666665
2015-05-24,34.23875
2015-05-25,54.35666666666666
2015-05-26,64.14666666666666
2015-05-27,53.67291666666667
2015-05-28,59.54541666666666
2015-05-29,55.81041666666667
2015-05-30,33.372499999999995
2015-05-31,60.08541666666667
2015-06-01,65.95291666666667
2015-06-02,83.7775
2015-06-03,53.86291666666667
2015-06-04,38.01208333333333
2015-06-05,63.139166666666675
2015-06-06,90.28416666666665
2015-06-07,75.71124999999999
2015-06-08,72.86958333333332
2015-06-09,67.47791666666667
2015-06-10,67.03791666666667
2015-06-11,77.09583333333333
2015-06-12,74.28833333333334
2015-06-13,65.28333333333333
2015-06-14,55.88041666666667
2015-06-15,46.651250000000005
2015-06-16,48.39458333333334
2015-06-17,60.61875
2015-06-18,77.0725
2015-06-19,66.915
2015-06-20,58.20875
2015-06-21,45.415217391304346
2015-06-22,48.605
2015-06-23,50.44125
2015-06-24,57.59625
2015-06-25,87.02083333333333
2015-06-26,80.13000000000001
2015-06-27,76.89791666666666
2015-06-28,74.95625
2015-06-29,67.41000000000001
2015-06-30,61.24041666666667
2015-07-01,79.07041666666667
2015-07-02,75.345
2015-07-03,72.47958333333334
2015-07-04,63.346666666666664
2015-07-05,63.99208333333333
2015-07-06,61.537083333333335
2015-07-07,64.26166666666667
2015-07-08,63.66083333333333
2015-07-09,62.16583333333333
2015-07-10,64.34666666666666
2015-07-11,79.58291666666666
2015-07-12,74.4225
2015-07-13,67.66458333333334
2015-07-14,74.18916666666667
2015-07-15,62.592083333333335
2015-07-16,60.315416666666664
2015-07-17,71.645
2015-07-18,69.14833333333333
2015-07-19,67.00416666666668
2015-07-20,68.48125
2015-07-21,88.18583333333333
2015-07-22,79.48958333333333
2015-07-23,82.72625000000001
2015-07-24,87.79875
2015-07-25,83.12958333333334
2015-07-26,77.33416666666666
2015-07-27,66.00791666666667
2015-07-28,71.88708333333334
2015-07-29,75.11791666666666
2015-07-30,71.45291666666667
2015-07-31,68.07583333333334
2015-08-01,64.66583333333334
2015-08-02,81.07958333333333
2015-08-03,69.10000000000001
2015-08-04,69.3875
2015-08-05,67.14416666666666
2015-08-06,81.47958333333334
2015-08-07,79.72125
2015-08-08,79.00208333333333
2015-08-09,84.68958333333333
2015-08-10,77.14958333333333
2015-08-11,89.07583333333334
2015-08-12,79.00958333333334
2015-08-13,75.79625
2015-08-14,73.64625
2015-08-15,86.855
2015-08-16,92.31541666666668
2015-08-17,87.205
2015-08-18,82.03791666666667
2015-08-19,84.34125
2015-08-20,94.28833333333334
2015-08-21,95.60958333333333
2015-08-22,96.8225
2015-08-23,91.36291666666666
2015-08-24,89.76458333333333
2015-08-25,82.88375
2015-08-26,79.90125
2015-08-27,91.48
2015-08-28,95.84458333333333
2015-08-29,93.07416666666667
2015-08-30,92.6425
2015-08-31,91.89708333333334
2015-09-01,88.35958333333333
2015-09-02,83.13125000000001
2015-09-03,68.1925
2015-09-04,74.04916666666666
2015-09-05,72.14833333333333
2015-09-06,63.156666666666666
2015-09-07,86.315
2015-09-08,69.66333333333334
2015-09-09,92.66416666666667
2015-09-10,64.16791666666667
2015-09-11,67.94041666666666
2015-09-12,69.52083333333333
2015-09-13,68.75916666666667
2015-09-14,65.90875
2015-09-15,61.77041666666667
2015-09-16,67.40625
2015-09-17,66.97291666666666
2015-09-18,71.15125
2015-09-19,84.27666666666667
2015-09-20,61.57
2015-09-21,71.79041666666667
2015-09-22,65.625
2015-09-23,86.75458333333334
2015-09-24,81.72291666666666
2015-09-25,97.40541666666667
2015-09-26,78.78916666666667
2015-09-27,75.58666666666666
2015-09-28,64.72708333333334
2015-09-29,59.09583333333333
2015-09-30,66.14333333333333
2015-10-01,76.87791666666668
2015-10-02,61.29458333333333
2015-10-03,66.02
2015-10-04,57.30083333333334
2015-10-05,73.135
2015-10-06,67.15375
2015-10-07,63.09041666666667
2015-10-08,64.34041666666667
2015-10-09,52.229166666666664
2015-10-10,86.69
2015-10-11,85.05291666666666
2015-10-12,55.86375
2015-10-13,60.697916666666664
2015-10-14,55.63791666666666
2015-10-15,66.02458333333334
2015-10-16,61.50541666666666
2015-10-17,66.37791666666666
2015-10-18,52.22541666666667
2015-10-19,66.88916666666667
2015-10-20,57.187916666666666
2015-10-21,48.84375
2015-10-22,44.82125
2015-10-23,35.857083333333335
2015-10-24,55.36041666666667
2015-10-25,49.576249999999995
2015-10-26,66.51958333333333
2015-10-27,68.1075
2015-10-28,62.30833333333334
2015-10-29,63.557500000000005
2015-10-30,63.60333333333333
2015-10-31,53.67875
2015-11-01,59.50684210526316
2015-11-02,75.14666666666666
2015-11-03,50.66416666666667
2015-11-04,46.69375
2015-11-05,47.152727272727276
2015-11-06,61.50125
2015-11-07,49.05041666666667
2015-11-08,57.975
2015-11-09,95.15166666666666
2015-11-10,94.76416666666667
2015-11-11,94.9525
2015-11-12,88.30125
2015-11-13,86.32291666666667
2015-11-14,79.69791666666667
2015-11-15,55.257083333333334
2015-11-16,64.67833333333333
2015-11-17,78.81
2015-11-18,66.22333333333333
2015-11-19,72.85041666666667
2015-11-20,69.82291666666667
2015-11-21,73.94250000000001
2015-11-22,70.13916666666667
2015-11-23,64.43624999999999
2015-11-24,70.14333333333333
2015-11-25,71.03125
2015-11-26,72.04583333333333
2015-11-27,71.94541666666667
2015-11-28,77.13166666666667
2015-11-29,77.42666666666666
2015-11-30,85.50041666666668
2015-12-01,91.01625
2015-12-02,93.63375
2015-12-03,83.965
2015-12-04,80.02958333333333
2015-12-05,71.4475
2015-12-06,69.52416666666666
2015-12-07,71.88166666666666
2015-12-08,80.50625000000001
2015-12-09,94.73375
2015-12-10,88.95833333333333
2015-12-11,81.47916666666667
2015-12-12,82.77041666666666
2015-12-13,85.45583333333333
2015-12-14,87.97416666666668
2015-12-15,87.17791666666666
2015-12-16,80.19041666666666
2015-12-17,77.57875
2015-12-18,82.82708333333333
2015-12-19,75.48375
2015-12-20,80.16791666666667
2015-12-21,90.565
2015-12-22,90.48416666666667
2015-12-23,86.14458333333334
2015-12-24,83.28166666666667
2015-12-25,81.40833333333333
2015-12-26,69.11874999999999
2015-12-27,68.73083333333334
2015-12-28,70.73083333333334
2015-12-29,75.05541666666666
2015-12-30,76.97666666666667
2015-12-31,79.5325
2016-01-01,83.87208333333334
2016-01-02,80.3175
2016-01-03,84.6275
2016-01-04,76.82875
2016-01-05,70.2225
2016-01-06,75.41666666666667
2016-01-07,78.74833333333333
2016-01-08,76.67625
2016-01-09,72.30208333333333
2016-01-10,68.98458333333333
2016-01-11,71.27125
2016-01-12,74.0175
2016-01-13,77.58458333333333
2016-01-14,76.44500000000001
2016-01-15,80.00583333333334
2016-01-16,74.26958333333333
2016-01-17,75.87625
2016-01-18,79.67
2016-01-19,77.73208333333334
2016-01-20,70.03416666666666
2016-01-21,69.93583333333333
2016-01-22,70.35166666666667
2016-01-23,71.09291666666667
2016-01-24,68.85458333333334
2016-01-25,66.21541666666667
2016-01-26,64.51
2016-01-27,71.47541666666666
2016-01-28,64.71458333333334
2016-01-29,69.48875
2016-01-30,69.19
2016-01-31,68.60541666666667
2016-02-01,73.535
2016-02-02,73.30291666666666
2016-02-03,72.41875
2016-02-04,73.75708333333334
2016-02-05,77.33333333333333
2016-02-06,73.44083333333333
2016-02-07,75.29083333333334
2016-02-08,79.05166666666666
2016-02-09,78.99875
2016-02-10,68.93791666666667
2016-02-11,75.18625
2016-02-12,76.97833333333334
2016-02-13,67.11083333333333
2016-02-14,62.31708333333333
2016-02-15,67.1125
2016-02-16,67.55375
2016-02-17,75.04291666666667
2016-02-18,78.81958333333334
2016-02-19,70.25708333333334
2016-02-20,72.59916666666668
2016-02-21,54.16416666666667
2016-02-22,61.94708333333333
2016-02-23,61.12291666666667
2016-02-24,62.77041666666667
2016-02-25,60.80375
2016-02-26,71.26375
2016-02-27,55.71625
2016-02-28,59.96666666666667
2016-02-29,56.65291666666667
2016-03-01,62.64625
2016-03-02,76.0025
2016-03-03,66.62625
2016-03-04,74.03375
2016-03-05,89.82166666666666
2016-03-06,68.245
2016-03-07,66.21916666666667
2016-03-08,64.18583333333333
2016-03-09,62.98416666666666
2016-03-10,60.42083333333333
2016-03-11,59.845
2016-03-12,52.196666666666665
2016-03-13,50.65913043478261
2016-03-14,55.99875
2016-03-15,48.53625
2016-03-16,49.60125
2016-03-17,56.33625
2016-03-18,73.64791666666666
2016-03-19,52.02916666666667
2016-03-20,47.25458333333333
2016-03-21,68.98416666666667
2016-03-22,54.76086956521739
2016-03-23,50.709583333333335
2016-03-24,51.31458333333333
2016-03-25,46.715
2016-03-26,44.3725
2016-03-27,29.170833333333334
2016-03-28,27.875833333333333
2016-03-29,43.03125
2016-03-30,50.75333333333333
2016-03-31,34.040416666666665
2016-04-01,57.03041666666667
2016-04-02,37.552083333333336
2016-04-03,38.319583333333334
2016-04-04,47.248333333333335
2016-04-05,33.833333333333336
2016-04-06,42.97958333333333
2016-04-07,30.251666666666665
2016-04-08,34.91416666666667
2016-04-09,44.73708333333334
2016-04-10,42.69208333333333
2016-04-11,33.60791666666667
2016-04-12,83.76333333333334
2016-04-13,67.13291666666667
2016-04-14,45.99875
2016-04-15,55.559583333333336
2016-04-16,94.57958333333333
2016-04-17,89.00583333333333
2016-04-18,47.20375000000001
2016-04-19,40.78291666666667
2016-04-20,39.01833333333334
2016-04-21,28.789583333333336
2016-04-22,48.404583333333335
2016-04-23,52.544999999999995
2016-04-24,38.23083333333333
2016-04-25,61.53916666666667
2016-04-26,52.395833333333336
2016-04-27,47.5025
2016-04-28,36.77
2016-04-29,33.51208333333333
2016-04-30,52.18541666666667
2016-05-01,66.76375
2016-05-02,84.49458333333332
2016-05-03,87.13375
2016-05-04,53.78666666666667
2016-05-05,54.34166666666667
2016-05-06,83.13375
2016-05-07,62.571666666666665
2016-05-08,50.02375
2016-05-09,63.509166666666665
2016-05-10,57.020833333333336
2016-05-11,50.029583333333335
2016-05-12,88.36125
2016-05-13,45.72541666666667
2016-05-14,64.92166666666667
2016-05-15,74.24333333333333
2016-05-16,75.56
2016-05-17,39.755
2016-05-18,34.300000000000004
2016-05-19,31.943749999999998
2016-05-20,29.204166666666666
2016-05-21,33.8424
2016-05-22,37.089999999999996
2016-05-23,56.76416666666666
2016-05-24,89.57916666666667
2016-05-25,71.89916666666666
2016-05-26,60.54208333333333
2016-05-27,47.031666666666666
2016-05-28,33.29833333333333
2016-05-29,29.2775
2016-05-30,61.00875
2016-05-31,53.42333333333334
2016-06-01,49.132083333333334
2016-06-02,59.821666666666665
2016-06-03,58.875416666666666
2016-06-04,57.30708333333334
2016-06-05,43.43625
2016-06-06,64.31333333333333
2016-06-07,56.27
2016-06-08,58.984166666666674
2016-06-09,55.130833333333335
2016-06-10,87.74916666666667
2016-06-11,86.66541666666667
2016-06-12,80.70875
2016-06-13,72.9128
2016-06-14,67.63958333333333
2016-06-15,66.5175
2016-06-16,69.2525
2016-06-17,76.75458333333333
2016-06-18,81.14636363636363
2016-06-19,84.32958333333333
2016-06-20,67.96333333333332
2016-06-21,90.90791666666667
2016-06-22,84.38958333333333
2016-06-23,90.29708333333333
2016-06-24,81.7575
2016-06-25,79.71791666666667
2016-06-26,68.74708333333334
2016-06-27,70.94875
2016-06-28,69.05833333333334
2016-06-29,82.19083333333333
2016-06-30,91.23208333333334
2016-07-01,75.41583333333334
2016-07-02,67.26791666666666
2016-07-03,73.2025
2016-07-04,65.67541666666666
2016-07-05,69.8425
2016-07-06,72.19041666666666
2016-07-07,72.38625
2016-07-08,72.71666666666667
2016-07-09,70.76833333333333
2016-07-10,72.37666666666667
2016-07-11,64.36208333333333
2016-07-12,90.065
2016-07-13,81.20583333333333
2016-07-14,67.3025
2016-07-15,68.83958333333334
2016-07-16,76.78166666666667
2016-07-17,86.63541666666667
2016-07-18,73.20708333333333
2016-07-19,69.78208333333333
2016-07-20,80.42916666666666
2016-07-21,79.07416666666667
2016-07-22,87.94208333333334
2016-07-23,91.28500000000001
2016-07-24,84.09291666666667
2016-07-25,80.78375
2016-07-26,78.06166666666667
2016-07-27,79.71333333333334
2016-07-28,80.67041666666667
2016-07-29,83.73416666666667
2016-07-30,76.27875
2016-07-31,83.14458333333333
2016-08-01,73.915
2016-08-02,73.66625
2016-08-03,74.52374999999999
2016-08-04,72.82833333333333
2016-08-05,82.48130434782608
2016-08-06,78.16125
2016-08-07,63.76791666666667
2016-08-08,62.9125
2016-08-09,67.81478260869565
2016-08-10,78.57583333333334
2016-08-11,78.205
2016-08-12,85.0225
2016-08-13,68.57708333333333
2016-08-14,66.64874999999999
2016-08-15,72.01458333333333
2016-08-16,69.3225
2016-08-17,66.01333333333334
2016-08-18,71.48333333333333
2016-08-19,73.65875
2016-08-20,66.10708333333334
2016-08-21,76.78958333333334
2016-08-22,70.07041666666667
2016-08-23,64.24458333333332
2016-08-24,75.325
2016-08-25,62.77166666666667
2016-08-26,56.14416666666667
2016-08-27,61.8475
2016-08-28,63.759166666666665
2016-08-29,66.3475
2016-08-30,94.94125000000001
2016-08-31,89.71750000000002
2016-09-01,89.04875
2016-09-02,88.7425
2016-09-03,77.68375
2016-09-04,87.76
2016-09-05,88.755
2016-09-06,88.79416666666667
2016-09-07,82.855
2016-09-08,90.2925
2016-09-09,85.37916666666666
2016-09-10,95.37458333333332
2016-09-11,95.38625
2016-09-12,92.41583333333334
2016-09-13,85.88
2016-09-14,75.28083333333333
2016-09-15,81.43416666666667
2016-09-16,78.13000000000001
2016-09-17,81.97
2016-09-18,67.4825
2016-09-19,65.045
2016-09-20,58.34
2016-09-21,61.87125
2016-09-22,64.7625
2016-09-23,84.22083333333333
2016-09-24,83.51708333333333
2016-09-25,77.11583333333333
2016-09-26,75.52333333333333
2016-09-27,91.66125
2016-09-28,60.259166666666665
2016-09-29,60.31346153846154
2016-09-30,61.57583333333333
2016-10-01,66.865
2016-10-02,55.2875
2016-10-03,85.99624999999999
2016-10-04,58.71208333333333
2016-10-05,60.87347826086956
2016-10-06,58.275416666666665
2016-10-07,88.06374999999998
2016-10-08,77.70333333333333
2016-10-09,65.76708333333333
2016-10-10,68.69208333333334
2016-10-11,62.49208333333333
2016-10-12,65.02083333333333
2016-10-13,65.61791666666666
2016-10-14,85.62583333333333
2016-10-15,69.88958333333333
2016-10-16,78.05791666666666
2016-10-17,70.93208333333332
2016-10-18,66.07583333333334
2016-10-19,77.66916666666667
2016-10-20,59.64083333333334
2016-10-21,75.03458333333333
2016-10-22,78.42208333333333
2016-10-23,60.35458333333333
2016-10-24,52.232499999999995
2016-10-25,69.50708333333334
2016-10-26,62.69291666666667
2016-10-27,57.60541666666666
2016-10-28,55.490833333333335
2016-10-29,48.293749999999996
2016-10-30,61.82541666666666
2016-10-31,58.76208333333333
2016-11-01,58.967083333333335
2016-11-02,50.0725
2016-11-03,47.24375
2016-11-04,67.67125
2016-11-05,68.84125
2016-11-06,59.38458333333333
2016-11-07,82.31166666666667
2016-11-08,78.68791666666667
2016-11-09,72.30833333333334
2016-11-10,93.72666666666667
2016-11-11,87.19708333333334
2016-11-12,79.85000000000001
2016-11-13,78.31625
2016-11-14,83.67666666666666
2016-11-15,75.78916666666667
2016-11-16,73.25666666666667
2016-11-17,76.01041666666667
2016-11-18,75.92041666666667
2016-11-19,83.27208333333334
2016-11-20,74.17541666666666
2016-11-21,74.86
2016-11-22,75.56916666666667
2016-11-23,77.72625000000001
2016-11-24,77.61791666666666
2016-11-25,74.91291666666667
2016-11-26,83.505
2016-11-27,83.58458333333333
2016-11-28,75.98708333333333
2016-11-29,73.02041666666666
2016-11-30,92.83125
2016-12-01,73.72666666666667
2016-12-02,74.76958333333333
2016-12-03,80.68583333333333
2016-12-04,74.81791666666668
2016-12-05,76.51666666666667
2016-12-06,73.26130434782608
2016-12-07,73.4925
2016-12-08,83.53333333333333
2016-12-09,82.63625
2016-12-10,80.08708333333334
2016-12-11,77.38250000000001
2016-12-12,77.42416666666666
2016-12-13,74.8275
2016-12-14,75.83416666666666
2016-12-15,70.535
2016-12-16,76.72625000000001
2016-12-17,82.16416666666667
2016-12-18,96.37124999999999
2016-12-19,92.76416666666667
2016-12-20,90.33125
2016-12-21,83.99583333333334
2016-12-22,65.84958333333333
2016-12-23,73.54041666666667
2016-12-24,76.76625
2016-12-25,78.36291666666666
2016-12-26,70.71541666666667
2016-12-27,69.59416666666667
2016-12-28,72.93833333333333
2016-12-29,71.1125
2016-12-30,75.3625
2016-12-31,92.685
2017-01-01,93.95791666666666
2017-01-02,89.58958333333334
2017-01-03,82.46875
2017-01-04,80.53166666666667
2017-01-05,77.74249999999999
2017-01-06,78.38250000000001
2017-01-07,79.15625
2017-01-08,75.12916666666668
2017-01-09,57.44083333333333
2017-01-10,60.77458333333333
2017-01-11,63.034166666666664
2017-01-12,63.43166666666667
2017-01-13,79.59375
2017-01-14,68.58999999999999
2017-01-15,72.10666666666667
2017-01-16,78.64
2017-01-17,78.30458333333333
2017-01-18,82.45083333333334
2017-01-19,78.76916666666666
2017-01-20,76.35125000000001
2017-01-21,81.63708333333334
2017-01-22,75.04
2017-01-23,69.97958333333334
2017-01-24,70.71499999999999
2017-01-25,62.73416666666666
2017-01-26,75.67375
2017-01-27,68.15708333333333
2017-01-28,66.51
2017-01-29,68.80875
2017-01-30,65.44833333333334
2017-01-31,61.90708333333333
2017-02-01,59.32750000000001
2017-02-02,71.04125
2017-02-03,78.94291666666668
2017-02-04,81.66625
2017-02-05,74.49791666666667
2017-02-06,59.92083333333333
2017-02-07,66.52625
2017-02-08,76.56791666666668
2017-02-09,77.19291666666668
2017-02-10,73.32666666666667
2017-02-11,83.10791666666667
2017-02-12,75.99708333333334
2017-02-13,79.15391304347825
2017-02-14,74.16083333333334
2017-02-15,69.11208333333333
2017-02-16,68.28916666666667
2017-02-17,61.43833333333333
2017-02-18,58.72708333333333
2017-02-19,73.4475
2017-02-20,60.93958333333333
2017-02-21,70.64083333333333
2017-02-22,80.09
2017-02-23,68.12833333333333
2017-02-24,74.51666666666667
2017-02-25,82.41416666666667
2017-02-26,72.08041666666666
2017-02-27,67.53375
2017-02-28,65.31666666666666
2017-03-01,77.66125000000001
2017-03-02,62.28458333333333
2017-03-03,65.70166666666667
2017-03-04,64.55041666666666
2017-03-05,68.62166666666667
2017-03-06,68.46
2017-03-07,70.19958333333334
2017-03-08,62.09400000000001
2017-03-09,66.335
2017-03-10,69.6775
2017-03-11,70.345
2017-03-12,82.48583333333333
2017-03-13,75.97208333333333
2017-03-14,60.78875
2017-03-15,55.619166666666665
2017-03-16,66.46166666666666
2017-03-17,64.49708333333334
2017-03-18,50.606249999999996
2017-03-19,51.45666666666667
2017-03-20,67.63833333333334
2017-03-21,60.6775
2017-03-22,51.90833333333333
2017-03-23,60.56
2017-03-24,52.62625
2017-03-25,51.95375000000001
2017-03-26,54.69375
2017-03-27,65.49458333333332
2017-03-28,47.74
2017-03-29,71.91
2017-03-30,49.8775
2017-03-31,73.70875
2017-04-01,53.22708333333333
2017-04-02,39.94541666666667
2017-04-03,35.275
2017-04-04,36.03875
2017-04-05,44.469166666666666
2017-04-06,74.85958333333333
2017-04-07,63.29083333333333
2017-04-08,37.39833333333333
2017-04-09,28.129166666666666
2017-04-10,31.57375
2017-04-11,30.972083333333334
2017-04-12,31.6825
2017-04-13,24.58
2017-04-14,31.017083333333332
2017-04-15,21.91416666666667
2017-04-16,24.86791666666667
2017-04-17,77.52416666666666
2017-04-18,73.2125
2017-04-19,50.556666666666665
2017-04-20,56.540416666666665
2017-04-21,45.64625
2017-04-22,35.65958333333334
2017-04-23,46.326249999999995
2017-04-24,72.53833333333334
2017-04-25,65.34291666666667
2017-04-26,45.1875
2017-04-27,38.16916666666666
2017-04-28,28.469583333333333
2017-04-29,39.49041666666667
2017-04-30,39.88041666666667
2017-05-01,21.434583333333332
2017-05-02,20.115416666666665
2017-05-03,29.48875
2017-05-04,73.84291666666667
2017-05-05,60.53458333333333
2017-05-06,77.96124999999999
2017-05-07,49.009166666666665
2017-05-08,36.73875
2017-05-09,39.498333333333335
2017-05-10,46.29208333333333
2017-05-11,41.2475
2017-05-12,43.1275
2017-05-13,73.82083333333334
2017-05-14,89.47875
2017-05-15,72.49499999999999
2017-05-16,51.92875
2017-05-17,40.41166666666667
2017-05-18,43.37291666666667
2017-05-19,32.678333333333335
2017-05-20,54.14625
2017-05-21,88.12625000000001
2017-05-22,91.4825
2017-05-23,66.045
2017-05-24,54.68125
2017-05-25,55.032916666666665
2017-05-26,52.778333333333336
2017-05-27,40.586666666666666
2017-05-28,28.747500000000002
2017-05-29,27.66416666666667
2017-05-30,28.985
2017-05-31,50.91166666666666
2017-06-01,75.18833333333333
2017-06-02,78.00333333333333
2017-06-03,82.35125000000001
2017-06-04,67.40041666666666
2017-06-05,48.026250000000005
2017-06-06,65.28041666666667
2017-06-07,63.26666666666667
2017-06-08,46.00333333333333
2017-06-09,69.46375
2017-06-10,73.82625
2017-06-11,71.98708333333333
2017-06-12,56.24875
2017-06-13,33.459583333333335
2017-06-14,57.069583333333334
2017-06-15,43.951249999999995
2017-06-16,43.38958333333333
2017-06-17,66.58583333333333
2017-06-18,61.965833333333336
2017-06-19,74.15125
2017-06-20,88.13391304347826
2017-06-21,89.67583333333333
2017-06-22,73.53541666666666
2017-06-23,61.537083333333335
2017-06-24,56.565
2017-06-25,69.50791666666667
2017-06-26,63.185833333333335
2017-06-27,62.338750000000005
2017-06-28,59.75541666666667
2017-06-29,65.95291666666667
2017-06-30,86.32416666666667
2017-07-01,78.01291666666667
2017-07-02,83.80666666666667
2017-07-03,67.25666666666667
2017-07-04,64.19541666666667
2017-07-05,64.55833333333334
2017-07-06,59.649166666666666
2017-07-07,66.36833333333333
2017-07-08,75.03333333333333
2017-07-09,66.10000000000001
2017-07-10,78.48208333333334
2017-07-11,62.27541666666667
2017-07-12,69.10041666666667
2017-07-13,77.92333333333333
2017-07-14,54.86208333333334
2017-07-15,61.185833333333335
2017-07-16,64.06625
2017-07-17,85.94565217391305
2017-07-18,75.88208333333334
2017-07-19,84.21291666666666
2017-07-20,88.555
2017-07-21,65.19875
2017-07-22,65.22250000000001
2017-07-23,73.02416666666666
2017-07-24,57.55791666666667
2017-07-25,59.09291666666667
2017-07-26,71.50041666666667
2017-07-27,84.17541666666666
2017-07-28,75.77291666666666
2017-07-29,63.52875
2017-07-30,70.88375
2017-07-31,70.50875
2017-08-01,86.87208333333332
2017-08-02,88.99000000000001
2017-08-03,95.70375
2017-08-04,86.65833333333335
2017-08-05,79.14217391304348
2017-08-06,78.82666666666667
2017-08-07,85.99833333333333
2017-08-08,80.23291666666667
2017-08-09,76.87083333333334
2017-08-10,82.34875000000001
2017-08-11,84.84041666666667
2017-08-12,79.98583333333333
2017-08-13,79.88833333333334
2017-08-14,76.72
2017-08-15,75.03375
2017-08-16,74.23625
2017-08-17,77.80708333333334
2017-08-18,75.06333333333333
2017-08-19,70.95958333333333
2017-08-20,73.68333333333334
2017-08-21,75.15583333333333
2017-08-22,59.62916666666666
2017-08-23,83.87125
2017-08-24,58.495000000000005
2017-08-25,61.163333333333334
2017-08-26,57.19083333333333
2017-08-27,60.17958333333333
2017-08-28,45.727916666666665
2017-08-29,48.19125
2017-08-30,63.04458333333333
2017-08-31,64.885
2017-09-01,79.52458333333334
2017-09-02,71.99666666666667
2017-09-03,63.43208333333334
2017-09-04,73.17375
2017-09-05,86.69166666666666
2017-09-06,68.01666666666667
2017-09-07,65.38416666666667
2017-09-08,66.2075
2017-09-09,57.88041666666667
2017-09-10,73.02041666666666
2017-09-11,54.28541666666666
2017-09-12,66.32666666666667
2017-09-13,67.72625000000001
2017-09-14,72.57291666666667
2017-09-15,70.4075
2017-09-16,83.37
2017-09-17,79.32000000000001
2017-09-18,85.60833333333333
2017-09-19,85.68708333333332
2017-09-20,72.82166666666667
2017-09-21,63.64125000000001
2017-09-22,80.83749999999999
2017-09-23,53.67333333333334
2017-09-24,59.10166666666667
2017-09-25,55.35583333333333
2017-09-26,60.25
2017-09-27,44.303333333333335
2017-09-28,47.000416666666666
2017-09-29,46.18666666666667
2017-09-30,40.138333333333335
2017-10-01,46.33583333333333
2017-10-02,48.8225
2017-10-03,45.76666666666667
2017-10-04,30.433333333333334
2017-10-05,48.74166666666667
2017-10-06,55.617916666666666
2017-10-07,65.46625
2017-10-08,62.25208333333333
2017-10-09,62.30083333333334
2017-10-10,50.54666666666666
2017-10-11,62.374583333333334
2017-10-12,45.66916666666666
2017-10-13,62.467083333333335
2017-10-14,46.63041666666667
2017-10-15,60.62416666666667
2017-10-16,48.74583333333334
2017-10-17,60.39125000000001
2017-10-18,43.88375
2017-10-19,52.11000000000001
2017-10-20,55.294999999999995
2017-10-21,53.55666666666667
2017-10-22,48.37416666666667
2017-10-23,37.522083333333335
2017-10-24,31.197083333333335
2017-10-25,45.09833333333333
2017-10-26,62.45875
2017-10-27,69.34708333333333
2017-10-28,54.128750000000004
2017-10-29,47.49875
2017-10-30,49.26541666666666
2017-10-31,34.856249999999996
2017-11-01,44.14625
2017-11-02,57.63666666666666
2017-11-03,55.090833333333336
2017-11-04,45.666666666666664
2017-11-05,56.66916666666666
2017-11-06,62.81875
2017-11-07,85.15041666666667
2017-11-08,62.69708333333333
2017-11-09,75.67958333333333
2017-11-10,87.70708333333333
2017-11-11,76.67416666666666
2017-11-12,73.1775
2017-11-13,61.685
2017-11-14,65.70583333333333
2017-11-15,79.03041666666667
2017-11-16,72.09916666666668
2017-11-17,68.9025
2017-11-18,64.50375
2017-11-19,60.4495652173913
2017-11-20,59.68083333333333
2017-11-21,62.544999999999995
2017-11-22,63.745416666666664
2017-11-23,64.43
2017-11-24,63.173750000000005
2017-11-25,63.8525
2017-11-26,49.83083333333334
2017-11-27,60.635
2017-11-28,61.80833333333334
2017-11-29,47.63041666666667
2017-11-30,47.754999999999995
2017-12-01,53.440416666666664
2017-12-02,62.259565217391305
2017-12-03,63.39875
2017-12-04,64.585
2017-12-05,60.75541666666666
2017-12-06,64.01666666666667
2017-12-07,61.78375
2017-12-08,80.05041666666666
2017-12-09,86.92958333333333
2017-12-10,76.89833333333333
2017-12-11,70.92541666666666
2017-12-12,65.85583333333334
2017-12-13,67.795
2017-12-14,67.87
2017-12-15,72.41434782608695
2017-12-16,69.0525
2017-12-17,69.86208333333333
2017-12-18,74.0
2017-12-19,67.75791666666667
2017-12-20,65.44375000000001
2017-12-21,70.72304347826088
2017-12-22,76.86333333333333
2017-12-23,71.51791666666666
2017-12-24,78.76
2017-12-25,74.75875
2017-12-26,64.97041666666667
2017-12-27,60.86041666666667
2017-12-28,65.16208333333334
2017-12-29,66.21791666666667
2017-12-30,65.40083333333334
2017-12-31,66.44541666666667
2018-01-01,71.84833333333333
2018-01-02,75.41958333333334
2018-01-03,74.92916666666666
2018-01-04,68.355
2018-01-05,71.565
2018-01-06,65.66
2018-01-07,66.21666666666667
2018-01-08,88.43599999999999
2018-01-09,65.74458333333332
2018-01-10,61.529583333333335
2018-01-11,61.9675
2018-01-12,67.93083333333333
2018-01-13,64.83291666666666
2018-01-14,78.13
2018-01-15,78.05333333333333
2018-01-16,81.42458333333333
2018-01-17,82.41666666666667
2018-01-18,74.23833333333333
2018-01-19,67.9075
2018-01-20,55.99583333333334
2018-01-21,61.64208333333334
2018-01-22,59.0825
2018-01-23,63.69416666666667
2018-01-24,63.130833333333335
2018-01-25,58.654583333333335
2018-01-26,57.32416666666666
2018-01-27,58.600833333333334
2018-01-28,62.13666666666666
2018-01-29,64.11749999999999
2018-01-30,66.45375
2018-01-31,66.46833333333333
2018-02-01,69.91375000000001
2018-02-02,73.70458333333333
2018-02-03,74.16041666666666
2018-02-04,69.76291666666667
2018-02-05,66.12458333333333
2018-02-06,62.79916666666667
2018-02-07,61.59916666666667
2018-02-08,62.23499999999999
2018-02-09,72.12958333333333
2018-02-10,58.40416666666667
2018-02-11,63.32
2018-02-12,71.83291666666666
2018-02-13,68.56875000000001
2018-02-14,62.31375
2018-02-15,61.34173913043478
2018-02-16,72.67375
2018-02-17,63.083333333333336
2018-02-18,55.97541666666667
2018-02-19,62.30083333333334
2018-02-20,56.615
2018-02-21,61.07583333333333
2018-02-22,59.846666666666664
2018-02-23,67.68083333333333
2018-02-24,61.84083333333333
2018-02-25,58.75791666666667
2018-02-26,59.79416666666666
2018-02-27,62.51666666666667
2018-02-28,79.54208333333334
2018-03-01,70.3525
2018-03-02,67.57458333333334
2018-03-03,85.63291666666667
2018-03-04,63.6525
2018-03-05,57.055416666666666
2018-03-06,65.50291666666666
2018-03-07,74.885
2018-03-08,70.39708333333333
2018-03-09,66.71833333333333
2018-03-10,77.4875
2018-03-11,66.54625
2018-03-12,79.71833333333333
2018-03-13,88.53083333333332
2018-03-14,74.31041666666667
2018-03-15,55.30291666666667
2018-03-16,57.037083333333335
2018-03-17,59.65375
2018-03-18,51.32041666666667
2018-03-19,48.615
2018-03-20,51.080000000000005
2018-03-21,43.87041666666667
2018-03-22,37.35666666666666
2018-03-23,51.63166666666667
2018-03-24,38.66375
2018-03-25,49.14291666666667
2018-03-26,41.25818181818182
2018-03-27,43.42916666666667
2018-03-28,46.4375
2018-03-29,29.931250000000002
2018-03-30,27.762083333333333
2018-03-31,80.44708333333334
2018-04-01,48.220416666666665
2018-04-02,34.03875
2018-04-03,28.43958333333333
2018-04-04,22.822916666666668
2018-04-05,28.7
2018-04-06,31.005416666666665
2018-04-07,25.39375
2018-04-08,50.947916666666664
2018-04-09,25.952916666666667
2018-04-10,80.06875000000001
2018-04-11,63.782916666666665
2018-04-12,76.16166666666668
2018-04-13,63.29666666666666
2018-04-14,85.03541666666666
2018-04-15,45.64666666666667
2018-04-16,29.67125
2018-04-17,39.00833333333333
2018-04-18,45.257083333333334
2018-04-19,44.17458333333334
2018-04-20,58.88958333333333
2018-04-21,50.97541666666666
2018-04-22,34.918749999999996
2018-04-23,34.064166666666665
2018-04-24,25.499166666666667
2018-04-25,21.471249999999998
2018-04-26,34.59791666666667
2018-04-27,15.612083333333333
2018-04-28,28.705
2018-04-29,60.024166666666666
2018-04-30,34.01416666666667
2018-05-01,40.77291666666667
2018-05-02,40.7075
2018-05-03,24.817916666666665
2018-05-04,49.89875
2018-05-05,25.37875
2018-05-06,28.567916666666665
2018-05-07,43.781666666666666
2018-05-08,42.967083333333335
2018-05-09,30.186956521739127
2018-05-10,43.59291666666667
2018-05-11,40.6725
2018-05-12,60.19083333333333
2018-05-13,50.15708333333333
2018-05-14,54.0025
2018-05-15,59.3075
2018-05-16,71.28375
2018-05-17,39.339999999999996
2018-05-18,35.8525
2018-05-19,28.220416666666665
2018-05-20,27.174166666666668
2018-05-21,23.727083333333336
2018-05-22,70.76208333333334
2018-05-23,43.45541666666667
2018-05-24,48.580000000000005
2018-05-25,45.25125
2018-05-26,52.719166666666666
2018-05-27,85.22541666666667
2018-05-28,71.82000000000001
2018-05-29,63.49
2018-05-30,49.66458333333333
2018-05-31,34.885416666666664
2018-06-01,26.2775
2018-06-02,23.64708333333333
2018-06-03,39.44541666666667
2018-06-04,45.40416666666667
2018-06-05,53.5725
2018-06-06,58.45791666666667
2018-06-07,64.39999999999999
2018-06-08,60.346666666666664
2018-06-09,50.854166666666664
2018-06-10,59.57333333333333
2018-06-11,74.60041666666667
2018-06-12,65.72333333333333
2018-06-13,65.20666666666666
2018-06-14,78.53291666666667
2018-06-15,79.08166666666666
2018-06-16,71.97208333333333
2018-06-17,66.04875
2018-06-18,85.31208333333333
2018-06-19,76.54541666666667
2018-06-20,73.94416666666667
2018-06-21,53.21625
2018-06-22,55.24
2018-06-23,56.785833333333336
2018-06-24,54.14875
2018-06-25,85.27291666666667
2018-06-26,81.17125
2018-06-27,85.98333333333333
2018-06-28,66.42333333333333
2018-06-29,73.65166666666667
2018-06-30,66.27583333333332
2018-07-01,59.013749999999995
2018-07-02,68.81041666666667
2018-07-03,66.51541666666667
2018-07-04,77.80708333333334
2018-07-05,71.47
2018-07-06,63.29916666666667
2018-07-07,67.03458333333333
2018-07-08,89.80291666666666
2018-07-09,83.925
2018-07-10,77.84125
2018-07-11,75.27833333333334
2018-07-12,79.42291666666667
2018-07-13,79.05416666666666
2018-07-14,78.33666666666666
2018-07-15,75.19291666666668
2018-07-16,87.48083333333334
2018-07-17,82.14291666666666
2018-07-18,87.44458333333334
2018-07-19,80.74791666666667
2018-07-20,83.75666666666667
2018-07-21,77.41833333333334
2018-07-22,81.19583333333334
2018-07-23,77.35458333333334
2018-07-24,74.37666666666667
2018-07-25,89.34125
2018-07-26,74.67541666666666
2018-07-27,72.69083333333333
2018-07-28,71.26416666666667
2018-07-29,70.00291666666666
2018-07-30,78.08833333333334
2018-07-31,77.04416666666667
2018-08-01,71.53333333333333
2018-08-02,68.33583333333333
2018-08-03,70.02208333333333
2018-08-04,90.76958333333333
2018-08-05,78.89666666666666
2018-08-06,80.19625
2018-08-07,81.20416666666667
2018-08-08,82.77125
2018-08-09,78.15791666666667
2018-08-10,77.54875
2018-08-11,79.71166666666666
2018-08-12,78.50416666666666
2018-08-13,84.27375
2018-08-14,82.42416666666666
2018-08-15,71.95625
2018-08-16,66.31333333333333
2018-08-17,67.14416666666666
2018-08-18,66.1075
2018-08-19,66.9075
2018-08-20,75.34166666666667
2018-08-21,83.50347826086956
2018-08-22,71.94666666666667
2018-08-23,71.36958333333332
2018-08-24,89.54791666666667
2018-08-25,92.25458333333334
2018-08-26,89.5475
2018-08-27,88.0725
2018-08-28,85.40166666666666
2018-08-29,92.21791666666667
2018-08-30,87.73875
2018-08-31,79.85791666666667
2018-09-01,75.03166666666667
2018-09-02,79.85041666666667
2018-09-03,79.80458333333333
2018-09-04,90.8125
2018-09-05,86.73916666666666
2018-09-06,78.86166666666666
2018-09-07,72.44
2018-09-08,66.80499999999999
2018-09-09,65.67541666666666
2018-09-10,61.4475
2018-09-11,66.50125
2018-09-12,80.01583333333333
2018-09-13,86.74874999999999
2018-09-14,72.58083333333333
2018-09-15,63.17958333333333
2018-09-16,58.22416666666667
2018-09-17,54.16125
2018-09-18,69.82833333333333
2018-09-19,57.385416666666664
2018-09-20,56.399166666666666
2018-09-21,81.2725
2018-09-22,68.45458333333333
2018-09-23,75.84416666666667
2018-09-24,77.8325
2018-09-25,66.71
2018-09-26,65.75166666666667
2018-09-27,58.0625
2018-09-28,70.13375
2018-09-29,74.4075
2018-09-30,81.29166666666667
2018-10-01,61.47708333333333
2018-10-02,66.50875
2018-10-03,60.75083333333333
2018-10-04,64.10708333333334
2018-10-05,60.16916666666666
2018-10-06,53.45291666666666
2018-10-07,47.10125
2018-10-08,61.13958333333333
2018-10-09,67.23791666666666
2018-10-10,67.5775
2018-10-11,59.78541666666666
2018-10-12,44.67416666666667
2018-10-13,53.85875000000001
2018-10-14,70.24833333333333
2018-10-15,56.53
2018-10-16,63.31625
2018-10-17,60.70416666666667
2018-10-18,44.904583333333335
2018-10-19,35.93833333333333
2018-10-20,50.35874999999999
2018-10-21,48.74375
2018-10-22,63.66833333333333
2018-10-23,71.94875
2018-10-24,65.10333333333334
2018-10-25,54.18833333333333
2018-10-26,81.0775
2018-10-27,74.42125
2018-10-28,79.83708333333333
2018-10-29,81.4804347826087
2018-10-30,81.72375
2018-10-31,71.665
2018-11-01,65.23875
2018-11-02,56.85541666666666
2018-11-03,69.90583333333333
2018-11-04,56.084583333333335
2018-11-05,51.10541666666666
2018-11-06,59.94916666666666
2018-11-07,61.01416666666666
2018-11-08,70.34916666666668
2018-11-09,91.65791666666667
2018-11-10,77.52125
2018-11-11,76.82166666666667
2018-11-12,83.59375
2018-11-13,78.13708333333334
2018-11-14,73.71416666666666
2018-11-15,66.41416666666667
2018-11-16,53.963750000000005
2018-11-17,68.94291666666666
2018-11-18,68.93375
2018-11-19,60.4575
2018-11-20,57.833333333333336
2018-11-21,53.1775
2018-11-22,53.63458333333333
2018-11-23,54.61749999999999
2018-11-24,64.20375
2018-11-25,62.46458333333334
2018-11-26,46.318333333333335
2018-11-27,38.10583333333333
2018-11-28,51.26291666666666
2018-11-29,50.2425
2018-11-30,53.562916666666666
2018-12-01,42.89333333333334
2018-12-02,67.2475
2018-12-03,42.03791666666667
2018-12-04,51.37583333333333
2018-12-05,51.83958333333334
2018-12-06,52.60166666666667
2018-12-07,50.5825
2018-12-08,50.26166666666666
2018-12-09,57.86875
2018-12-10,61.13791666666666
2018-12-11,68.2675
2018-12-12,58.805
2018-12-13,75.45625
2018-12-14,63.96208333333333
2018-12-15,64.17625
2018-12-16,62.67291666666667
2018-12-17,60.969166666666666
2018-12-18,56.26666666666667
2018-12-19,65.3625
2018-12-20,60.223749999999995
2018-12-21,89.24125
2018-12-22,64.44708333333334
2018-12-23,58.82
2018-12-24,60.602916666666665
2018-12-25,50.572916666666664
2018-12-26,53.805
2018-12-27,57.379999999999995
2018-12-28,54.57375
2018-12-29,61.05375
2018-12-30,65.08833333333332
2018-12-31,59.13041666666666
2019-01-01,64.04375
2019-01-02,76.93083333333333
2019-01-03,65.13125000000001
2019-01-04,63.04666666666666
2019-01-05,63.23374999999999
2019-01-06,69.51260869565218
2019-01-07,63.91416666666667
2019-01-08,57.77708333333333
2019-01-09,53.72375
2019-01-10,66.30874999999999
2019-01-11,67.955
2019-01-12,81.09333333333333
2019-01-13,88.94875
2019-01-14,82.12333333333333
2019-01-15,55.421666666666674
2019-01-16,53.53791666666667
2019-01-17,56.72208333333333
2019-01-18,59.59375
2019-01-19,59.01333333333333
2019-01-20,56.64333333333334
2019-01-21,57.81916666666667
2019-01-22,61.23708333333334
2019-01-23,59.06916666666666
2019-01-24,53.12291666666667
2019-01-25,77.37541666666667
2019-01-26,56.28958333333333
2019-01-27,55.79750000000001
2019-01-28,63.25833333333333
2019-01-29,52.04416666666666
2019-01-30,36.44625
2019-01-31,40.61
2019-02-01,44.37625
2019-02-02,61.02791666666667
2019-02-03,44.81583333333333
2019-02-04,40.59125
2019-02-05,33.83958333333333
2019-02-06,37.178333333333335
2019-02-07,39.017500000000005
2019-02-08,44.492916666666666
2019-02-09,47.651250000000005
2019-02-10,44.66916666666666
2019-02-11,45.27666666666667
2019-02-12,39.95458333333333
2019-02-13,38.492916666666666
2019-02-14,36.0425
2019-02-15,74.32208333333334
2019-02-16,46.32
2019-02-17,40.357083333333335
2019-02-18,33.346666666666664
2019-02-19,53.70416666666667
2019-02-20,46.91041666666666
2019-02-21,36.34625
2019-02-22,43.09958333333333
2019-02-23,29.173333333333332
2019-02-24,29.545833333333334
2019-02-25,43.23291666666666
2019-02-26,39.8075
2019-02-27,55.27375
2019-02-28,47.576521739130435
2019-03-01,34.401666666666664
2019-03-02,34.755
2019-03-03,43.80625
2019-03-04,37.54333333333333
2019-03-05,47.907916666666665
2019-03-06,39.089166666666664
2019-03-07,32.562083333333334
2019-03-08,29.472916666666666
2019-03-09,35.681666666666665
2019-03-10,20.322916666666668
2019-03-11,30.02208333333333
2019-03-12,61.66416666666667
2019-03-13,80.5525
2019-03-14,58.88166666666667
2019-03-15,60.66416666666667
2019-03-16,46.95166666666666
2019-03-17,32.14291666666667
2019-03-18,34.717083333333335
2019-03-19,52.66416666666667
2019-03-20,74.1575
2019-03-21,67.27416666666666
2019-03-22,59.06045454545454
2019-03-23,46.02041666666667
2019-03-24,48.79291666666666
2019-03-25,39.50333333333334
2019-03-26,47.77166666666667
2019-03-27,35.7075
2019-03-28,38.4625
2019-03-29,33.85958333333333
2019-03-30,36.54375
2019-03-31,42.593333333333334
2019-04-01,36.580416666666665
2019-04-02,31.37291666666667
2019-04-03,30.234583333333333
2019-04-04,76.75291666666666
2019-04-05,76.92291666666667
2019-04-06,55.88375
2019-04-07,65.04916666666666
2019-04-08,55.04916666666667
2019-04-09,43.65375
2019-04-10,34.825833333333335
2019-04-11,27.011666666666667
2019-04-12,25.507083333333338
2019-04-13,41.39958333333333
2019-04-14,32.242916666666666
2019-04-15,24.655833333333334
2019-04-16,26.629166666666666
2019-04-17,57.39166666666667
2019-04-18,44.04666666666666
2019-04-19,29.366666666666664
2019-04-20,25.290833333333335
2019-04-21,22.157083333333333
2019-04-22,31.857083333333332
2019-04-23,23.249583333333334
2019-04-24,35.06583333333334
2019-04-25,45.281666666666666
2019-04-26,39.322916666666664
2019-04-27,23.106666666666666
2019-04-28,42.62166666666666
2019-04-29,49.419999999999995
2019-04-30,49.26125
2019-05-01,37.21458333333333
2019-05-02,27.937083333333334
2019-05-03,18.4525
2019-05-04,36.995
2019-05-05,55.905833333333334
2019-05-06,35.4225
2019-05-07,28.6075
2019-05-08,36.17791666666667
2019-05-09,26.886666666666667
2019-05-10,25.66208333333333
2019-05-11,25.984166666666667
2019-05-12,31.33458333333333
2019-05-13,67.54083333333334
2019-05-14,50.50875
2019-05-15,38.41583333333333
2019-05-16,44.9775
2019-05-17,62.45083333333333
2019-05-18,91.33208333333333
2019-05-19,85.14125
2019-05-20,87.39458333333334
2019-05-21,78.47625000000001
2019-05-22,73.75833333333334
2019-05-23,54.127916666666664
2019-05-24,28.45875
2019-05-25,44.270833333333336
2019-05-26,90.23958333333333
2019-05-27,74.00708333333334
2019-05-28,61.665
2019-05-29,37.885416666666664
2019-05-30,66.51041666666667
2019-05-31,64.8425
2019-06-01,41.974583333333335
2019-06-02,59.967083333333335
2019-06-03,58.89458333333334
2019-06-04,52.102916666666665
2019-06-05,81.5125
2019-06-06,54.37583333333333
2019-06-07,52.5325
2019-06-08,83.26416666666667
2019-06-09,80.03083333333333
2019-06-10,81.67458333333333
2019-06-11,82.36874999999999
2019-06-12,70.25916666666667
2019-06-13,88.64125
2019-06-14,89.96
2019-06-15,70.96458333333334
2019-06-16,56.21125
2019-06-17,53.867916666666666
2019-06-18,53.745416666666664
2019-06-19,59.004999999999995
2019-06-20,61.497083333333336
2019-06-21,63.67916666666667
2019-06-22,75.83708333333333
2019-06-23,57.94208333333333
2019-06-24,47.947916666666664
2019-06-25,49.647083333333335
2019-06-26,57.33708333333333
2019-06-27,73.02333333333333
2019-06-28,91.78250000000001
2019-06-29,86.55333333333334
2019-06-30,94.69375000000001
2019-07-01,77.34958333333334
2019-07-02,81.55708333333332
2019-07-03,81.31041666666667
2019-07-04,70.48833333333333
2019-07-05,85.41916666666667
2019-07-06,80.1975
2019-07-07,81.61833333333333
2019-07-08,81.36083333333333
2019-07-09,73.795
2019-07-10,63.760416666666664
2019-07-11,71.98041666666667
2019-07-12,68.1025
2019-07-13,73.25500000000001
2019-07-14,76.65458333333333
2019-07-15,81.8875
2019-07-16,75.57916666666667
2019-07-17,88.385
2019-07-18,87.15458333333333
2019-07-19,82.83708333333333
2019-07-20,77.3925
2019-07-21,93.30416666666667
2019-07-22,83.30833333333334
2019-07-23,89.20791666666668
2019-07-24,86.56833333333333
2019-07-25,87.08041666666666
2019-07-26,86.21750000000002
2019-07-27,86.33583333333333
2019-07-28,79.20869565217392
2019-07-29,90.83791666666667
2019-07-30,91.74958333333332
2019-07-31,83.40083333333334
2019-08-01,81.69041666666668
2019-08-02,82.70375
2019-08-03,88.64583333333333
2019-08-04,85.12125
2019-08-05,84.29625
2019-08-06,87.80916666666667
2019-08-07,92.69958333333334
2019-08-08,96.28958333333333
2019-08-09,88.98833333333334
2019-08-10,98.75875
2019-08-11,97.03916666666667
2019-08-12,88.16583333333334
2019-08-13,92.7
2019-08-14,97.78416666666668
2019-08-15,94.43624999999999
2019-08-16,100.0
2019-08-17,98.73666666666666
2019-08-18,87.11208333333333
2019-08-19,86.2075
2019-08-20,83.37666666666667
2019-08-21,82.85125000000001
2019-08-22,94.33
2019-08-23,90.24708333333332
2019-08-24,87.78625
2019-08-25,85.82375
2019-08-26,85.88875
2019-08-27,82.35125000000001
2019-08-28,95.33583333333333
2019-08-29,92.94541666666667
2019-08-30,90.26583333333333
2019-08-31,74.30791666666667
2019-09-01,79.22333333333334
2019-09-02,78.81583333333333
2019-09-03,85.30333333333333
2019-09-04,83.64625
2019-09-05,83.99125
2019-09-06,86.02583333333332
2019-09-07,88.02208333333334
2019-09-08,76.18208333333332
2019-09-09,67.41416666666667
2019-09-10,76.85458333333334
2019-09-11,72.61583333333333
2019-09-12,74.02374999999999
2019-09-13,95.50208333333335
2019-09-14,67.40291666666667
2019-09-15,60.00875
2019-09-16,58.72
2019-09-17,65.90708333333333
2019-09-18,60.39958333333334
2019-09-19,64.39
2019-09-20,71.52458333333333
2019-09-21,82.46833333333333
2019-09-22,73.0125
2019-09-23,65.55958333333334
2019-09-24,61.53458333333333
2019-09-25,68.08125
2019-09-26,76.14333333333333
2019-09-27,65.34208333333333
2019-09-28,61.70458333333334
2019-09-29,65.99166666666666
2019-09-30,68.67541666666666
2019-10-01,66.08833333333332
2019-10-02,71.18791666666667
2019-10-03,69.12416666666667
2019-10-04,56.88458333333333
2019-10-05,44.36000000000001
2019-10-06,43.79833333333334
2019-10-07,54.52
2019-10-08,49.23916666666667
2019-10-09,52.26333333333333
2019-10-10,57.17041666666666
2019-10-11,48.43
2019-10-12,43.3225
2019-10-13,50.03958333333333
2019-10-14,45.82958333333334
2019-10-15,42.41916666666666
2019-10-16,54.147083333333335
2019-10-17,60.34916666666666
2019-10-18,53.3975
2019-10-19,61.09375
2019-10-20,60.885416666666664
2019-10-21,39.053333333333335
2019-10-22,51.22708333333333
2019-10-23,50.6975
2019-10-24,68.00750000000001
2019-10-25,85.77416666666666
2019-10-26,58.34
2019-10-27,63.67541666666667
2019-10-28,79.10958333333333
2019-10-29,68.25125
2019-10-30,60.75791666666667
2019-10-31,45.278333333333336
2019-11-01,43.74625
2019-11-02,48.998333333333335
2019-11-03,51.77875
2019-11-04,41.34125
2019-11-05,50.76666666666667
2019-11-06,83.27583333333332
2019-11-07,52.37416666666667
2019-11-08,58.79750000000001
2019-11-09,48.6625
2019-11-10,79.49875
2019-11-11,52.5
2019-11-12,79.84166666666665
2019-11-13,74.575
2019-11-14,71.83916666666667
2019-11-15,72.38916666666667
2019-11-16,63.845
2019-11-17,72.70083333333334
2019-11-18,67.0175
2019-11-19,80.66916666666667
2019-11-20,73.23333333333333
2019-11-21,81.95708333333333
2019-11-22,74.77666666666667
2019-11-23,52.62416666666667
2019-11-24,62.19583333333333
2019-11-25,58.48875
2019-11-26,58.635
2019-11-27,62.89374999999999
2019-11-28,61.038333333333334
2019-11-29,58.18208333333333
2019-11-30,76.9175
2019-12-01,74.19291666666668
2019-12-02,65.39291666666666
2019-12-03,55.71208333333334
2019-12-04,59.937083333333334
2019-12-05,63.40958333333333
2019-12-06,65.7325
2019-12-07,69.30875
2019-12-08,73.37708333333333
2019-12-09,86.63041666666668
2019-12-10,81.76291666666667
2019-12-11,77.90916666666666
2019-12-12,74.15166666666667
2019-12-13,86.55624999999999
2019-12-14,77.97125
2019-12-15,82.18708333333333
2019-12-16,94.06833333333333
2019-12-17,78.45291666666667
2019-12-18,79.82625
2019-12-19,82.93833333333333
2019-12-20,78.99833333333333
2019-12-21,83.49125
2019-12-22,81.44500000000001
2019-12-23,81.97041666666667
2019-12-24,83.23708333333333
2019-12-25,80.9575
2019-12-26,81.29125
2019-12-27,82.53458333333333
2019-12-28,84.02166666666666
2019-12-29,84.62541666666667
2019-12-30,74.74541666666666
2019-12-31,73.84416666666667
2020-01-01,72.54708333333333
2020-01-02,75.40041666666667
2020-01-03,81.11625
2020-01-04,82.59833333333334
2020-01-05,85.07000000000001
2020-01-06,80.27083333333333
2020-01-07,88.25333333333333
2020-01-08,81.81916666666667
2020-01-09,84.60458333333334
2020-01-10,85.83208333333333
2020-01-11,82.86416666666666
2020-01-12,84.92208333333333
2020-01-13,80.13916666666667
2020-01-14,80.02125
2020-01-15,81.20041666666667
2020-01-16,82.53125
2020-01-17,80.30333333333333
2020-01-18,81.25208333333333
2020-01-19,83.71041666666666
2020-01-20,83.79291666666667
2020-01-21,79.07083333333334
2020-01-22,78.47166666666666
2020-01-23,71.92291666666667
2020-01-24,68.53916666666667
2020-01-25,71.51375
2020-01-26,71.41125
2020-01-27,73.15041666666666
2020-01-28,76.935
2020-01-29,75.765
2020-01-30,78.91708333333334
2020-01-31,81.69333333333334
2020-02-01,75.13333333333334
2020-02-02,67.77869565217391
2020-02-03,72.48583333333333
2020-02-04,71.23208333333334
2020-02-05,72.5025
2020-02-06,68.7925
2020-02-07,75.21291666666666
2020-02-08,68.3625
2020-02-09,77.50833333333334
2020-02-10,74.47458333333334
2020-02-11,77.81958333333334
2020-02-12,90.83125
2020-02-13,85.13708333333334
2020-02-14,72.85208333333334
2020-02-15,68.89916666666666
2020-02-16,67.99125
2020-02-17,71.3025
2020-02-18,79.01458333333333
2020-02-19,82.03541666666668
2020-02-20,78.8975
2020-02-21,92.84916666666668
2020-02-22,81.91875
2020-02-23,75.76041666666667
2020-02-24,78.05208333333333
2020-02-25,82.27374999999999
2020-02-26,77.19833333333334
2020-02-27,68.38375
2020-02-28,90.6675
2020-02-29,89.29541666666665
2020-03-01,88.39375
2020-03-02,85.55416666666667
2020-03-03,85.80166666666666
2020-03-04,82.40208333333334
2020-03-05,69.04833333333333
2020-03-06,69.74291666666666
2020-03-07,82.08
2020-03-08,88.78208333333333
2020-03-09,75.77625
2020-03-10,74.09333333333333
2020-03-11,66.58208333333333
2020-03-12,50.63291666666667
2020-03-13,55.07916666666667
2020-03-14,67.13666666666667
2020-03-15,79.27833333333334
2020-03-16,60.77125
2020-03-17,66.74166666666666
2020-03-18,77.33916666666667
2020-03-19,78.90958333333334
2020-03-20,65.39291666666666
2020-03-21,78.40416666666667
2020-03-22,60.3725
2020-03-23,56.8825
2020-03-24,43.52166666666667
2020-03-25,52.81791666666667
2020-03-26,59.99125
2020-03-27,48.818749999999994
2020-03-28,38.00791666666667
2020-03-29,36.964166666666664
2020-03-30,39.104166666666664
2020-03-31,40.02875
2020-04-01,35.10541666666666
2020-04-02,38.36190476190476
2020-04-03,47.31428571428572
2020-04-04,44.69
2020-04-05,39.02625
2020-04-06,46.55608695652174
2020-04-07,68.23208333333334
2020-04-08,88.92791666666666
2020-04-09,55.7475
2020-04-10,35.2975
2020-04-11,46.596666666666664
2020-04-12,35.387499999999996
2020-04-13,32.59791666666667
2020-04-14,43.47708333333333
2020-04-15,41.12416666666667
2020-04-16,53.65958333333333
2020-04-17,53.91416666666667
2020-04-18,46.42083333333333
2020-04-19,59.177083333333336
2020-04-20,86.53041666666667
2020-04-21,80.20125
2020-04-22,77.60541666666667
2020-04-23,59.32
2020-04-24,50.405
2020-04-25,53.13958333333333
2020-04-26,53.615
2020-04-27,38.83625
2020-04-28,54.68833333333333
2020-04-29,45.538333333333334
2020-04-30,69.54333333333334
2020-05-01,55.713750000000005
2020-05-02,61.104166666666664
2020-05-03,81.97041666666667
2020-05-04,56.79083333333333
2020-05-05,63.856249999999996
2020-05-06,43.120000000000005
2020-05-07,37.75666666666667
2020-05-08,60.49375
2020-05-09,71.05458333333333
2020-05-10,68.53041666666667
2020-05-11,66.17083333333333
2020-05-12,54.229166666666664
2020-05-13,40.342083333333335
2020-05-14,44.67791666666667
2020-05-15,51.377916666666664
2020-05-16,56.626666666666665
2020-05-17,82.66166666666668
2020-05-18,65.60833333333333
2020-05-19,77.00458333333334
2020-05-20,63.534166666666664
2020-05-21,72.14958333333334
2020-05-22,77.03708333333334
2020-05-23,92.81333333333333
2020-05-24,74.0225
2020-05-25,80.79625
2020-05-26,71.27291666666666
2020-05-27,57.01
2020-05-28,46.901250000000005
2020-05-29,38.27375
2020-05-30,49.04208333333333
2020-05-31,74.68083333333333
2020-06-01,89.21125
2020-06-02,66.71958333333333
2020-06-03,68.68583333333333
2020-06-04,82.59583333333333
2020-06-05,66.25833333333334
2020-06-06,49.52791666666667
2020-06-07,51.39875
2020-06-08,59.88125
2020-06-09,61.93125
2020-06-10,88.29166666666667
2020-06-11,62.70083333333333
2020-06-12,73.75625000000001
2020-06-13,70.54583333333333
2020-06-14,81.27625
2020-06-15,72.11
2020-06-16,63.76166666666666
2020-06-17,73.76083333333334
2020-06-18,68.35083333333334
2020-06-19,67.92291666666667
2020-06-20,86.08208333333334
2020-06-21,85.31708333333334
2020-06-22,85.22458333333334
2020-06-23,93.25291666666668
2020-06-24,87.4175
2020-06-25,77.45958333333333
2020-06-26,89.77666666666666
2020-06-27,85.73083333333334
2020-06-28,81.91333333333334
2020-06-29,82.73625
2020-06-30,78.26208333333334
2020-07-01,70.70333333333333
2020-07-02,71.13708333333334
2020-07-03,76.0
2020-07-04,84.70541666666666
2020-07-05,93.67541666666666
2020-07-06,84.64874999999999
2020-07-07,72.5925
2020-07-08,72.65208333333334
2020-07-09,70.75083333333333
2020-07-10,69.9275
2020-07-11,78.85291666666667
2020-07-12,75.59
2020-07-13,75.49333333333333
2020-07-14,76.43708333333333
2020-07-15,77.13958333333333
2020-07-16,72.50875
2020-07-17,73.84041666666667
2020-07-18,75.04958333333333
2020-07-19,91.05583333333334
2020-07-20,81.98083333333334
2020-07-21,65.52916666666667
2020-07-22,78.46416666666667
2020-07-23,80.71166666666666
2020-07-24,78.97
2020-07-25,78.39291666666666
2020-07-26,72.4375
2020-07-27,77.17041666666667
2020-07-28,87.35333333333334
2020-07-29,86.64041666666667
2020-07-30,87.91875
2020-07-31,84.75666666666667
2020-08-01,83.8175
2020-08-02,82.08416666666666
2020-08-03,85.0525
2020-08-04,91.87833333333333
2020-08-05,85.77208333333334
2020-08-06,85.95958333333334
2020-08-07,85.84458333333333
2020-08-08,85.14083333333333
2020-08-09,92.33125
2020-08-10,89.735
2020-08-11,79.30625
2020-08-12,84.19500000000001
2020-08-13,90.41916666666667
2020-08-14,92.31
2020-08-15,87.89916666666666
2020-08-16,79.40125
2020-08-17,86.1925
2020-08-18,87.25999999999999
2020-08-19,78.32666666666667
2020-08-20,74.56458333333333
2020-08-21,74.43458333333334
2020-08-22,74.82541666666667
2020-08-23,82.05499999999999
2020-08-24,99.01166666666667
2020-08-25,89.11250000000001
2020-08-26,92.21499999999999
2020-08-27,98.77125000000001
2020-08-28,96.34958333333333
2020-08-29,93.14208333333333
2020-08-30,89.54416666666667
2020-08-31,91.62124999999999
2020-09-01,87.37
2020-09-02,84.55291666666666
2020-09-03,98.70166666666667
2020-09-04,85.72333333333334
2020-09-05,79.77166666666666
2020-09-06,84.67
2020-09-07,89.57916666666667
2020-09-08,100.0
2020-09-09,99.23625
2020-09-10,85.12583333333333
2020-09-11,80.33208333333333
2020-09-12,87.31458333333335
2020-09-13,85.51833333333333
2020-09-14,81.80041666666666
2020-09-15,73.90833333333333
2020-09-16,85.47625
2020-09-17,91.38916666666667
2020-09-18,91.72500000000001
2020-09-19,84.00333333333333
2020-09-20,93.03333333333335
2020-09-21,80.14
2020-09-22,89.33833333333332
2020-09-23,91.67916666666667
2020-09-24,81.80083333333333
2020-09-25,86.505
2020-09-26,80.9225
2020-09-27,68.51416666666667
2020-09-28,82.11
2020-09-29,73.11874999999999
2020-09-30,75.815
2020-10-01,74.0775
2020-10-02,78.56583333333333
2020-10-03,72.95666666666666
2020-10-04,92.39958333333334
2020-10-05,82.87416666666667
2020-10-06,76.07541666666667
2020-10-07,72.7025
2020-10-08,57.50791666666667
2020-10-09,68.39958333333333
2020-10-10,70.4675
2020-10-11,84.06125
2020-10-12,59.76541666666666
2020-10-13,78.91875
2020-10-14,59.28041666666667
2020-10-15,58.620416666666664
2020-10-16,56.39625
2020-10-17,54.517500000000005
2020-10-18,57.97083333333333
2020-10-19,53.520833333333336
2020-10-20,56.89875
2020-10-21,64.78666666666668
2020-10-22,56.60166666666667
2020-10-23,55.94916666666666
2020-10-24,57.251666666666665
2020-10-25,68.51041666666667
2020-10-26,59.9025
2020-10-27,60.34375
2020-10-28,63.0275
2020-10-29,71.56958333333334
2020-10-30,54.79125
2020-10-31,60.89083333333334
2020-11-01,65.70666666666666
2020-11-02,66.63333333333334
2020-11-03,64.67458333333333
2020-11-04,53.875
2020-11-05,64.10000000000001
2020-11-06,51.609583333333326
2020-11-07,64.06333333333333
2020-11-08,74.71041666666666
2020-11-09,68.90625
2020-11-10,61.974583333333335
2020-11-11,63.796666666666674
2020-11-12,63.72625
2020-11-13,64.16875
2020-11-14,54.15375
2020-11-15,79.61749999999999
2020-11-16,54.48291666666666
2020-11-17,90.09291666666667
2020-11-18,80.09625
2020-11-19,89.55083333333333
2020-11-20,77.37458333333333
2020-11-21,75.09958333333334
2020-11-22,75.85708333333334
2020-11-23,79.89208333333333
2020-11-24,81.67875
2020-11-25,89.01625
2020-11-26,85.84208333333333
2020-11-27,83.85625
2020-11-28,79.39583333333333
2020-11-29,81.36
2020-11-30,82.52125
2020-12-01,79.64375
2020-12-02,80.83416666666666
2020-12-03,77.71208333333334
2020-12-04,76.63666666666667
2020-12-05,81.52291666666666
2020-12-06,77.69458333333334
2020-12-07,75.99
2020-12-08,72.24333333333333
2020-12-09,77.40916666666666
2020-12-10,78.36625
2020-12-11,78.29333333333334
2020-12-12,72.125
2020-12-13,76.77875
2020-12-14,70.70083333333334
2020-12-15,68.87958333333333
2020-12-16,70.97041666666667
2020-12-17,72.94375000000001
2020-12-18,60.12083333333334
2020-12-19,71.52791666666666
2020-12-20,75.13916666666667
2020-12-21,76.17041666666667
2020-12-22,84.79916666666666
2020-12-23,87.36291666666666
2020-12-24,82.705
2020-12-25,82.40041666666667
2020-12-26,68.54666666666667
2020-12-27,72.20291666666667
2020-12-28,74.41625
2020-12-29,67.57166666666667
2020-12-30,71.54875
2020-12-31,74.66125
2021-01-01,75.79333333333334
2021-01-02,70.48166666666667
2021-01-03,75.18375
2021-01-04,78.15041666666666
2021-01-05,73.58333333333333
2021-01-06,78.20208333333333
2021-01-07,70.84541666666667
2021-01-08,72.45041666666667
2021-01-09,75.5775
2021-01-10,79.21833333333333
2021-01-11,79.51958333333333
2021-01-12,86.4175
2021-01-13,84.32583333333334
2021-01-14,72.94166666666666
2021-01-15,77.51333333333334
2021-01-16,74.84333333333333
2021-01-17,74.62916666666666
2021-01-18,72.77458333333333
2021-01-19,65.30666666666666
2021-01-20,87.84666666666668
2021-01-21,79.435
2021-01-22,77.49208333333333
2021-01-23,75.35416666666667
2021-01-24,85.23958333333333
2021-01-25,89.2075
2021-01-26,73.99125
2021-01-27,69.43541666666667
2021-01-28,67.90333333333334
2021-01-29,70.67041666666667
2021-01-30,74.52708333333334
2021-01-31,79.95625
2021-02-01,78.87583333333333
2021-02-02,66.46875
2021-02-03,69.02374999999999
2021-02-04,65.68708333333333
2021-02-05,86.03083333333335
2021-02-06,77.40166666666667
2021-02-07,76.62125
2021-02-08,72.78125
2021-02-09,80.1475
2021-02-10,87.57375
2021-02-11,74.2975
2021-02-12,78.14333333333333
2021-02-13,79.2575
2021-02-14,70.23166666666667
2021-02-15,62.306666666666665
2021-02-16,67.46083333333333
2021-02-17,77.10333333333334
2021-02-18,63.21791666666667
2021-02-19,74.29083333333334
2021-02-20,75.61958333333334
2021-02-21,71.66083333333334
2021-02-22,69.29833333333333
2021-02-23,65.80958333333334
2021-02-24,74.34708333333334
2021-02-25,69.30041666666666
2021-02-26,64.91875
2021-02-27,68.87125
2021-02-28,68.91291666666666
2021-03-01,70.21249999999999
2021-03-02,59.50833333333333
2021-03-03,79.33375
2021-03-04,84.59083333333334
2021-03-05,59.93833333333333
2021-03-06,59.057500000000005
2021-03-07,71.43833333333333
2021-03-08,67.96666666666667
2021-03-09,65.60458333333334
2021-03-10,73.8575
2021-03-11,81.02416666666666
2021-03-12,71.69916666666667
2021-03-13,66.31958333333334
2021-03-14,71.59166666666667
2021-03-15,61.182500000000005
2021-03-16,55.07416666666666
2021-03-17,56.80375
2021-03-18,62.07458333333333
2021-03-19,53.30166666666667
2021-03-20,91.97347826086956
2021-03-21,71.83166666666666
2021-03-22,67.22875
2021-03-23,65.05833333333334
2021-03-24,65.32875
2021-03-25,83.26875
2021-03-26,82.70916666666666
2021-03-27,79.18083333333333
2021-03-28,77.72166666666666
2021-03-29,91.15625
2021-03-30,77.03857142857143
2021-03-31,69.47041666666667
2021-04-01,48.71875
2021-04-02,48.97416666666667
2021-04-03,50.06125
2021-04-04,39.189166666666665
2021-04-05,43.37083333333334
2021-04-06,42.42625
2021-04-07,39.32458333333334
2021-04-08,46.87833333333333
2021-04-09,39.175000000000004
2021-04-10,41.72541666666667
2021-04-11,64.17125
2021-04-12,73.69458333333334
2021-04-13,63.296666666666674
2021-04-14,41.244166666666665
2021-04-15,40.06041666666667
2021-04-16,73.04125
2021-04-17,83.34666666666666
2021-04-18,56.321666666666665
2021-04-19,49.48291666666666
2021-04-20,32.30458333333333
2021-04-21,38.82458333333333
2021-04-22,59.70875
2021-04-23,68.93083333333333
2021-04-24,40.11291666666667
2021-04-25,43.065416666666664
2021-04-26,34.34791666666667
2021-04-27,68.05916666666667
2021-04-28,40.001666666666665
2021-04-29,71.81166666666667
2021-04-30,84.85791666666667
2021-05-01,85.09375
2021-05-02,57.21666666666667
2021-05-03,42.05041666666667
2021-05-04,59.76083333333333
2021-05-05,55.66083333333333
2021-05-06,51.715
2021-05-07,85.66000000000001
2021-05-08,86.99041666666666
2021-05-09,79.52791666666667
2021-05-10,70.2925
2021-05-11,45.81916666666667
2021-05-12,43.02375
2021-05-13,39.364583333333336
2021-05-14,77.345
2021-05-15,63.14875
2021-05-16,42.26541666666667
2021-05-17,36.25666666666667
2021-05-18,35.055416666666666
2021-05-19,43.08625
2021-05-20,58.345
2021-05-21,51.88333333333333
2021-05-22,44.0325
2021-05-23,78.14708333333333
2021-05-24,56.376666666666665
2021-05-25,33.345416666666665
2021-05-26,48.6625
2021-05-27,54.76958333333334
2021-05-28,68.49541666666667
2021-05-29,54.00125
2021-05-30,57.55375
2021-05-31,52.66583333333333
2021-06-01,72.42
2021-06-02,80.58208333333333
2021-06-03,87.95083333333334
2021-06-04,87.88083333333333
2021-06-05,89.29208333333334
2021-06-06,78.78458333333333
2021-06-07,66.89541666666666
2021-06-08,58.184583333333336
2021-06-09,62.75125
2021-06-10,92.36874999999999
2021-06-11,71.69125
2021-06-12,72.24041666666666
2021-06-13,63.48291666666666
2021-06-14,70.15833333333333
2021-06-15,84.07291666666667
2021-06-16,70.2025
2021-06-17,72.92291666666667
2021-06-18,82.89999999999999
2021-06-19,82.25625000000001
2021-06-20,85.13041666666666
2021-06-21,77.14916666666666
2021-06-22,71.82708333333333
2021-06-23,60.6225
2021-06-24,57.19875
2021-06-25,63.89875
2021-06-26,73.81875000000001
2021-06-27,88.44791666666667
2021-06-28,81.61791666666666
2021-06-29,79.54583333333333
2021-06-30,88.04291666666667
2021-07-01,94.39375
2021-07-02,86.74833333333333
2021-07-03,84.09583333333333
2021-07-04,97.56625000000001
2021-07-05,84.73083333333334
2021-07-06,85.94625
2021-07-07,92.62083333333334
2021-07-08,92.21125
2021-07-09,93.2375
2021-07-10,93.19375000000001
2021-07-11,87.34500000000001
2021-07-12,89.31375000000001
2021-07-13,78.80874999999999
2021-07-14,76.05666666666666
2021-07-15,80.55749999999999
2021-07-16,78.21333333333334
2021-07-17,76.25875
2021-07-18,77.63
2021-07-19,75.96333333333332
2021-07-20,76.84
2021-07-21,74.15833333333333
2021-07-22,75.50541666666668
2021-07-23,69.50750000000001
2021-07-24,72.53958333333334
2021-07-25,85.39333333333333
2021-07-26,73.08666666666667
2021-07-27,77.49916666666667
2021-07-28,80.60333333333334
2021-07-29,75.81666666666666
2021-07-30,82.52499999999999
2021-07-31,89.24291666666666
2021-08-01,85.755
2021-08-02,95.76333333333334
2021-08-03,84.24
2021-08-04,84.64541666666666
2021-08-05,84.61791666666666
2021-08-06,77.55375
2021-08-07,79.01041666666667
2021-08-08,79.53833333333334
2021-08-09,78.66875
2021-08-10,79.43625
2021-08-11,80.85375
2021-08-12,87.61125
2021-08-13,84.66583333333334
2021-08-14,89.84041666666667
2021-08-15,80.06458333333333
2021-08-16,79.44916666666667
2021-08-17,81.2725
2021-08-18,72.81125
2021-08-19,76.06041666666667
2021-08-20,79.32416666666667
2021-08-21,97.7375
2021-08-22,83.0275
2021-08-23,85.66041666666666
2021-08-24,81.23625
2021-08-25,85.74875000000002
2021-08-26,81.64416666666666
2021-08-27,75.62416666666667
2021-08-28,78.88083333333334
2021-08-29,70.72958333333334
2021-08-30,77.745
2021-08-31,75.30416666666666
2021-09-01,67.00083333333333
2021-09-02,71.37291666666667
2021-09-03,75.37041666666666
2021-09-04,69.8875
2021-09-05,67.68833333333333
2021-09-06,76.65041666666667
2021-09-07,88.91125
2021-09-08,74.47875
2021-09-09,85.5025
2021-09-10,77.76833333333333
2021-09-11,90.78416666666668
2021-09-12,75.35208333333334
2021-09-13,89.52291666666667
2021-09-14,81.11333333333333
2021-09-15,74.94
2021-09-16,88.49958333333332
2021-09-17,66.02041666666666
2021-09-18,73.56375
2021-09-19,80.39458333333333
2021-09-20,85.865
2021-09-21,97.39791666666667
2021-09-22,92.68541666666665
2021-09-23,77.90708333333333
2021-09-24,77.23208333333334
2021-09-25,92.06458333333335
2021-09-26,89.42125
2021-09-27,82.72958333333334
2021-09-28,73.21583333333334
2021-09-29,66.46041666666666
2021-09-30,73.70958333333333
2021-10-01,64.21375
2021-10-02,49.27708333333334
2021-10-03,70.74583333333334
2021-10-04,64.53090909090909
2021-10-05,81.198125
2021-10-06,74.37416666666667
2021-10-07,62.965
2021-10-08,53.9625
2021-10-09,77.81916666666667
2021-10-10,59.38583333333333
2021-10-11,66.16791666666667
2021-10-12,59.52041666666667
2021-10-13,59.60833333333333
2021-10-14,70.95291666666667
2021-10-15,51.25833333333333
2021-10-16,55.574999999999996
2021-10-17,52.08875
2021-10-18,62.20875
2021-10-19,56.96958333333333
2021-10-20,66.72166666666666
2021-10-21,61.11541666666667
2021-10-22,50.29916666666667
2021-10-23,47.412083333333335
2021-10-24,52.50625
2021-10-25,71.83958333333334
2021-10-26,67.12291666666667
2021-10-27,62.800000000000004
2021-10-28,57.8775
2021-10-29,46.23166666666666
2021-10-30,67.70291666666667
2021-10-31,90.80666666666667
2021-11-01,80.6925
2021-11-02,80.89458333333333
2021-11-03,86.63583333333334
2021-11-04,88.46249999999999
2021-11-05,80.95208333333333
2021-11-06,63.793749999999996
2021-11-07,74.64208333333333
2021-11-08,90.95
2021-11-09,91.36833333333334
2021-11-10,89.53291666666667
2021-11-11,75.64833333333333
2021-11-12,78.17083333333333
2021-11-13,85.27916666666667
2021-11-14,84.9175
2021-11-15,89.42625
2021-11-16,85.28
2021-11-17,78.27666666666667
2021-11-18,68.0725
2021-11-19,81.18124999999999
2021-11-20,82.29791666666667
2021-11-21,87.01916666666666
2021-11-22,77.21333333333334
2021-11-23,67.62583333333333
2021-11-24,69.18791666666667
2021-11-25,77.15791666666667
2021-11-26,80.89541666666666
2021-11-27,73.63916666666667
2021-11-28,83.44125
2021-11-29,82.67041666666667
2021-11-30,81.68833333333333
2021-12-01,71.39125
2021-12-02,74.53166666666667
2021-12-03,76.53125
2021-12-04,64.02708333333334
2021-12-05,79.8025
2021-12-06,74.23666666666666
2021-12-07,71.42875
2021-12-08,67.45916666666666
2021-12-09,80.3925
2021-12-10,86.05083333333334
2021-12-11,76.64666666666666
2021-12-12,63.93083333333333
2021-12-13,68.04458333333334
2021-12-14,80.88541666666667
2021-12-15,77.64708333333333
2021-12-16,66.885
2021-12-17,63.812083333333334
2021-12-18,74.89208333333333
2021-12-19,70.43875
2021-12-20,61.79416666666666
2021-12-21,67.4275
2021-12-22,68.9275
2021-12-23,67.03583333333333
2021-12-24,61.41916666666666
2021-12-25,66.55375
2021-12-26,69.20458333333333
2021-12-27,72.91958333333334
2021-12-28,70.93625
2021-12-29,69.58999999999999
2021-12-30,72.09791666666666
2021-12-31,69.16875
2022-01-01,73.35125000000001
2022-01-02,66.46083333333333
2022-01-03,73.27041666666666
2022-01-04,70.2325
2022-01-05,70.03416666666666
2022-01-06,74.31833333333333
2022-01-07,78.1575
2022-01-08,73.31708333333333
2022-01-09,75.85166666666667
2022-01-10,81.69250000000001
2022-01-11,74.71875
2022-01-12,74.79666666666667
2022-01-13,75.29041666666667
2022-01-14,63.581250000000004
2022-01-15,79.14958333333333
2022-01-16,76.44166666666666
2022-01-17,74.01166666666667
2022-01-18,74.82125
2022-01-19,74.69083333333333
2022-01-20,72.9125
2022-01-21,71.37333333333333
2022-01-22,64.76875
2022-01-23,72.99208333333333
2022-01-24,76.30166666666666
2022-01-25,74.94
2022-01-26,82.585
2022-01-27,79.02041666666666
2022-01-28,73.78875000000001
2022-01-29,71.92416666666666
2022-01-30,74.75333333333333
2022-01-31,71.87333333333333
2022-02-01,74.71458333333332
2022-02-02,70.86458333333333
2022-02-03,73.00041666666667
2022-02-04,71.09041666666667
2022-02-05,72.53083333333333
2022-02-06,72.03458333333333
2022-02-07,72.20083333333334
2022-02-08,77.13250000000001
2022-02-09,74.77625
2022-02-10,78.64375
2022-02-11,83.81541666666668
2022-02-12,78.91708333333334
2022-02-13,79.77708333333334
2022-02-14,78.77833333333334
2022-02-15,80.05416666666666
2022-02-16,81.19791666666667
2022-02-17,77.87291666666667
2022-02-18,82.31625000000001
2022-02-19,82.465
2022-02-20,79.6475
2022-02-21,73.8775
2022-02-22,73.11166666666666
2022-02-23,65.02125
2022-02-24,68.28541666666668
2022-02-25,67.28166666666667
2022-02-26,72.45291666666667
2022-02-27,71.99583333333334
2022-02-28,70.74458333333332
2022-03-01,70.42
2022-03-02,85.39047619047619
2022-03-03,66.80166666666666
2022-03-04,69.63250000000001
2022-03-05,70.68208333333334
2022-03-06,61.64791666666667
2022-03-07,64.52541666666667
2022-03-08,75.52499999999999
2022-03-09,63.41791666666666
2022-03-10,57.724583333333335
2022-03-11,56.6975
2022-03-12,80.55833333333334
2022-03-13,83.59541666666667
2022-03-14,91.24374999999999
2022-03-15,81.74583333333334
2022-03-16,55.49583333333334
2022-03-17,63.503750000000004
2022-03-18,59.156666666666666
2022-03-19,62.92416666666667
2022-03-20,59.91041666666666
2022-03-21,59.375416666666666
2022-03-22,48.255
2022-03-23,65.01583333333333
2022-03-24,78.56541666666666
2022-03-25,79.52041666666666
2022-03-26,82.68625
2022-03-27,64.13875
2022-03-28,40.55625
2022-03-29,65.39833333333333
2022-03-30,50.07375
2022-03-31,50.58541666666667
2022-04-01,49.07791666666666
2022-04-02,43.85458333333333
2022-04-03,39.40291666666666
2022-04-04,47.77166666666667
2022-04-05,54.68083333333333
2022-04-06,45.85874999999999
2022-04-07,32.33375
2022-04-08,56.67916666666667
2022-04-09,42.30125
2022-04-10,53.125416666666666
2022-04-11,76.12833333333333
2022-04-12,57.830000000000005
2022-04-13,48.240833333333335
2022-04-14,49.95791666666667
2022-04-15,40.42666666666667
2022-04-16,46.109166666666674
2022-04-17,44.83208333333334
2022-04-18,32.504583333333336
2022-04-19,33.32875
2022-04-20,32.45375
2022-04-21,75.4325
2022-04-22,50.38916666666666
2022-04-23,51.41833333333333
2022-04-24,48.52875
2022-04-25,57.89625
2022-04-26,62.451249999999995
2022-04-27,52.45541666666667
2022-04-28,40.78666666666667
2022-04-29,47.49375
2022-04-30,84.64791666666666
2022-05-01,84.33375
2022-05-02,57.25666666666667
2022-05-03,47.75791666666667
2022-05-04,39.69416666666667
2022-05-05,63.340833333333336
2022-05-06,69.51541666666667
2022-05-07,42.70916666666667
2022-05-08,46.100833333333334
2022-05-09,24.54958333333333
2022-05-10,47.69375
2022-05-11,54.57666666666666
2022-05-12,44.82458333333333
2022-05-13,55.94208333333333
2022-05-14,44.07708333333333
2022-05-15,46.66458333333333
2022-05-16,43.32375
2022-05-17,43.78666666666667
2022-05-18,38.678333333333335
2022-05-19,57.01583333333334
2022-05-20,42.2975
2022-05-21,51.067499999999995
2022-05-22,38.82875
2022-05-23,40.2075
2022-05-24,66.91833333333334
2022-05-25,92.45291666666667
2022-05-26,92.485
2022-05-27,75.8075
2022-05-28,56.03375
2022-05-29,83.65208333333334
2022-05-30,69.79625
2022-05-31,56.7725
2022-06-01,66.30166666666666
2022-06-02,56.05375
2022-06-03,53.51333333333333
2022-06-04,70.66166666666668
2022-06-05,90.8325
2022-06-06,83.59125
2022-06-07,67.77125
2022-06-08,67.35833333333333
2022-06-09,74.235
2022-06-10,76.1575
2022-06-11,63.13708333333333
2022-06-12,75.69625
2022-06-13,80.62666666666667
2022-06-14,73.09833333333333
2022-06-15,74.88833333333334
2022-06-16,80.39625
2022-06-17,69.72125
2022-06-18,65.60083333333334
2022-06-19,69.49666666666667
2022-06-20,75.31458333333333
2022-06-21,60.97125
2022-06-22,72.1075
2022-06-23,75.46541666666667
2022-06-24,84.06541666666668
2022-06-25,86.73083333333334
2022-06-26,77.46583333333334
2022-06-27,76.75625000000001
2022-06-28,79.48916666666666
2022-06-29,74.58875
2022-06-30,73.235
2022-07-01,76.00416666666666
2022-07-02,82.82458333333334
2022-07-03,81.46791666666667
2022-07-04,85.93083333333334
2022-07-05,85.34875
2022-07-06,82.46583333333332
2022-07-07,92.53833333333334
2022-07-08,77.28333333333333
2022-07-09,62.13625
2022-07-10,75.55708333333334
2022-07-11,85.50041666666668
2022-07-12,84.21625
2022-07-13,94.85125
2022-07-14,95.87833333333333
2022-07-15,82.55333333333333
2022-07-16,83.57625
2022-07-17,88.15125
2022-07-18,86.8325
2022-07-19,85.50583333333333
2022-07-20,89.29958333333333
2022-07-21,80.98416666666667
2022-07-22,78.37708333333333
2022-07-23,77.90916666666666
2022-07-24,94.78458333333333
2022-07-25,86.11166666666666
2022-07-26,90.17291666666667
2022-07-27,84.03125
2022-07-28,86.65791666666667
2022-07-29,96.87291666666665
2022-07-30,90.84708333333333
2022-07-31,86.17333333333333
2022-08-01,86.58333333333333
2022-08-02,86.71416666666666
2022-08-03,88.32958333333333
2022-08-04,85.74666666666667
2022-08-05,83.22
2022-08-06,78.68333333333334
2022-08-07,88.73833333333333
2022-08-08,71.25583333333334
2022-08-09,65.50541666666668
2022-08-10,69.62291666666667
2022-08-11,70.93541666666667
2022-08-12,75.72375
2022-08-13,84.36
2022-08-14,78.83125
2022-08-15,84.85291666666667
2022-08-16,78.25
2022-08-17,73.77333333333333
2022-08-18,85.31041666666667
2022-08-19,85.36333333333334
2022-08-20,69.49541666666667
2022-08-21,85.73541666666667
2022-08-22,90.35083333333334
2022-08-23,73.33666666666666
2022-08-24,74.97166666666666
2022-08-25,83.10333333333334
2022-08-26,74.45041666666667
2022-08-27,72.6825
2022-08-28,70.58916666666667
2022-08-29,90.24458333333332
2022-08-30,86.35125
2022-08-31,75.11083333333333
2022-09-01,63.83875
2022-09-02,67.80875
2022-09-03,72.16208333333334
2022-09-04,92.03583333333334
2022-09-05,86.3675
2022-09-06,79.99708333333334
2022-09-07,73.88375
2022-09-08,79.22208333333333
2022-09-09,72.54375
2022-09-10,76.45291666666667
2022-09-11,77.08
2022-09-12,74.22
2022-09-13,76.2175
2022-09-14,82.53458333333333
2022-09-15,88.58833333333332
2022-09-16,78.93083333333333
2022-09-17,86.58541666666667
2022-09-18,62.8425
2022-09-19,57.77041666666667
2022-09-20,49.038333333333334
2022-09-21,50.76666666666667
2022-09-22,76.10083333333334
2022-09-23,90.99208333333333
2022-09-24,71.02958333333333
2022-09-25,62.14666666666667
2022-09-26,60.409166666666664
2022-09-27,68.32291666666667
2022-09-28,75.38625
2022-09-29,73.95833333333333
2022-09-30,82.97416666666668
2022-10-01,88.28708333333333
2022-10-02,91.75333333333333
2022-10-03,89.01833333333333
2022-10-04,57.8675
2022-10-05,64.6975
2022-10-06,58.20583333333334
2022-10-07,66.84
2022-10-08,82.22166666666666
2022-10-09,100.0
2022-10-10,66.78708333333334
2022-10-11,61.58416666666667
2022-10-12,53.355
2022-10-13,80.03708333333333
2022-10-14,91.22333333333334
2022-10-15,55.22875
2022-10-16,56.192499999999995
2022-10-17,65.86375
2022-10-18,61.806666666666665
2022-10-19,54.01125
2022-10-20,59.39458333333334
2022-10-21,78.36208333333333
2022-10-22,62.2425
2022-10-23,70.37625
2022-10-24,60.310833333333335
2022-10-25,56.67208333333334
2022-10-26,87.38458333333334
2022-10-27,70.2825
2022-10-28,72.97583333333334
2022-10-29,72.35625
2022-10-30,65.32375
2022-10-31,74.10791666666667
2022-11-01,60.62083333333334
2022-11-02,53.272083333333335
2022-11-03,61.54833333333334
2022-11-04,60.656666666666666
2022-11-05,66.60166666666667
2022-11-06,61.54458333333333
2022-11-07,66.61458333333333
2022-11-08,64.82083333333334
2022-11-09,72.96333333333332
2022-11-10,55.632083333333334
2022-11-11,78.58166666666666
2022-11-12,71.65666666666667
2022-11-13,74.08624999999999
2022-11-14,85.10833333333333
2022-11-15,89.95208333333333
2022-11-16,84.78208333333333
2022-11-17,85.21666666666667
2022-11-18,77.17791666666666
2022-11-19,76.24708333333334
2022-11-20,61.7875
2022-11-21,66.07791666666667
2022-11-22,73.22708333333334
2022-11-23,80.21833333333333
2022-11-24,87.7
2022-11-25,88.59750000000001
2022-11-26,71.87458333333333
2022-11-27,84.41958333333334
2022-11-28,84.73625
2022-11-29,69.7675
2022-11-30,62.41166666666667
2022-12-01,63.232499999999995
2022-12-02,61.91083333333333
2022-12-03,61.73416666666666
2022-12-04,64.93833333333333
2022-12-05,64.98958333333333
2022-12-06,66.34958333333334
2022-12-07,72.47250000000001
2022-12-08,72.58583333333333
2022-12-09,74.37
2022-12-10,72.05958333333334
2022-12-11,67.2825
2022-12-12,57.03208333333333
2022-12-13,57.9725
2022-12-14,61.29624999999999
2022-12-15,58.74
2022-12-16,59.35708333333333
2022-12-17,62.987500000000004
2022-12-18,65.39333333333333
2022-12-19,63.34625
2022-12-20,72.61916666666667
2022-12-21,82.55375
2022-12-22,77.3725
2022-12-23,79.93833333333333
2022-12-24,77.62208333333334
2022-12-25,78.02125
2022-12-26,81.5275
2022-12-27,86.22791666666666
2022-12-28,85.69791666666667
2022-12-29,81.45208333333333
2022-12-30,72.29083333333334
2022-12-31,71.89583333333333
2023-01-01,61.685833333333335
2023-01-02,74.03583333333334
2023-01-03,74.53416666666668
2023-01-04,73.36541666666666
2023-01-05,78.19083333333333
2023-01-06,84.82208333333334
2023-01-07,83.27125
2023-01-08,81.71249999999999
2023-01-09,76.53083333333333
2023-01-10,73.76541666666667
2023-01-11,80.08125
2023-01-12,81.63833333333334
2023-01-13,57.342083333333335
2023-01-14,62.52583333333333
2023-01-15,64.96625
2023-01-16,69.20541666666666
2023-01-17,64.40333333333332
2023-01-18,66.61791666666666
2023-01-19,74.75333333333333
2023-01-20,76.53458333333333
2023-01-21,78.33
2023-01-22,71.355
2023-01-23,62.43833333333333
2023-01-24,63.64208333333334
2023-01-25,68.88291666666667
2023-01-26,68.95833333333333
2023-01-27,66.18625
2023-01-28,67.96416666666666
2023-01-29,73.64291666666666
2023-01-30,82.7975
2023-01-31,82.57416666666667
2023-02-01,77.97458333333334
2023-02-02,72.42583333333333
2023-02-03,72.11791666666666
2023-02-04,69.42708333333333
2023-02-05,77.77708333333334
2023-02-06,80.48583333333333
2023-02-07,72.22416666666668
2023-02-08,74.40041666666667
2023-02-09,69.94166666666666
2023-02-10,90.96583333333332
2023-02-11,88.15499999999999
2023-02-12,83.24291666666666
2023-02-13,73.60125000000001
2023-02-14,72.88250000000001
2023-02-15,62.27625
2023-02-16,69.84208333333333
2023-02-17,73.00625000000001
2023-02-18,63.69625
2023-02-19,70.285
2023-02-20,70.96333333333332
2023-02-21,55.38375
2023-02-22,70.27583333333334
2023-02-23,72.61583333333333
2023-02-24,66.63333333333334
2023-02-25,57.61041666666667
2023-02-26,50.54208333333333
2023-02-27,52.699999999999996
2023-02-28,77.78416666666666
2023-03-01,89.51625
2023-03-02,69.8175
2023-03-03,62.17583333333334
2023-03-04,47.086666666666666
2023-03-05,65.52
2023-03-06,55.445
2023-03-07,81.71583333333334
2023-03-08,75.59208333333333
2023-03-09,58.42333333333334
2023-03-10,42.4325
2023-03-11,33.467083333333335
2023-03-12,48.177083333333336
2023-03-13,47.51916666666667
2023-03-14,70.72500000000001
2023-03-15,85.60958333333333
2023-03-16,63.477916666666665
2023-03-17,52.378750000000004
2023-03-18,43.65625
2023-03-19,34.97625
2023-03-20,55.80458333333333
2023-03-21,53.625
2023-03-22,37.93625
2023-03-23,47.97666666666667
2023-03-24,58.07541666666666
2023-03-25,58.729166666666664
2023-03-26,42.27458333333333
2023-03-27,40.64
2023-03-28,35.360416666666666
2023-03-29,36.444583333333334
2023-03-30,38.750416666666666
2023-03-31,38.93625
2023-04-01,34.759166666666665
2023-04-02,34.7325
2023-04-03,53.40291666666667
2023-04-04,36.78041666666667
2023-04-05,36.356249999999996
2023-04-06,35.56
2023-04-07,56.63833333333333
2023-04-08,35.16375
2023-04-09,41.17666666666667
2023-04-10,59.348749999999995
2023-04-11,49.607499999999995
2023-04-12,43.800000000000004
2023-04-13,51.57041666666667
2023-04-14,54.294999999999995
2023-04-15,51.249583333333334
2023-04-16,60.6175
2023-04-17,47.61875
2023-04-18,52.0225
2023-04-19,39.26958333333334
2023-04-20,23.357916666666668
2023-04-21,32.63375
2023-04-22,31.199583333333333
2023-04-23,28.657083333333333
2023-04-24,20.701666666666664
2023-04-25,85.48291666666667
2023-04-26,50.50958333333333
2023-04-27,62.99875
2023-04-28,91.42666666666666
2023-04-29,87.8575
2023-04-30,89.20416666666667
2023-05-01,51.61541666666667
2023-05-02,44.343333333333334
2023-05-03,52.66083333333333
2023-05-04,52.12708333333333
2023-05-05,41.36625
2023-05-06,40.59291666666667
2023-05-07,33.969166666666666
2023-05-08,34.57041666666667
2023-05-09,37.54833333333333
2023-05-10,53.45708333333334
2023-05-11,34.025
2023-05-12,64.53583333333334
2023-05-13,74.22666666666667
2023-05-14,49.7725
2023-05-15,42.12375
2023-05-16,54.91083333333333
2023-05-17,43.760416666666664
2023-05-18,40.727916666666665
2023-05-19,53.14625
2023-05-20,67.06916666666667
2023-05-21,76.005
2023-05-22,49.361250000000005
2023-05-23,32.26708333333333
2023-05-24,34.39958333333333
2023-05-25,57.47708333333333
2023-05-26,46.331250000000004
2023-05-27,47.30625
2023-05-28,47.168749999999996
2023-05-29,60.80791666666667
2023-05-30,46.437083333333334
2023-05-31,58.905833333333334
2023-06-01,77.43416666666667
2023-06-02,67.15708333333333
2023-06-03,63.16041666666667
2023-06-04,52.78541666666666
2023-06-05,55.58916666666667
2023-06-06,50.2525
2023-06-07,47.76458333333333
2023-06-08,53.05458333333333
2023-06-09,69.9675
2023-06-10,75.94250000000001
2023-06-11,88.03166666666668
2023-06-12,75.63
2023-06-13,64.47333333333333
2023-06-14,52.70666666666667
2023-06-15,49.7725
2023-06-16,57.15875
2023-06-17,55.54291666666666
2023-06-18,49.30608695652174
2023-06-19,57.718333333333334
2023-06-20,88.22666666666667
2023-06-21,84.79708333333333
2023-06-22,69.8425
2023-06-23,66.31833333333334
2023-06-24,56.13333333333333
2023-06-25,52.350833333333334
2023-06-26,61.259166666666665
2023-06-27,89.19208333333334
2023-06-28,76.84041666666667
2023-06-29,84.55083333333333
2023-06-30,63.18958333333333
2023-07-01,78.18583333333333
2023-07-02,79.22375000000001
2023-07-03,84.45291666666667
2023-07-04,85.23916666666666
2023-07-05,82.8275
2023-07-06,88.12833333333333
2023-07-07,84.68833333333333
2023-07-08,89.2075
2023-07-09,87.2975
2023-07-10,87.53958333333333
2023-07-11,81.91041666666666
2023-07-12,71.26583333333333
2023-07-13,64.705
2023-07-14,92.35000000000001
2023-07-15,95.97375
2023-07-16,95.75083333333333
2023-07-17,91.05624999999999
2023-07-18,84.30458333333333
2023-07-19,81.5175
2023-07-20,79.95666666666666
2023-07-21,74.22458333333334
2023-07-22,95.55208333333333
2023-07-23,90.13416666666667
2023-07-24,84.52833333333334
2023-07-25,82.20458333333333
2023-07-26,83.36333333333333
2023-07-27,86.13541666666667
2023-07-28,88.67791666666666
2023-07-29,84.09916666666668
2023-07-30,83.31541666666666
2023-07-31,77.80416666666666
2023-08-01,86.34500000000001
2023-08-02,98.05166666666666
2023-08-03,91.46541666666667
2023-08-04,85.37291666666665
2023-08-05,89.44041666666668
2023-08-06,66.59291666666667
2023-08-07,90.20666666666666
2023-08-08,89.22958333333334
2023-08-09,84.52541666666666
2023-08-10,80.89291666666666
2023-08-11,85.39125
2023-08-12,95.6325
2023-08-13,94.06375000000001
2023-08-14,86.63875
2023-08-15,82.84291666666667
2023-08-16,80.55375
2023-08-17,82.19458333333334
2023-08-18,86.51875
2023-08-19,76.96208333333333
2023-08-20,74.80083333333333
2023-08-21,89.835
2023-08-22,74.07916666666667
2023-08-23,69.41166666666668
2023-08-24,75.35208333333334
2023-08-25,78.55083333333333
2023-08-26,71.02541666666666
2023-08-27,81.54041666666667
2023-08-28,74.80958333333334
2023-08-29,96.98416666666667
2023-08-30,90.76041666666667
2023-08-31,83.32666666666667
2023-09-01,79.23791666666666
2023-09-02,64.93083333333333
2023-09-03,67.10666666666667
2023-09-04,87.51708333333333
2023-09-05,73.17625
2023-09-06,81.63708333333334
2023-09-07,62.374583333333334
2023-09-08,73.16875
2023-09-09,78.64083333333333
2023-09-10,81.27333333333333
2023-09-11,80.62166666666667
2023-09-12,64.57791666666667
2023-09-13,63.1875
2023-09-14,57.34375
2023-09-15,73.45125
2023-09-16,81.77125
2023-09-17,81.285
2023-09-18,87.42541666666666
2023-09-19,76.13083333333334
2023-09-20,66.29875
2023-09-21,64.01041666666667
2023-09-22,65.27125
2023-09-23,58.1225
2023-09-24,62.600833333333334
2023-09-25,83.12708333333333
2023-09-26,76.46458333333334
2023-09-27,64.36166666666666
2023-09-28,65.16
2023-09-29,72.20875
2023-09-30,72.61999999999999
2023-10-01,60.2525
2023-10-02,61.00958333333333
2023-10-03,80.40541666666667
2023-10-04,70.28833333333334
2023-10-05,63.15875
2023-10-06,61.97708333333333
2023-10-07,61.95208333333333
2023-10-08,68.21166666666666
2023-10-09,59.25875
2023-10-10,59.88708333333333
2023-10-11,58.165
2023-10-12,56.1475
2023-10-13,67.73083333333334
2023-10-14,55.64625
2023-10-15,42.01958333333334
2023-10-16,44.88458333333333
2023-10-17,40.285833333333336
2023-10-18,47.382083333333334
2023-10-19,61.13291666666667
2023-10-20,55.35166666666667
2023-10-21,41.51125
2023-10-22,55.73083333333333
2023-10-23,50.49375
2023-10-24,63.82791666666666
2023-10-25,49.54208333333333
2023-10-26,46.86375
2023-10-27,51.04833333333334
2023-10-28,38.84375
2023-10-29,50.59041666666667
2023-10-30,45.6975
2023-10-31,76.77041666666666
2023-11-01,72.95333333333333
2023-11-02,72.87041666666666
2023-11-03,54.90083333333333
2023-11-04,47.260416666666664
2023-11-05,60.397083333333335
2023-11-06,85.995
2023-11-07,71.69291666666668
2023-11-08,88.70916666666666
2023-11-09,80.98583333333333
2023-11-10,76.55625
2023-11-11,76.30916666666667
2023-11-12,74.83958333333334
2023-11-13,78.45458333333333
2023-11-14,80.06291666666667
2023-11-15,83.81541666666666
2023-11-16,84.46666666666667
2023-11-17,76.86125
2023-11-18,73.77291666666666
2023-11-19,77.28541666666666
2023-11-20,76.80458333333333
2023-11-21,85.07041666666667
2023-11-22,89.60125
2023-11-23,64.74208333333333
2023-11-24,69.19708333333334
2023-11-25,72.13458333333334
2023-11-26,76.5025
2023-11-27,80.76916666666666
2023-11-28,71.60416666666667
2023-11-29,67.30916666666666
2023-11-30,71.92458333333333
2023-12-01,71.83166666666666
2023-12-02,76.805
2023-12-03,70.91875
2023-12-04,81.19708333333334
2023-12-05,77.51916666666666
2023-12-06,60.47083333333333
2023-12-07,53.119166666666665
2023-12-08,69.63375
2023-12-09,54.43541666666667
2023-12-10,63.729166666666664
2023-12-11,62.70208333333333
2023-12-12,63.709583333333335
2023-12-13,66.64625
2023-12-14,60.06166666666667
2023-12-15,58.19291666666667
2023-12-16,60.797083333333326
2023-12-17,61.96208333333333
2023-12-18,67.84791666666666
2023-12-19,66.89166666666667
2023-12-20,66.25708333333334
2023-12-21,67.63541666666667
2023-12-22,72.33041666666666
2023-12-23,69.66375000000001
2023-12-24,72.87041666666666
2023-12-25,76.52374999999999
2023-12-26,77.35625
2023-12-27,77.72916666666667
2023-12-28,79.1975
2023-12-29,80.66458333333334
2023-12-30,77.43208333333332
2023-12-31,66.81750000000001
