date,tempC
2014-01-01,-17.958333333333332
2014-01-02,-17.875
2014-01-03,-23.875
2014-01-04,-24.541666666666668
2014-01-05,-19.875
2014-01-06,-11.125
2014-01-07,-15.958333333333334
2014-01-08,-21.25
2014-01-09,-21.333333333333332
2014-01-10,-19.208333333333332
2014-01-11,-20.75
2014-01-12,-26.791666666666668
2014-01-13,-27.875
2014-01-14,-20.0
2014-01-15,-19.708333333333332
2014-01-16,-27.291666666666668
2014-01-17,-22.375
2014-01-18,-22.708333333333332
2014-01-19,-16.916666666666668
2014-01-20,-18.833333333333332
2014-01-21,-17.625
2014-01-22,-14.75
2014-01-23,-5.125
2014-01-24,-16.0
2014-01-25,-16.875
2014-01-26,-14.875
2014-01-27,-12.708333333333334
2014-01-28,-16.75
2014-01-29,-11.791666666666666
2014-01-30,-20.375
2014-01-31,-19.625
2014-02-01,-9.541666666666666
2014-02-02,-14.291666666666666
2014-02-03,-22.625
2014-02-04,-25.0
2014-02-05,-20.916666666666668
2014-02-06,-21.5
2014-02-07,-15.875
2014-02-08,-19.041666666666668
2014-02-09,-22.25
2014-02-10,-19.583333333333332
2014-02-11,-18.958333333333332
2014-02-12,-21.75
2014-02-13,-18.0
2014-02-14,-11.541666666666666
2014-02-15,-17.25
2014-02-16,-19.0
2014-02-17,-18.416666666666668
2014-02-18,-17.041666666666668
2014-02-19,-20.291666666666668
2014-02-20,-16.583333333333332
2014-02-21,-14.791666666666666
2014-02-22,-14.875
2014-02-23,-11.0
2014-02-24,-6.625
2014-02-25,-1.9166666666666667
2014-02-26,1.875
2014-02-27,-7.125
2014-02-28,-8.208333333333334
2014-03-01,-9.916666666666666
2014-03-02,-10.0
2014-03-03,-8.818181818181818
2014-03-04,-9.956521739130435
2014-03-05,-11.958333333333334
2014-03-06,-11.5
2014-03-07,-9.875
2014-03-08,-8.333333333333334
2014-03-09,-7.166666666666667
2014-03-10,-2.4166666666666665
2014-03-11,-0.7916666666666666
2014-03-12,-3.4166666666666665
2014-03-13,-3.9166666666666665
2014-03-14,0.875
2014-03-15,0.2916666666666667
2014-03-16,1.7916666666666667
2014-03-17,-1.625
2014-03-18,0.375
2014-03-19,1.7916666666666667
2014-03-20,-0.08333333333333333
2014-03-21,2.625
2014-03-22,4.958333333333333
2014-03-23,6.75
2014-03-24,5.541666666666667
2014-03-25,6.291666666666667
2014-03-26,6.916666666666667
2014-03-27,11.208333333333334
2014-03-28,6.375
2014-03-29,5.708333333333333
2014-03-30,5.75
2014-03-31,5.833333333333333
2014-04-01,5.833333333333333
2014-04-02,1.875
2014-04-03,1.0
2014-04-04,0.9166666666666666
2014-04-05,1.2916666666666667
2014-04-06,6.166666666666667
2014-04-07,8.791666666666666
2014-04-08,13.125
2014-04-09,4.041666666666667
2014-04-10,5.958333333333333
2014-04-11,10.291666666666666
2014-04-12,10.916666666666666
2014-04-13,14.916666666666666
2014-04-14,14.666666666666666
2014-04-15,5.666666666666667
2014-04-16,4.708333333333333
2014-04-17,7.458333333333333
2014-04-18,5.625
2014-04-19,12.541666666666666
2014-04-20,7.666666666666667
2014-04-21,10.208333333333334
2014-04-22,12.458333333333334
2014-04-23,17.916666666666668
2014-04-24,18.583333333333332
2014-04-25,19.5
2014-04-26,10.458333333333334
2014-04-27,11.083333333333334
2014-04-28,12.916666666666666
2014-04-29,16.5
2014-04-30,22.05
2014-05-01,17.333333333333332
2014-05-02,4.333333333333333
2014-05-03,9.0
2014-05-04,4.333333333333333
2014-05-05,5.208333333333333
2014-05-06,8.25
2014-05-07,10.125
2014-05-08,8.833333333333334
2014-05-09,15.166666666666666
2014-05-10,16.625
2014-05-11,15.416666666666666
2014-05-12,11.083333333333334
2014-05-13,12.333333333333334
2014-05-14,11.833333333333334
2014-05-15,10.333333333333334
2014-05-16,11.375
2014-05-17,13.833333333333334
2014-05-18,14.291666666666666
2014-05-19,15.416666666666666
2014-05-20,13.791666666666666
2014-05-21,14.708333333333334
2014-05-22,19.375
2014-05-23,20.25
2014-05-24,19.541666666666668
2014-05-25,15.541666666666666
2014-05-26,14.333333333333334
2014-05-27,17.708333333333332
2014-05-28,17.875
2014-05-29,16.583333333333332
2014-05-30,23.666666666666668
2014-05-31,28.791666666666668
2014-06-01,28.083333333333332
2014-06-02,27.666666666666668
2014-06-03,25.416666666666668
2014-06-04,27.208333333333332
2014-06-05,22.875
2014-06-06,19.25
2014-06-07,18.166666666666668
2014-06-08,19.25
2014-06-09,20.666666666666668
2014-06-10,19.291666666666668
2014-06-11,20.166666666666668
2014-06-12,20.5
2014-06-13,22.916666666666668
2014-06-14,23.083333333333332
2014-06-15,22.166666666666668
2014-06-16,22.0
2014-06-17,20.083333333333332
2014-06-18,20.208333333333332
2014-06-19,21.0
2014-06-20,23.375
2014-06-21,23.375
2014-06-22,24.416666666666668
2014-06-23,25.25
2014-06-24,25.625
2014-06-25,26.583333333333332
2014-06-26,20.416666666666668
2014-06-27,20.208333333333332
2014-06-28,22.833333333333332
2014-06-29,25.375
2014-06-30,25.541666666666668
2014-07-01,26.208333333333332
2014-07-02,25.625
2014-07-03,25.625
2014-07-04,23.458333333333332
2014-07-05,26.458333333333332
2014-07-06,21.333333333333332
2014-07-07,24.208333333333332
2014-07-08,21.625
2014-07-09,22.125
2014-07-10,19.916666666666668
2014-07-11,20.375
2014-07-12,20.416666666666668
2014-07-13,19.0
2014-07-14,21.916666666666668
2014-07-15,19.416666666666668
2014-07-16,22.041666666666668
2014-07-17,21.333333333333332
2014-07-18,23.041666666666668
2014-07-19,25.625
2014-07-20,27.041666666666668
2014-07-21,22.041666666666668
2014-07-22,23.125
2014-07-23,19.75
2014-07-24,19.333333333333332
2014-07-25,21.166666666666668
2014-07-26,21.875
2014-07-27,23.25
2014-07-28,25.375
2014-07-29,24.416666666666668
2014-07-30,22.5
2014-07-31,24.625
2014-08-01,24.875
2014-08-02,21.416666666666668
2014-08-03,23.84
2014-08-04,21.291666666666668
2014-08-05,19.958333333333332
2014-08-06,18.416666666666668
2014-08-07,19.541666666666668
2014-08-08,21.5
2014-08-09,23.041666666666668
2014-08-10,21.375
2014-08-11,21.875
2014-08-12,19.666666666666668
2014-08-13,21.791666666666668
2014-08-14,18.791666666666668
2014-08-15,19.041666666666668
2014-08-16,20.0
2014-08-17,20.75
2014-08-18,20.833333333333332
2014-08-19,22.041666666666668
2014-08-20,24.0
2014-08-21,22.75
2014-08-22,22.791666666666668
2014-08-23,21.541666666666668
2014-08-24,22.833333333333332
2014-08-25,21.166666666666668
2014-08-26,19.25
2014-08-27,19.541666666666668
2014-08-28,22.125
2014-08-29,22.583333333333332
2014-08-30,20.958333333333332
2014-08-31,22.041666666666668
2014-09-01,21.583333333333332
2014-09-02,19.5
2014-09-03,14.416666666666666
2014-09-04,16.916666666666668
2014-09-05,18.666666666666668
2014-09-06,20.541666666666668
2014-09-07,22.125
2014-09-08,15.083333333333334
2014-09-09,14.458333333333334
2014-09-10,13.916666666666666
2014-09-11,14.291666666666666
2014-09-12,15.833333333333334
2014-09-13,19.208333333333332
2014-09-14,12.083333333333334
2014-09-15,11.916666666666666
2014-09-16,12.833333333333334
2014-09-17,14.625
2014-09-18,13.416666666666666
2014-09-19,15.125
2014-09-20,14.083333333333334
2014-09-21,14.458333333333334
2014-09-22,17.75
2014-09-23,11.875
2014-09-24,9.416666666666666
2014-09-25,12.583333333333334
2014-09-26,17.166666666666668
2014-09-27,10.0
2014-09-28,12.416666666666666
2014-09-29,2.7083333333333335
2014-09-30,5.375
2014-10-01,4.75
2014-10-02,6.375
2014-10-03,6.875
2014-10-04,7.333333333333333
2014-10-05,5.791666666666667
2014-10-06,9.666666666666666
2014-10-07,8.291666666666666
2014-10-08,11.666666666666666
2014-10-09,3.7083333333333335
2014-10-10,9.833333333333334
2014-10-11,15.041666666666666
2014-10-12,4.041666666666667
2014-10-13,1.5416666666666667
2014-10-14,5.916666666666667
2014-10-15,10.25
2014-10-16,2.6666666666666665
2014-10-17,6.083333333333333
2014-10-18,14.333333333333334
2014-10-19,13.916666666666666
2014-10-20,-2.3043478260869565
2014-10-21,-3.375
2014-10-22,3.0416666666666665
2014-10-23,11.708333333333334
2014-10-24,9.666666666666666
2014-10-25,6.333333333333333
2014-10-26,-0.4166666666666667
2014-10-27,-4.25
2014-10-28,-0.16666666666666666
2014-10-29,5.666666666666667
2014-10-30,1.1666666666666667
2014-10-31,2.3333333333333335
2014-11-01,1.875
2014-11-02,-1.6842105263157894
2014-11-03,-0.125
2014-11-04,7.666666666666667
2014-11-05,4.375
2014-11-06,-4.791666666666667
2014-11-07,-2.0833333333333335
2014-11-08,0.7083333333333334
2014-11-09,1.5
2014-11-10,4.541666666666667
2014-11-11,0.75
2014-11-12,-7.333333333333333
2014-11-13,-9.416666666666666
2014-11-14,-8.5
2014-11-15,-5.958333333333333
2014-11-16,-6.333333333333333
2014-11-17,-5.708333333333333
2014-11-18,-3.5833333333333335
2014-11-19,0.25
2014-11-20,2.8260869565217392
2014-11-21,-3.6666666666666665
2014-11-22,-5.833333333333333
2014-11-23,-3.6666666666666665
2014-11-24,-9.333333333333334
2014-11-25,-3.5
2014-11-26,1.6956521739130435
2014-11-27,-7.375
2014-11-28,-9.333333333333334
2014-11-29,-1.5416666666666667
2014-11-30,-8.916666666666666
2014-12-01,-14.5
2014-12-02,-15.166666666666666
2014-12-03,-15.5
2014-12-04,-15.541666666666666
2014-12-05,-15.625
2014-12-06,-18.041666666666668
2014-12-07,-16.875
2014-12-08,-17.791666666666668
2014-12-09,-10.875
2014-12-10,-13.916666666666666
2014-12-11,-19.125
2014-12-12,-20.25
2014-12-13,-22.333333333333332
2014-12-14,-23.91304347826087
2014-12-15,-19.333333333333332
2014-12-16,-24.25
2014-12-17,-26.208333333333332
2014-12-18,-18.083333333333332
2014-12-19,-16.083333333333332
2014-12-20,-25.166666666666668
2014-12-21,-19.375
2014-12-22,-17.708333333333332
2014-12-23,-15.333333333333334
2014-12-24,-15.375
2014-12-25,-14.208333333333334
2014-12-26,-14.75
2014-12-27,-8.25
2014-12-28,-12.333333333333334
2014-12-29,-16.833333333333332
2014-12-30,-14.791666666666666
2014-12-31,-17.0
2015-01-01,-19.625
2015-01-02,-17.25
2015-01-03,-11.166666666666666
2015-01-04,-13.375
2015-01-05,-12.791666666666666
2015-01-06,-17.916666666666668
2015-01-07,-18.375
2015-01-08,-15.458333333333334
2015-01-09,-16.625
2015-01-10,-16.875
2015-01-11,-19.75
2015-01-12,-15.416666666666666
2015-01-13,-10.125
2015-01-14,-15.666666666666666
2015-01-15,-16.375
2015-01-16,-16.291666666666668
2015-01-17,-15.291666666666666
2015-01-18,-13.833333333333334
2015-01-19,-20.041666666666668
2015-01-20,-17.333333333333332
2015-01-21,-19.652173913043477
2015-01-22,-16.25
2015-01-23,-11.208333333333334
2015-01-24,-15.416666666666666
2015-01-25,-7.916666666666667
2015-01-26,-16.833333333333332
2015-01-27,-20.041666666666668
2015-01-28,-17.125
2015-01-29,-14.875
2015-01-30,-17.583333333333332
2015-01-31,-17.458333333333332
2015-02-01,-13.583333333333334
2015-02-02,-14.5
2015-02-03,-13.625
2015-02-04,-13.25
2015-02-05,-11.666666666666666
2015-02-06,-8.708333333333334
2015-02-07,-20.583333333333332
2015-02-08,-22.291666666666668
2015-02-09,-20.75
2015-02-10,-16.916666666666668
2015-02-11,-13.75
2015-02-12,-15.291666666666666
2015-02-13,-13.458333333333334
2015-02-14,-12.166666666666666
2015-02-15,-8.291666666666666
2015-02-16,-3.1666666666666665
2015-02-17,-5.375
2015-02-18,-10.708333333333334
2015-02-19,-7.666666666666667
2015-02-20,-1.0
2015-02-21,-0.16666666666666666
2015-02-22,-6.958333333333333
2015-02-23,-11.583333333333334
2015-02-24,-16.125
2015-02-25,-13.375
2015-02-26,-13.166666666666666
2015-02-27,-10.875
2015-02-28,-5.583333333333333
2015-03-01,-10.166666666666666
2015-03-02,-13.375
2015-03-03,-10.833333333333334
2015-03-04,-13.045454545454545
2015-03-05,-7.666666666666667
2015-03-06,-1.25
2015-03-07,-6.208333333333333
2015-03-08,-7.625
2015-03-09,-14.375
2015-03-10,-13.458333333333334
2015-03-11,-9.652173913043478
2015-03-12,-7.666666666666667
2015-03-13,-4.75
2015-03-14,-0.9583333333333334
2015-03-15,1.9130434782608696
2015-03-16,0.6666666666666666
2015-03-17,0.375
2015-03-18,3.125
2015-03-19,2.875
2015-03-20,2.7916666666666665
2015-03-21,1.7916666666666667
2015-03-22,-4.791666666666667
2015-03-23,-3.125
2015-03-24,1.3333333333333333
2015-03-25,9.166666666666666
2015-03-26,13.416666666666666
2015-03-27,13.041666666666666
2015-03-28,2.3333333333333335
2015-03-29,9.708333333333334
2015-03-30,6.25
2015-03-31,1.2083333333333333
2015-04-01,6.666666666666667
2015-04-02,4.416666666666667
2015-04-03,4.333333333333333
2015-04-04,1.2916666666666667
2015-04-05,-2.9583333333333335
2015-04-06,-4.0
2015-04-07,-0.5416666666666666
2015-04-08,4.958333333333333
2015-04-09,4.375
2015-04-10,3.0
2015-04-11,1.2083333333333333
2015-04-12,1.5833333333333333
2015-04-13,9.541666666666666
2015-04-14,10.833333333333334
2015-04-15,15.5
2015-04-16,6.25
2015-04-17,5.541666666666667
2015-04-18,9.791666666666666
2015-04-19,7.958333333333333
2015-04-20,8.083333333333334
2015-04-21,7.375
2015-04-22,15.125
2015-04-23,9.0
2015-04-24,10.5
2015-04-25,19.666666666666668
2015-04-26,23.583333333333332
2015-04-27,19.875
2015-04-28,19.458333333333332
2015-04-29,22.583333333333332
2015-04-30,17.583333333333332
2015-05-01,17.75
2015-05-02,13.041666666666666
2015-05-03,12.958333333333334
2015-05-04,10.791666666666666
2015-05-05,8.583333333333334
2015-05-06,6.166666666666667
2015-05-07,9.208333333333334
2015-05-08,6.125
2015-05-09,9.0
2015-05-10,14.333333333333334
2015-05-11,10.25
2015-05-12,9.333333333333334
2015-05-13,10.416666666666666
2015-05-14,11.583333333333334
2015-05-15,10.541666666666666
2015-05-16,9.5
2015-05-17,13.130434782608695
2015-05-18,11.375
2015-05-19,12.75
2015-05-20,17.291666666666668
2015-05-21,18.833333333333332
2015-05-22,19.375
2015-05-23,22.916666666666668
2015-05-24,25.958333333333332
2015-05-25,18.375
2015-05-26,17.625
2015-05-27,21.541666666666668
2015-05-28,21.125
2015-05-29,18.125
2015-05-30,17.666666666666668
2015-05-31,19.666666666666668
2015-06-01,16.541666666666668
2015-06-02,12.791666666666666
2015-06-03,18.5
2015-06-04,23.75
2015-06-05,17.416666666666668
2015-06-06,15.125
2015-06-07,15.5
2015-06-08,17.125
2015-06-09,18.708333333333332
2015-06-10,21.25
2015-06-11,20.333333333333332
2015-06-12,17.166666666666668
2015-06-13,21.0
2015-06-14,23.708333333333332
2015-06-15,26.041666666666668
2015-06-16,27.083333333333332
2015-06-17,24.791666666666668
2015-06-18,20.916666666666668
2015-06-19,22.625
2015-06-20,24.333333333333332
2015-06-21,27.782608695652176
2015-06-22,26.958333333333332
2015-06-23,26.0
2015-06-24,26.041666666666668
2015-06-25,21.041666666666668
2015-06-26,23.041666666666668
2015-06-27,24.5
2015-06-28,22.875
2015-06-29,18.166666666666668
2015-06-30,20.041666666666668
2015-07-01,17.166666666666668
2015-07-02,18.0
2015-07-03,20.0
2015-07-04,22.125
2015-07-05,22.916666666666668
2015-07-06,23.875
2015-07-07,24.291666666666668
2015-07-08,25.416666666666668
2015-07-09,27.083333333333332
2015-07-10,28.0
2015-07-11,24.5
2015-07-12,24.166666666666668
2015-07-13,23.458333333333332
2015-07-14,20.791666666666668
2015-07-15,19.833333333333332
2015-07-16,20.541666666666668
2015-07-17,20.541666666666668
2015-07-18,22.625
2015-07-19,24.75
2015-07-20,26.291666666666668
2015-07-21,22.25
2015-07-22,25.166666666666668
2015-07-23,24.458333333333332
2015-07-24,23.25
2015-07-25,23.791666666666668
2015-07-26,23.333333333333332
2015-07-27,22.083333333333332
2015-07-28,21.916666666666668
2015-07-29,23.0
2015-07-30,22.75
2015-07-31,23.25
2015-08-01,24.875
2015-08-02,24.083333333333332
2015-08-03,25.333333333333332
2015-08-04,24.708333333333332
2015-08-05,26.125
2015-08-06,23.416666666666668
2015-08-07,24.583333333333332
2015-08-08,22.666666666666668
2015-08-09,21.583333333333332
2015-08-10,23.041666666666668
2015-08-11,21.666666666666668
2015-08-12,23.5
2015-08-13,24.583333333333332
2015-08-14,25.333333333333332
2015-08-15,21.5
2015-08-16,20.375
2015-08-17,20.916666666666668
2015-08-18,22.125
2015-08-19,21.833333333333332
2015-08-20,19.291666666666668
2015-08-21,18.791666666666668
2015-08-22,19.125
2015-08-23,19.625
2015-08-24,20.958333333333332
2015-08-25,20.416666666666668
2015-08-26,20.916666666666668
2015-08-27,17.708333333333332
2015-08-28,18.208333333333332
2015-08-29,18.583333333333332
2015-08-30,19.583333333333332
2015-08-31,19.708333333333332
2015-09-01,19.958333333333332
2015-09-02,20.125
2015-09-03,18.208333333333332
2015-09-04,14.5
2015-09-05,13.708333333333334
2015-09-06,16.916666666666668
2015-09-07,15.833333333333334
2015-09-08,20.458333333333332
2015-09-09,13.041666666666666
2015-09-10,14.333333333333334
2015-09-11,13.708333333333334
2015-09-12,12.041666666666666
2015-09-13,14.0
2015-09-14,20.541666666666668
2015-09-15,20.625
2015-09-16,21.166666666666668
2015-09-17,20.166666666666668
2015-09-18,20.083333333333332
2015-09-19,14.541666666666666
2015-09-20,15.708333333333334
2015-09-21,18.083333333333332
2015-09-22,18.916666666666668
2015-09-23,9.083333333333334
2015-09-24,11.875
2015-09-25,10.666666666666666
2015-09-26,10.208333333333334
2015-09-27,10.75
2015-09-28,10.291666666666666
2015-09-29,9.958333333333334
2015-09-30,12.333333333333334
2015-10-01,6.541666666666667
2015-10-02,7.166666666666667
2015-10-03,5.166666666666667
2015-10-04,8.916666666666666
2015-10-05,16.416666666666668
2015-10-06,16.916666666666668
2015-10-07,18.125
2015-10-08,6.666666666666667
2015-10-09,7.666666666666667
2015-10-10,6.625
2015-10-11,5.75
2015-10-12,4.666666666666667
2015-10-13,3.3333333333333335
2015-10-14,8.708333333333334
2015-10-15,13.5
2015-10-16,16.708333333333332
2015-10-17,9.416666666666666
2015-10-18,2.5416666666666665
2015-10-19,2.4166666666666665
2015-10-20,1.7083333333333333
2015-10-21,4.75
2015-10-22,9.541666666666666
2015-10-23,9.416666666666666
2015-10-24,-0.7083333333333334
2015-10-25,1.0833333333333333
2015-10-26,4.666666666666667
2015-10-27,-1.2916666666666667
2015-10-28,-2.5
2015-10-29,-4.041666666666667
2015-10-30,-2.9166666666666665
2015-10-31,1.5
2015-11-01,5.315789473684211
2015-11-02,1.7083333333333333
2015-11-03,11.333333333333334
2015-11-04,8.375
2015-11-05,-4.590909090909091
2015-11-06,-5.0
2015-11-07,-3.5416666666666665
2015-11-08,-2.0416666666666665
2015-11-09,-4.375
2015-11-10,-8.083333333333334
2015-11-11,-9.0
2015-11-12,-1.2916666666666667
2015-11-13,3.6666666666666665
2015-11-14,7.833333333333333
2015-11-15,-2.9166666666666665
2015-11-16,-6.166666666666667
2015-11-17,-9.708333333333334
2015-11-18,-6.583333333333333
2015-11-19,-9.333333333333334
2015-11-20,-11.083333333333334
2015-11-21,-11.416666666666666
2015-11-22,-12.458333333333334
2015-11-23,-15.375
2015-11-24,-15.666666666666666
2015-11-25,-15.041666666666666
2015-11-26,-14.958333333333334
2015-11-27,-12.875
2015-11-28,-13.791666666666666
2015-11-29,-9.875
2015-11-30,-8.916666666666666
2015-12-01,-3.75
2015-12-02,-8.708333333333334
2015-12-03,-11.625
2015-12-04,-9.5
2015-12-05,-13.666666666666666
2015-12-06,-21.125
2015-12-07,-19.416666666666668
2015-12-08,-7.083333333333333
2015-12-09,-2.375
2015-12-10,-11.708333333333334
2015-12-11,-15.0
2015-12-12,-16.25
2015-12-13,-19.25
2015-12-14,-10.708333333333334
2015-12-15,-13.125
2015-12-16,-18.041666666666668
2015-12-17,-14.666666666666666
2015-12-18,-15.166666666666666
2015-12-19,-8.666666666666666
2015-12-20,-6.375
2015-12-21,-10.625
2015-12-22,-12.041666666666666
2015-12-23,-17.416666666666668
2015-12-24,-21.25
2015-12-25,-23.458333333333332
2015-12-26,-25.083333333333332
2015-12-27,-22.333333333333332
2015-12-28,-21.0
2015-12-29,-22.416666666666668
2015-12-30,-19.208333333333332
2015-12-31,-13.666666666666666
2016-01-01,-12.708333333333334
2016-01-02,-19.833333333333332
2016-01-03,-18.375
2016-01-04,-18.416666666666668
2016-01-05,-13.791666666666666
2016-01-06,-17.208333333333332
2016-01-07,-18.125
2016-01-08,-17.083333333333332
2016-01-09,-19.291666666666668
2016-01-10,-20.041666666666668
2016-01-11,-20.166666666666668
2016-01-12,-16.583333333333332
2016-01-13,-22.166666666666668
2016-01-14,-21.833333333333332
2016-01-15,-23.041666666666668
2016-01-16,-26.125
2016-01-17,-25.416666666666668
2016-01-18,-21.333333333333332
2016-01-19,-22.458333333333332
2016-01-20,-26.083333333333332
2016-01-21,-24.875
2016-01-22,-26.833333333333332
2016-01-23,-25.125
2016-01-24,-19.916666666666668
2016-01-25,-14.916666666666666
2016-01-26,-16.291666666666668
2016-01-27,-17.208333333333332
2016-01-28,-20.541666666666668
2016-01-29,-24.166666666666668
2016-01-30,-22.958333333333332
2016-01-31,-21.291666666666668
2016-02-01,-18.583333333333332
2016-02-02,-15.375
2016-02-03,-13.625
2016-02-04,-15.083333333333334
2016-02-05,-16.333333333333332
2016-02-06,-12.666666666666666
2016-02-07,-10.916666666666666
2016-02-08,-15.625
2016-02-09,-14.208333333333334
2016-02-10,-4.375
2016-02-11,1.5833333333333333
2016-02-12,-3.0416666666666665
2016-02-13,-9.916666666666666
2016-02-14,-16.583333333333332
2016-02-15,-12.5
2016-02-16,-10.916666666666666
2016-02-17,-7.75
2016-02-18,-5.958333333333333
2016-02-19,-9.583333333333334
2016-02-20,-10.75
2016-02-21,-12.25
2016-02-22,-16.791666666666668
2016-02-23,-15.958333333333334
2016-02-24,-13.791666666666666
2016-02-25,-12.291666666666666
2016-02-26,-12.875
2016-02-27,-10.833333333333334
2016-02-28,-11.666666666666666
2016-02-29,-11.0
2016-03-01,-7.0
2016-03-02,-9.208333333333334
2016-03-03,-5.625
2016-03-04,0.5
2016-03-05,-1.5833333333333333
2016-03-06,-3.5833333333333335
2016-03-07,-6.416666666666667
2016-03-08,-6.791666666666667
2016-03-09,-8.375
2016-03-10,-8.541666666666666
2016-03-11,-5.833333333333333
2016-03-12,-1.6666666666666667
2016-03-13,-5.782608695652174
2016-03-14,-1.5
2016-03-15,5.625
2016-03-16,7.0
2016-03-17,8.416666666666666
2016-03-18,0.041666666666666664
2016-03-19,0.25
2016-03-20,5.041666666666667
2016-03-21,1.875
2016-03-22,1.173913043478261
2016-03-23,0.8333333333333334
2016-03-24,0.5416666666666666
2016-03-25,4.291666666666667
2016-03-26,5.166666666666667
2016-03-27,4.958333333333333
2016-03-28,10.333333333333334
2016-03-29,4.541666666666667
2016-03-30,4.458333333333333
2016-03-31,13.166666666666666
2016-04-01,7.958333333333333
2016-04-02,3.9166666666666665
2016-04-03,2.8333333333333335
2016-04-04,4.791666666666667
2016-04-05,6.208333333333333
2016-04-06,13.541666666666666
2016-04-07,2.9583333333333335
2016-04-08,1.625
2016-04-09,-1.75
2016-04-10,1.4166666666666667
2016-04-11,5.458333333333333
2016-04-12,2.375
2016-04-13,5.708333333333333
2016-04-14,8.916666666666666
2016-04-15,10.625
2016-04-16,7.041666666666667
2016-04-17,4.666666666666667
2016-04-18,7.5
2016-04-19,12.958333333333334
2016-04-20,12.416666666666666
2016-04-21,12.958333333333334
2016-04-22,8.041666666666666
2016-04-23,6.333333333333333
2016-04-24,11.541666666666666
2016-04-25,8.125
2016-04-26,8.458333333333334
2016-04-27,9.75
2016-04-28,11.666666666666666
2016-04-29,13.666666666666666
2016-04-30,13.208333333333334
2016-05-01,14.75
2016-05-02,12.208333333333334
2016-05-03,7.916666666666667
2016-05-04,11.333333333333334
2016-05-05,16.333333333333332
2016-05-06,10.0
2016-05-07,11.208333333333334
2016-05-08,14.875
2016-05-09,15.333333333333334
2016-05-10,17.291666666666668
2016-05-11,19.875
2016-05-12,7.625
2016-05-13,14.0
2016-05-14,13.333333333333334
2016-05-15,10.458333333333334
2016-05-16,10.208333333333334
2016-05-17,22.0
2016-05-18,24.583333333333332
2016-05-19,23.833333333333332
2016-05-20,23.375
2016-05-21,18.12
2016-05-22,16.75
2016-05-23,18.708333333333332
2016-05-24,13.625
2016-05-25,16.25
2016-05-26,12.875
2016-05-27,18.75
2016-05-28,23.958333333333332
2016-05-29,16.791666666666668
2016-05-30,12.958333333333334
2016-05-31,18.208333333333332
2016-06-01,19.666666666666668
2016-06-02,19.541666666666668
2016-06-03,21.0
2016-06-04,19.541666666666668
2016-06-05,25.791666666666668
2016-06-06,18.166666666666668
2016-06-07,19.375
2016-06-08,18.291666666666668
2016-06-09,20.708333333333332
2016-06-10,18.083333333333332
2016-06-11,16.666666666666668
2016-06-12,16.458333333333332
2016-06-13,18.2
2016-06-14,19.541666666666668
2016-06-15,21.166666666666668
2016-06-16,20.083333333333332
2016-06-17,20.833333333333332
2016-06-18,19.454545454545453
2016-06-19,18.833333333333332
2016-06-20,23.0
2016-06-21,20.958333333333332
2016-06-22,20.416666666666668
2016-06-23,17.0
2016-06-24,18.791666666666668
2016-06-25,20.25
2016-06-26,21.5
2016-06-27,23.625
2016-06-28,24.208333333333332
2016-06-29,21.833333333333332
2016-06-30,19.291666666666668
2016-07-01,19.625
2016-07-02,22.416666666666668
2016-07-03,24.291666666666668
2016-07-04,25.791666666666668
2016-07-05,23.625
2016-07-06,24.625
2016-07-07,26.208333333333332
2016-07-08,25.625
2016-07-09,25.25
2016-07-10,26.75
2016-07-11,28.333333333333332
2016-07-12,20.166666666666668
2016-07-13,21.375
2016-07-14,19.833333333333332
2016-07-15,22.375
2016-07-16,21.583333333333332
2016-07-17,19.125
2016-07-18,22.833333333333332
2016-07-19,25.666666666666668
2016-07-20,25.333333333333332
2016-07-21,25.333333333333332
2016-07-22,23.291666666666668
2016-07-23,24.25
2016-07-24,23.583333333333332
2016-07-25,21.625
2016-07-26,22.708333333333332
2016-07-27,23.625
2016-07-28,23.458333333333332
2016-07-29,23.5
2016-07-30,26.166666666666668
2016-07-31,25.041666666666668
2016-08-01,25.583333333333332
2016-08-02,27.541666666666668
2016-08-03,28.5
2016-08-04,28.333333333333332
2016-08-05,25.652173913043477
2016-08-06,23.666666666666668
2016-08-07,20.625
2016-08-08,21.666666666666668
2016-08-09,23.91304347826087
2016-08-10,26.5
2016-08-11,27.875
2016-08-12,24.75
2016-08-13,26.0
2016-08-14,23.458333333333332
2016-08-15,21.625
2016-08-16,20.625
2016-08-17,22.041666666666668
2016-08-18,22.083333333333332
2016-08-19,20.833333333333332
2016-08-20,23.0
2016-08-21,22.25
2016-08-22,21.708333333333332
2016-08-23,23.291666666666668
2016-08-24,22.541666666666668
2016-08-25,16.583333333333332
2016-08-26,18.75
2016-08-27,18.791666666666668
2016-08-28,20.208333333333332
2016-08-29,18.666666666666668
2016-08-30,15.416666666666666
2016-08-31,19.833333333333332
2016-09-01,18.083333333333332
2016-09-02,18.541666666666668
2016-09-03,21.791666666666668
2016-09-04,20.375
2016-09-05,20.333333333333332
2016-09-06,19.541666666666668
2016-09-07,21.166666666666668
2016-09-08,19.125
2016-09-09,16.916666666666668
2016-09-10,15.083333333333334
2016-09-11,16.291666666666668
2016-09-12,16.791666666666668
2016-09-13,17.041666666666668
2016-09-14,19.583333333333332
2016-09-15,16.833333333333332
2016-09-16,16.291666666666668
2016-09-17,12.875
2016-09-18,13.625
2016-09-19,15.291666666666666
2016-09-20,17.0
2016-09-21,17.166666666666668
2016-09-22,17.958333333333332
2016-09-23,17.208333333333332
2016-09-24,16.708333333333332
2016-09-25,11.5
2016-09-26,14.291666666666666
2016-09-27,4.666666666666667
2016-09-28,8.166666666666666
2016-09-29,10.23076923076923
2016-09-30,13.875
2016-10-01,15.291666666666666
2016-10-02,12.0
2016-10-03,4.625
2016-10-04,5.958333333333333
2016-10-05,5.521739130434782
2016-10-06,4.416666666666667
2016-10-07,7.333333333333333
2016-10-08,2.7083333333333335
2016-10-09,3.875
2016-10-10,3.5416666666666665
2016-10-11,3.5833333333333335
2016-10-12,2.7083333333333335
2016-10-13,5.0
2016-10-14,10.25
2016-10-15,16.083333333333332
2016-10-16,12.875
2016-10-17,3.8333333333333335
2016-10-18,6.166666666666667
2016-10-19,0.625
2016-10-20,0.16666666666666666
2016-10-21,-0.875
2016-10-22,-1.0
2016-10-23,1.875
2016-10-24,3.0833333333333335
2016-10-25,3.125
2016-10-26,-2.4166666666666665
2016-10-27,0.9583333333333334
2016-10-28,-2.5
2016-10-29,-3.9583333333333335
2016-10-30,-4.125
2016-10-31,-7.666666666666667
2016-11-01,-5.625
2016-11-02,-2.5833333333333335
2016-11-03,-6.333333333333333
2016-11-04,-2.25
2016-11-05,-7.25
2016-11-06,-5.208333333333333
2016-11-07,-7.625
2016-11-08,-8.416666666666666
2016-11-09,-8.625
2016-11-10,-1.5833333333333333
2016-11-11,-7.25
2016-11-12,-9.5
2016-11-13,-0.875
2016-11-14,-8.833333333333334
2016-11-15,-8.75
2016-11-16,-11.416666666666666
2016-11-17,-6.958333333333333
2016-11-18,-9.666666666666666
2016-11-19,-14.208333333333334
2016-11-20,-16.666666666666668
2016-11-21,-19.608695652173914
2016-11-22,-18.625
2016-11-23,-17.333333333333332
2016-11-24,-18.916666666666668
2016-11-25,-11.125
2016-11-26,-9.333333333333334
2016-11-27,-15.791666666666666
2016-11-28,-13.791666666666666
2016-11-29,-10.041666666666666
2016-11-30,-3.3333333333333335
2016-12-01,-9.333333333333334
2016-12-02,-4.791666666666667
2016-12-03,0.375
2016-12-04,-11.333333333333334
2016-12-05,-15.75
2016-12-06,-19.08695652173913
2016-12-07,-13.166666666666666
2016-12-08,-17.166666666666668
2016-12-09,-17.208333333333332
2016-12-10,-16.5
2016-12-11,-11.458333333333334
2016-12-12,-13.625
2016-12-13,-19.375
2016-12-14,-19.25
2016-12-15,-18.208333333333332
2016-12-16,-16.5
2016-12-17,-7.583333333333333
2016-12-18,-4.375
2016-12-19,-5.25
2016-12-20,-9.916666666666666
2016-12-21,-12.833333333333334
2016-12-22,-10.666666666666666
2016-12-23,-16.916666666666668
2016-12-24,-14.958333333333334
2016-12-25,-10.875
2016-12-26,-20.958333333333332
2016-12-27,-20.75
2016-12-28,-17.5
2016-12-29,-16.416666666666668
2016-12-30,-15.458333333333334
2016-12-31,-10.166666666666666
2017-01-01,-9.833333333333334
2017-01-02,-15.0
2017-01-03,-13.916666666666666
2017-01-04,-20.125
2017-01-05,-15.958333333333334
2017-01-06,-15.166666666666666
2017-01-07,-16.125
2017-01-08,-12.916666666666666
2017-01-09,-16.666666666666668
2017-01-10,-20.0
2017-01-11,-22.041666666666668
2017-01-12,-19.541666666666668
2017-01-13,-17.458333333333332
2017-01-14,-14.541666666666666
2017-01-15,-18.833333333333332
2017-01-16,-19.625
2017-01-17,-14.208333333333334
2017-01-18,-16.791666666666668
2017-01-19,-18.5
2017-01-20,-20.333333333333332
2017-01-21,-17.416666666666668
2017-01-22,-21.625
2017-01-23,-20.583333333333332
2017-01-24,-17.25
2017-01-25,-10.291666666666666
2017-01-26,-9.5
2017-01-27,-14.916666666666666
2017-01-28,-15.458333333333334
2017-01-29,-18.458333333333332
2017-01-30,-16.291666666666668
2017-01-31,-14.208333333333334
2017-02-01,-12.625
2017-02-02,-11.583333333333334
2017-02-03,-11.5
2017-02-04,-10.333333333333334
2017-02-05,-13.75
2017-02-06,-14.166666666666666
2017-02-07,-15.041666666666666
2017-02-08,-14.125
2017-02-09,-13.583333333333334
2017-02-10,-11.666666666666666
2017-02-11,-12.166666666666666
2017-02-12,-12.791666666666666
2017-02-13,-15.08695652173913
2017-02-14,-9.541666666666666
2017-02-15,-2.2083333333333335
2017-02-16,-8.958333333333334
2017-02-17,-17.166666666666668
2017-02-18,-16.791666666666668
2017-02-19,-14.208333333333334
2017-02-20,-14.75
2017-02-21,-7.958333333333333
2017-02-22,-8.916666666666666
2017-02-23,-12.25
2017-02-24,-8.416666666666666
2017-02-25,-10.333333333333334
2017-02-26,-6.708333333333333
2017-02-27,0.8333333333333334
2017-02-28,-2.0833333333333335
2017-03-01,-10.541666666666666
2017-03-02,-11.208333333333334
2017-03-03,-10.875
2017-03-04,-13.833333333333334
2017-03-05,-12.041666666666666
2017-03-06,-8.416666666666666
2017-03-07,-4.208333333333333
2017-03-08,-2.32
2017-03-09,-3.0416666666666665
2017-03-10,-1.0
2017-03-11,1.0
2017-03-12,-0.75
2017-03-13,-2.5833333333333335
2017-03-14,-1.5
2017-03-15,2.0
2017-03-16,2.4583333333333335
2017-03-17,1.9166666666666667
2017-03-18,3.5
2017-03-19,1.375
2017-03-20,0.75
2017-03-21,1.0833333333333333
2017-03-22,0.2916666666666667
2017-03-23,-0.375
2017-03-24,2.4583333333333335
2017-03-25,3.5833333333333335
2017-03-26,1.875
2017-03-27,2.4166666666666665
2017-03-28,4.666666666666667
2017-03-29,2.6666666666666665
2017-03-30,3.2916666666666665
2017-03-31,1.7916666666666667
2017-04-01,4.0
2017-04-02,7.333333333333333
2017-04-03,11.666666666666666
2017-04-04,16.291666666666668
2017-04-05,13.375
2017-04-06,4.583333333333333
2017-04-07,6.791666666666667
2017-04-08,5.041666666666667
2017-04-09,8.25
2017-04-10,11.958333333333334
2017-04-11,2.0833333333333335
2017-04-12,0.7083333333333334
2017-04-13,13.875
2017-04-14,14.125
2017-04-15,12.666666666666666
2017-04-16,8.666666666666666
2017-04-17,7.791666666666667
2017-04-18,5.458333333333333
2017-04-19,8.208333333333334
2017-04-20,6.541666666666667
2017-04-21,9.833333333333334
2017-04-22,14.25
2017-04-23,8.75
2017-04-24,5.875
2017-04-25,6.833333333333333
2017-04-26,9.083333333333334
2017-04-27,10.791666666666666
2017-04-28,13.666666666666666
2017-04-29,14.625
2017-04-30,11.166666666666666
2017-05-01,18.25
2017-05-02,24.208333333333332
2017-05-03,23.791666666666668
2017-05-04,14.125
2017-05-05,9.625
2017-05-06,4.583333333333333
2017-05-07,9.458333333333334
2017-05-08,15.958333333333334
2017-05-09,21.541666666666668
2017-05-10,20.208333333333332
2017-05-11,17.458333333333332
2017-05-12,12.833333333333334
2017-05-13,11.708333333333334
2017-05-14,12.0
2017-05-15,14.791666666666666
2017-05-16,19.291666666666668
2017-05-17,23.0
2017-05-18,26.708333333333332
2017-05-19,20.458333333333332
2017-05-20,17.5
2017-05-21,11.0
2017-05-22,9.25
2017-05-23,14.0
2017-05-24,12.166666666666666
2017-05-25,13.875
2017-05-26,16.083333333333332
2017-05-27,20.5
2017-05-28,19.125
2017-05-29,19.416666666666668
2017-05-30,16.0
2017-05-31,14.791666666666666
2017-06-01,11.583333333333334
2017-06-02,13.125
2017-06-03,13.041666666666666
2017-06-04,16.0
2017-06-05,21.541666666666668
2017-06-06,18.958333333333332
2017-06-07,17.041666666666668
2017-06-08,17.5
2017-06-09,11.916666666666666
2017-06-10,13.791666666666666
2017-06-11,15.458333333333334
2017-06-12,18.875
2017-06-13,24.875
2017-06-14,23.166666666666668
2017-06-15,21.958333333333332
2017-06-16,24.708333333333332
2017-06-17,23.083333333333332
2017-06-18,22.875
2017-06-19,20.166666666666668
2017-06-20,18.304347826086957
2017-06-21,18.083333333333332
2017-06-22,21.166666666666668
2017-06-23,24.291666666666668
2017-06-24,26.125
2017-06-25,21.5
2017-06-26,23.708333333333332
2017-06-27,26.166666666666668
2017-06-28,26.916666666666668
2017-06-29,27.0
2017-06-30,24.041666666666668
2017-07-01,23.916666666666668
2017-07-02,22.208333333333332
2017-07-03,24.875
2017-07-04,26.916666666666668
2017-07-05,28.166666666666668
2017-07-06,28.541666666666668
2017-07-07,28.541666666666668
2017-07-08,26.833333333333332
2017-07-09,27.041666666666668
2017-07-10,23.5
2017-07-11,26.291666666666668
2017-07-12,27.833333333333332
2017-07-13,26.333333333333332
2017-07-14,26.833333333333332
2017-07-15,25.916666666666668
2017-07-16,27.333333333333332
2017-07-17,25.130434782608695
2017-07-18,27.0
2017-07-19,21.791666666666668
2017-07-20,20.208333333333332
2017-07-21,22.291666666666668
2017-07-22,24.333333333333332
2017-07-23,22.416666666666668
2017-07-24,20.166666666666668
2017-07-25,20.5
2017-07-26,21.083333333333332
2017-07-27,20.083333333333332
2017-07-28,20.125
2017-07-29,22.75
2017-07-30,24.333333333333332
2017-07-31,25.791666666666668
2017-08-01,23.333333333333332
2017-08-02,24.416666666666668
2017-08-03,23.083333333333332
2017-08-04,23.916666666666668
2017-08-05,25.565217391304348
2017-08-06,24.166666666666668
2017-08-07,22.291666666666668
2017-08-08,23.208333333333332
2017-08-09,25.041666666666668
2017-08-10,23.625
2017-08-11,22.916666666666668
2017-08-12,24.125
2017-08-13,25.583333333333332
2017-08-14,23.956521739130434
2017-08-15,23.375
2017-08-16,23.041666666666668
2017-08-17,22.833333333333332
2017-08-18,23.291666666666668
2017-08-19,24.541666666666668
2017-08-20,25.333333333333332
2017-08-21,25.75
2017-08-22,24.333333333333332
2017-08-23,18.166666666666668
2017-08-24,19.083333333333332
2017-08-25,17.5
2017-08-26,18.333333333333332
2017-08-27,21.125
2017-08-28,13.25
2017-08-29,12.958333333333334
2017-08-30,13.0
2017-08-31,16.416666666666668
2017-09-01,13.916666666666666
2017-09-02,16.583333333333332
2017-09-03,20.25
2017-09-04,21.208333333333332
2017-09-05,16.125
2017-09-06,19.041666666666668
2017-09-07,19.666666666666668
2017-09-08,14.25
2017-09-09,14.75
2017-09-10,16.333333333333332
2017-09-11,13.541666666666666
2017-09-12,12.666666666666666
2017-09-13,14.291666666666666
2017-09-14,11.958333333333334
2017-09-15,15.125
2017-09-16,18.208333333333332
2017-09-17,15.333333333333334
2017-09-18,14.166666666666666
2017-09-19,14.791666666666666
2017-09-20,16.833333333333332
2017-09-21,18.208333333333332
2017-09-22,15.291666666666666
2017-09-23,18.583333333333332
2017-09-24,13.458333333333334
2017-09-25,18.625
2017-09-26,10.75
2017-09-27,9.083333333333334
2017-09-28,5.5
2017-09-29,6.916666666666667
2017-09-30,13.541666666666666
2017-10-01,10.416666666666666
2017-10-02,5.333333333333333
2017-10-03,5.166666666666667
2017-10-04,9.916666666666666
2017-10-05,15.833333333333334
2017-10-06,16.833333333333332
2017-10-07,10.083333333333334
2017-10-08,10.291666666666666
2017-10-09,6.125
2017-10-10,6.041666666666667
2017-10-11,4.583333333333333
2017-10-12,5.291666666666667
2017-10-13,4.583333333333333
2017-10-14,3.7916666666666665
2017-10-15,3.9583333333333335
2017-10-16,4.625
2017-10-17,-0.16666666666666666
2017-10-18,4.083333333333333
2017-10-19,3.2916666666666665
2017-10-20,6.5
2017-10-21,-1.6666666666666667
2017-10-22,-1.875
2017-10-23,2.0
2017-10-24,6.833333333333333
2017-10-25,5.0
2017-10-26,9.291666666666666
2017-10-27,11.833333333333334
2017-10-28,4.0
2017-10-29,-0.041666666666666664
2017-10-30,1.7916666666666667
2017-10-31,6.75
2017-11-01,2.5833333333333335
2017-11-02,-1.4166666666666667
2017-11-03,-2.75
2017-11-04,0.625
2017-11-05,8.75
2017-11-06,6.958333333333333
2017-11-07,1.75
2017-11-08,-2.7916666666666665
2017-11-09,1.7916666666666667
2017-11-10,-1.9166666666666667
2017-11-11,-3.0
2017-11-12,0.5
2017-11-13,-2.5416666666666665
2017-11-14,-5.625
2017-11-15,-11.291666666666666
2017-11-16,-10.666666666666666
2017-11-17,-11.208333333333334
2017-11-18,-14.375
2017-11-19,-14.608695652173912
2017-11-20,-12.458333333333334
2017-11-21,-3.125
2017-11-22,-8.333333333333334
2017-11-23,-12.5
2017-11-24,-14.666666666666666
2017-11-25,-14.791666666666666
2017-11-26,-11.875
2017-11-27,-0.2916666666666667
2017-11-28,-10.291666666666666
2017-11-29,-16.708333333333332
2017-11-30,-17.5
2017-12-01,-12.541666666666666
2017-12-02,-13.652173913043478
2017-12-03,-14.541666666666666
2017-12-04,-15.958333333333334
2017-12-05,-19.5
2017-12-06,-17.791666666666668
2017-12-07,-18.0
2017-12-08,-15.041666666666666
2017-12-09,-11.583333333333334
2017-12-10,-20.958333333333332
2017-12-11,-21.833333333333332
2017-12-12,-21.875
2017-12-13,-22.208333333333332
2017-12-14,-15.625
2017-12-15,-20.0
2017-12-16,-19.833333333333332
2017-12-17,-15.833333333333334
2017-12-18,-18.791666666666668
2017-12-19,-20.291666666666668
2017-12-20,-12.958333333333334
2017-12-21,-7.391304347826087
2017-12-22,-12.666666666666666
2017-12-23,-9.916666666666666
2017-12-24,-17.125
2017-12-25,-18.416666666666668
2017-12-26,-21.625
2017-12-27,-21.083333333333332
2017-12-28,-19.833333333333332
2017-12-29,-19.958333333333332
2017-12-30,-15.291666666666666
2017-12-31,-19.5
2018-01-01,-18.833333333333332
2018-01-02,-16.458333333333332
2018-01-03,-16.666666666666668
2018-01-04,-16.166666666666668
2018-01-05,-16.375
2018-01-06,-12.833333333333334
2018-01-07,-8.0
2018-01-08,-9.666666666666666
2018-01-09,-18.083333333333332
2018-01-10,-24.666666666666668
2018-01-11,-25.166666666666668
2018-01-12,-24.916666666666668
2018-01-13,-16.833333333333332
2018-01-14,-11.291666666666666
2018-01-15,-15.833333333333334
2018-01-16,-16.583333333333332
2018-01-17,-13.375
2018-01-18,-19.041666666666668
2018-01-19,-15.458333333333334
2018-01-20,-21.958333333333332
2018-01-21,-24.708333333333332
2018-01-22,-27.708333333333332
2018-01-23,-29.416666666666668
2018-01-24,-30.083333333333332
2018-01-25,-28.708333333333332
2018-01-26,-25.75
2018-01-27,-23.625
2018-01-28,-24.541666666666668
2018-01-29,-21.875
2018-01-30,-22.375
2018-01-31,-18.833333333333332
2018-02-01,-17.5
2018-02-02,-21.083333333333332
2018-02-03,-24.458333333333332
2018-02-04,-23.25
2018-02-05,-25.291666666666668
2018-02-06,-24.916666666666668
2018-02-07,-19.333333333333332
2018-02-08,-11.5
2018-02-09,-13.541666666666666
2018-02-10,-17.708333333333332
2018-02-11,-20.875
2018-02-12,-19.541666666666668
2018-02-13,-18.416666666666668
2018-02-14,-15.0
2018-02-15,-11.608695652173912
2018-02-16,-16.458333333333332
2018-02-17,-17.791666666666668
2018-02-18,-15.083333333333334
2018-02-19,-13.916666666666666
2018-02-20,-15.666666666666666
2018-02-21,-12.333333333333334
2018-02-22,-14.416666666666666
2018-02-23,-16.375
2018-02-24,-15.041666666666666
2018-02-25,-13.041666666666666
2018-02-26,-11.958333333333334
2018-02-27,-13.125
2018-02-28,-9.166666666666666
2018-03-01,-13.291666666666666
2018-03-02,-12.791666666666666
2018-03-03,-11.625
2018-03-04,-14.125
2018-03-05,-15.875
2018-03-06,-19.291666666666668
2018-03-07,-16.75
2018-03-08,-17.5
2018-03-09,-10.875
2018-03-10,-13.083333333333334
2018-03-11,-9.583333333333334
2018-03-12,0.2916666666666667
2018-03-13,-1.875
2018-03-14,-3.4166666666666665
2018-03-15,-9.833333333333334
2018-03-16,-3.8333333333333335
2018-03-17,1.5
2018-03-18,0.125
2018-03-19,-6.041666666666667
2018-03-20,-3.9583333333333335
2018-03-21,1.2916666666666667
2018-03-22,5.583333333333333
2018-03-23,2.2916666666666665
2018-03-24,6.958333333333333
2018-03-25,9.5
2018-03-26,13.454545454545455
2018-03-27,14.416666666666666
2018-03-28,4.166666666666667
2018-03-29,3.0
2018-03-30,9.083333333333334
2018-03-31,4.791666666666667
2018-04-01,14.541666666666666
2018-04-02,6.458333333333333
2018-04-03,0.9166666666666666
2018-04-04,-0.8333333333333334
2018-04-05,0.9166666666666666
2018-04-06,-0.5416666666666666
2018-04-07,2.5416666666666665
2018-04-08,0.875
2018-04-09,7.541666666666667
2018-04-10,5.5
2018-04-11,5.875
2018-04-12,3.875
2018-04-13,8.75
2018-04-14,5.083333333333333
2018-04-15,6.458333333333333
2018-04-16,14.0
2018-04-17,15.583333333333334
2018-04-18,15.916666666666666
2018-04-19,14.583333333333334
2018-04-20,16.291666666666668
2018-04-21,7.833333333333333
2018-04-22,10.791666666666666
2018-04-23,12.458333333333334
2018-04-24,15.458333333333334
2018-04-25,19.916666666666668
2018-04-26,7.958333333333333
2018-04-27,16.916666666666668
2018-04-28,18.375
2018-04-29,11.541666666666666
2018-04-30,12.791666666666666
2018-05-01,13.375
2018-05-02,10.458333333333334
2018-05-03,11.958333333333334
2018-05-04,10.041666666666666
2018-05-05,13.291666666666666
2018-05-06,14.25
2018-05-07,13.083333333333334
2018-05-08,13.333333333333334
2018-05-09,15.73913043478261
2018-05-10,16.458333333333332
2018-05-11,19.875
2018-05-12,16.541666666666668
2018-05-13,19.833333333333332
2018-05-14,22.166666666666668
2018-05-15,24.208333333333332
2018-05-16,15.125
2018-05-17,16.782608695652176
2018-05-18,18.833333333333332
2018-05-19,22.375
2018-05-20,22.625
2018-05-21,22.0
2018-05-22,10.125
2018-05-23,15.208333333333334
2018-05-24,15.291666666666666
2018-05-25,16.875
2018-05-26,18.125
2018-05-27,11.583333333333334
2018-05-28,16.0
2018-05-29,15.833333333333334
2018-05-30,20.583333333333332
2018-05-31,23.291666666666668
2018-06-01,30.291666666666668
2018-06-02,30.625
2018-06-03,24.916666666666668
2018-06-04,22.5
2018-06-05,20.958333333333332
2018-06-06,19.791666666666668
2018-06-07,20.208333333333332
2018-06-08,18.708333333333332
2018-06-09,20.708333333333332
2018-06-10,21.0
2018-06-11,19.625
2018-06-12,21.0
2018-06-13,21.333333333333332
2018-06-14,19.875
2018-06-15,20.25
2018-06-16,19.958333333333332
2018-06-17,22.666666666666668
2018-06-18,18.583333333333332
2018-06-19,18.75
2018-06-20,17.708333333333332
2018-06-21,21.458333333333332
2018-06-22,25.083333333333332
2018-06-23,21.666666666666668
2018-06-24,22.083333333333332
2018-06-25,21.0
2018-06-26,20.208333333333332
2018-06-27,18.583333333333332
2018-06-28,22.708333333333332
2018-06-29,22.958333333333332
2018-06-30,24.958333333333332
2018-07-01,26.916666666666668
2018-07-02,25.583333333333332
2018-07-03,24.791666666666668
2018-07-04,22.916666666666668
2018-07-05,20.458333333333332
2018-07-06,20.416666666666668
2018-07-07,22.25
2018-07-08,20.083333333333332
2018-07-09,22.666666666666668
2018-07-10,24.291666666666668
2018-07-11,25.458333333333332
2018-07-12,25.5
2018-07-13,26.25
2018-07-14,25.625
2018-07-15,25.916666666666668
2018-07-16,24.875
2018-07-17,25.916666666666668
2018-07-18,24.458333333333332
2018-07-19,27.125
2018-07-20,25.25
2018-07-21,26.75
2018-07-22,28.416666666666668
2018-07-23,27.916666666666668
2018-07-24,28.625
2018-07-25,22.791666666666668
2018-07-26,24.041666666666668
2018-07-27,24.333333333333332
2018-07-28,24.625
2018-07-29,26.875
2018-07-30,27.625
2018-07-31,25.125
2018-08-01,22.583333333333332
2018-08-02,24.5
2018-08-03,27.083333333333332
2018-08-04,18.25
2018-08-05,20.333333333333332
2018-08-06,22.0
2018-08-07,23.25
2018-08-08,23.166666666666668
2018-08-09,23.0
2018-08-10,21.958333333333332
2018-08-11,20.875
2018-08-12,21.416666666666668
2018-08-13,22.083333333333332
2018-08-14,21.5
2018-08-15,20.875
2018-08-16,19.75
2018-08-17,21.083333333333332
2018-08-18,21.791666666666668
2018-08-19,24.458333333333332
2018-08-20,23.208333333333332
2018-08-21,19.434782608695652
2018-08-22,21.125
2018-08-23,21.833333333333332
2018-08-24,18.875
2018-08-25,18.916666666666668
2018-08-26,18.958333333333332
2018-08-27,19.25
2018-08-28,20.291666666666668
2018-08-29,18.291666666666668
2018-08-30,18.791666666666668
2018-08-31,19.833333333333332
2018-09-01,21.166666666666668
2018-09-02,20.208333333333332
2018-09-03,19.291666666666668
2018-09-04,17.708333333333332
2018-09-05,17.0
2018-09-06,14.125
2018-09-07,13.25
2018-09-08,10.708333333333334
2018-09-09,11.625
2018-09-10,16.291666666666668
2018-09-11,18.75
2018-09-12,17.458333333333332
2018-09-13,15.333333333333334
2018-09-14,20.208333333333332
2018-09-15,12.833333333333334
2018-09-16,15.0
2018-09-17,15.25
2018-09-18,14.5
2018-09-19,15.666666666666666
2018-09-20,17.416666666666668
2018-09-21,13.041666666666666
2018-09-22,10.583333333333334
2018-09-23,10.666666666666666
2018-09-24,10.375
2018-09-25,11.75
2018-09-26,12.291666666666666
2018-09-27,14.25
2018-09-28,14.541666666666666
2018-09-29,13.708333333333334
2018-09-30,10.666666666666666
2018-10-01,11.291666666666666
2018-10-02,12.166666666666666
2018-10-03,12.416666666666666
2018-10-04,15.458333333333334
2018-10-05,15.0
2018-10-06,9.416666666666666
2018-10-07,8.375
2018-10-08,6.125
2018-10-09,5.083333333333333
2018-10-10,5.833333333333333
2018-10-11,6.958333333333333
2018-10-12,11.541666666666666
2018-10-13,12.875
2018-10-14,6.833333333333333
2018-10-15,4.583333333333333
2018-10-16,3.375
2018-10-17,3.7083333333333335
2018-10-18,5.791666666666667
2018-10-19,9.333333333333334
2018-10-20,7.291666666666667
2018-10-21,10.375
2018-10-22,12.5
2018-10-23,5.958333333333333
2018-10-24,5.166666666666667
2018-10-25,9.375
2018-10-26,4.25
2018-10-27,0.4166666666666667
2018-10-28,-0.4583333333333333
2018-10-29,-0.043478260869565216
2018-10-30,1.2916666666666667
2018-10-31,2.625
2018-11-01,3.7083333333333335
2018-11-02,8.791666666666666
2018-11-03,5.666666666666667
2018-11-04,-2.9166666666666665
2018-11-05,-2.5
2018-11-06,-2.0416666666666665
2018-11-07,0.20833333333333334
2018-11-08,3.4583333333333335
2018-11-09,0.9166666666666666
2018-11-10,-0.625
2018-11-11,-1.7916666666666667
2018-11-12,-3.875
2018-11-13,-2.3333333333333335
2018-11-14,0.875
2018-11-15,-4.625
2018-11-16,-5.5
2018-11-17,-5.791666666666667
2018-11-18,-4.458333333333333
2018-11-19,-9.25
2018-11-20,-10.083333333333334
2018-11-21,-7.833333333333333
2018-11-22,-12.5
2018-11-23,-6.4
2018-11-24,-5.333333333333333
2018-11-25,-2.7916666666666665
2018-11-26,2.7916666666666665
2018-11-27,-6.458333333333333
2018-11-28,-10.833333333333334
2018-11-29,-11.666666666666666
2018-11-30,-8.708333333333334
2018-12-01,-1.875
2018-12-02,6.125
2018-12-03,-5.625
2018-12-04,-14.041666666666666
2018-12-05,-15.666666666666666
2018-12-06,-18.541666666666668
2018-12-07,-19.458333333333332
2018-12-08,-17.833333333333332
2018-12-09,-18.375
2018-12-10,-17.0
2018-12-11,-17.458333333333332
2018-12-12,-11.458333333333334
2018-12-13,-16.208333333333332
2018-12-14,-13.208333333333334
2018-12-15,-8.916666666666666
2018-12-16,-10.0
2018-12-17,-9.125
2018-12-18,-9.916666666666666
2018-12-19,-9.875
2018-12-20,-7.583333333333333
2018-12-21,-5.291666666666667
2018-12-22,-10.125
2018-12-23,-16.625
2018-12-24,-12.958333333333334
2018-12-25,-16.75
2018-12-26,-21.583333333333332
2018-12-27,-20.916666666666668
2018-12-28,-19.583333333333332
2018-12-29,-19.166666666666668
2018-12-30,-19.666666666666668
2018-12-31,-17.916666666666668
2019-01-01,-14.416666666666666
2019-01-02,-17.416666666666668
2019-01-03,-11.916666666666666
2019-01-04,-14.291666666666666
2019-01-05,-17.625
2019-01-06,-19.347826086956523
2019-01-07,-17.458333333333332
2019-01-08,-15.166666666666666
2019-01-09,-9.458333333333334
2019-01-10,-14.0
2019-01-11,-9.708333333333334
2019-01-12,-10.833333333333334
2019-01-13,-11.958333333333334
2019-01-14,-10.083333333333334
2019-01-15,-15.208333333333334
2019-01-16,-16.125
2019-01-17,-21.583333333333332
2019-01-18,-18.208333333333332
2019-01-19,-13.416666666666666
2019-01-20,-13.666666666666666
2019-01-21,-11.166666666666666
2019-01-22,-8.666666666666666
2019-01-23,-13.625
2019-01-24,-11.0
2019-01-25,-14.583333333333334
2019-01-26,-9.833333333333334
2019-01-27,-6.0
2019-01-28,-12.208333333333334
2019-01-29,-4.75
2019-01-30,-13.666666666666666
2019-01-31,-13.333333333333334
2019-02-01,-11.125
2019-02-02,-5.125
2019-02-03,-14.041666666666666
2019-02-04,-16.541666666666668
2019-02-05,-18.291666666666668
2019-02-06,-21.666666666666668
2019-02-07,-20.166666666666668
2019-02-08,-18.25
2019-02-09,-14.916666666666666
2019-02-10,-15.625
2019-02-11,-15.416666666666666
2019-02-12,-14.875
2019-02-13,-13.25
2019-02-14,-11.083333333333334
2019-02-15,-11.041666666666666
2019-02-16,-9.041666666666666
2019-02-17,-4.833333333333333
2019-02-18,-1.5833333333333333
2019-02-19,-1.9166666666666667
2019-02-20,-3.4583333333333335
2019-02-21,-2.0
2019-02-22,-1.75
2019-02-23,4.0
2019-02-24,-2.4166666666666665
2019-02-25,-2.4166666666666665
2019-02-26,-4.958333333333333
2019-02-27,-1.9166666666666667
2019-02-28,-0.9565217391304348
2019-03-01,-1.0
2019-03-02,2.7916666666666665
2019-03-03,-0.75
2019-03-04,0.625
2019-03-05,0.5
2019-03-06,-2.6666666666666665
2019-03-07,0.25
2019-03-08,6.416666666666667
2019-03-09,-3.0833333333333335
2019-03-10,1.875
2019-03-11,2.4583333333333335
2019-03-12,-3.125
2019-03-13,-5.416666666666667
2019-03-14,-3.0416666666666665
2019-03-15,-3.7083333333333335
2019-03-16,-0.9166666666666666
2019-03-17,6.625
2019-03-18,7.958333333333333
2019-03-19,8.666666666666666
2019-03-20,-0.3333333333333333
2019-03-21,-6.375
2019-03-22,-2.9545454545454546
2019-03-23,-1.5
2019-03-24,2.625
2019-03-25,1.875
2019-03-26,-1.0833333333333333
2019-03-27,-1.3333333333333333
2019-03-28,-1.9166666666666667
2019-03-29,0.75
2019-03-30,-0.125
2019-03-31,-0.625
2019-04-01,0.5416666666666666
2019-04-02,1.7083333333333333
2019-04-03,6.791666666666667
2019-04-04,2.7916666666666665
2019-04-05,1.5416666666666667
2019-04-06,2.875
2019-04-07,3.1666666666666665
2019-04-08,4.125
2019-04-09,4.541666666666667
2019-04-10,5.708333333333333
2019-04-11,8.75
2019-04-12,13.458333333333334
2019-04-13,7.541666666666667
2019-04-14,7.458333333333333
2019-04-15,13.5
2019-04-16,18.916666666666668
2019-04-17,10.333333333333334
2019-04-18,4.208333333333333
2019-04-19,6.75
2019-04-20,10.208333333333334
2019-04-21,8.541666666666666
2019-04-22,18.333333333333332
2019-04-23,13.375
2019-04-24,7.25
2019-04-25,7.875
2019-04-26,8.75
2019-04-27,15.541666666666666
2019-04-28,14.416666666666666
2019-04-29,13.916666666666666
2019-04-30,14.25
2019-05-01,9.708333333333334
2019-05-02,11.791666666666666
2019-05-03,19.416666666666668
2019-05-04,18.041666666666668
2019-05-05,6.125
2019-05-06,11.875
2019-05-07,16.875
2019-05-08,15.208333333333334
2019-05-09,17.208333333333332
2019-05-10,23.25
2019-05-11,22.833333333333332
2019-05-12,22.333333333333332
2019-05-13,13.125
2019-05-14,14.708333333333334
2019-05-15,22.875
2019-05-16,19.333333333333332
2019-05-17,20.875
2019-05-18,11.75
2019-05-19,12.208333333333334
2019-05-20,8.541666666666666
2019-05-21,10.625
2019-05-22,11.583333333333334
2019-05-23,18.166666666666668
2019-05-24,29.291666666666668
2019-05-25,23.875
2019-05-26,11.583333333333334
2019-05-27,12.125
2019-05-28,13.333333333333334
2019-05-29,19.666666666666668
2019-05-30,15.916666666666666
2019-05-31,15.166666666666666
2019-06-01,20.333333333333332
2019-06-02,18.291666666666668
2019-06-03,18.666666666666668
2019-06-04,21.416666666666668
2019-06-05,17.25
2019-06-06,22.208333333333332
2019-06-07,22.75
2019-06-08,17.791666666666668
2019-06-09,19.541666666666668
2019-06-10,19.666666666666668
2019-06-11,18.916666666666668
2019-06-12,23.25
2019-06-13,19.291666666666668
2019-06-14,15.708333333333334
2019-06-15,14.333333333333334
2019-06-16,16.375
2019-06-17,20.291666666666668
2019-06-18,19.875
2019-06-19,21.5
2019-06-20,17.083333333333332
2019-06-21,20.791666666666668
2019-06-22,20.5
2019-06-23,24.25
2019-06-24,27.25
2019-06-25,27.416666666666668
2019-06-26,25.333333333333332
2019-06-27,22.083333333333332
2019-06-28,17.541666666666668
2019-06-29,16.833333333333332
2019-06-30,17.041666666666668
2019-07-01,20.083333333333332
2019-07-02,20.583333333333332
2019-07-03,18.541666666666668
2019-07-04,23.083333333333332
2019-07-05,22.875
2019-07-06,24.791666666666668
2019-07-07,25.541666666666668
2019-07-08,26.208333333333332
2019-07-09,27.083333333333332
2019-07-10,24.666666666666668
2019-07-11,24.25
2019-07-12,23.958333333333332
2019-07-13,23.208333333333332
2019-07-14,23.291666666666668
2019-07-15,23.583333333333332
2019-07-16,25.708333333333332
2019-07-17,23.333333333333332
2019-07-18,21.791666666666668
2019-07-19,26.291666666666668
2019-07-20,27.791666666666668
2019-07-21,23.083333333333332
2019-07-22,24.791666666666668
2019-07-23,23.125
2019-07-24,23.541666666666668
2019-07-25,21.875
2019-07-26,23.625
2019-07-27,25.208333333333332
2019-07-28,27.695652173913043
2019-07-29,25.625
2019-07-30,23.083333333333332
2019-07-31,24.958333333333332
2019-08-01,23.791666666666668
2019-08-02,24.833333333333332
2019-08-03,22.833333333333332
2019-08-04,24.833333333333332
2019-08-05,26.208333333333332
2019-08-06,24.5
2019-08-07,23.833333333333332
2019-08-08,20.541666666666668
2019-08-09,18.833333333333332
2019-08-10,19.708333333333332
2019-08-11,20.125
2019-08-12,20.583333333333332
2019-08-13,22.708333333333332
2019-08-14,21.833333333333332
2019-08-15,21.791666666666668
2019-08-16,19.708333333333332
2019-08-17,17.583333333333332
2019-08-18,18.375
2019-08-19,18.625
2019-08-20,21.416666666666668
2019-08-21,19.5
2019-08-22,17.375
2019-08-23,18.375
2019-08-24,18.833333333333332
2019-08-25,20.041666666666668
2019-08-26,21.458333333333332
2019-08-27,20.25
2019-08-28,15.875
2019-08-29,17.833333333333332
2019-08-30,17.791666666666668
2019-08-31,20.166666666666668
2019-09-01,21.166666666666668
2019-09-02,18.208333333333332
2019-09-03,21.541666666666668
2019-09-04,22.5
2019-09-05,22.75
2019-09-06,21.791666666666668
2019-09-07,22.333333333333332
2019-09-08,20.166666666666668
2019-09-09,16.291666666666668
2019-09-10,13.25
2019-09-11,15.25
2019-09-12,17.5
2019-09-13,15.291666666666666
2019-09-14,16.125
2019-09-15,16.083333333333332
2019-09-16,10.583333333333334
2019-09-17,12.375
2019-09-18,9.166666666666666
2019-09-19,10.125
2019-09-20,14.375
2019-09-21,9.958333333333334
2019-09-22,13.625
2019-09-23,16.416666666666668
2019-09-24,13.0
2019-09-25,15.958333333333334
2019-09-26,17.666666666666668
2019-09-27,20.25
2019-09-28,19.708333333333332
2019-09-29,12.25
2019-09-30,20.416666666666668
2019-10-01,22.166666666666668
2019-10-02,17.708333333333332
2019-10-03,6.875
2019-10-04,4.333333333333333
2019-10-05,7.875
2019-10-06,11.333333333333334
2019-10-07,11.625
2019-10-08,7.375
2019-10-09,15.625
2019-10-10,8.125
2019-10-11,4.208333333333333
2019-10-12,3.2916666666666665
2019-10-13,1.25
2019-10-14,1.625
2019-10-15,6.5
2019-10-16,5.666666666666667
2019-10-17,6.166666666666667
2019-10-18,8.333333333333334
2019-10-19,10.708333333333334
2019-10-20,9.375
2019-10-21,7.833333333333333
2019-10-22,7.166666666666667
2019-10-23,10.583333333333334
2019-10-24,10.833333333333334
2019-10-25,0.9583333333333334
2019-10-26,2.6666666666666665
2019-10-27,4.375
2019-10-28,8.041666666666666
2019-10-29,2.5833333333333335
2019-10-30,7.375
2019-10-31,5.125
2019-11-01,2.4166666666666665
2019-11-02,-1.2916666666666667
2019-11-03,-3.4583333333333335
2019-11-04,2.5
2019-11-05,-1.0833333333333333
2019-11-06,-5.333333333333333
2019-11-07,-3.0
2019-11-08,-3.4166666666666665
2019-11-09,1.9166666666666667
2019-11-10,6.333333333333333
2019-11-11,0.625
2019-11-12,-3.75
2019-11-13,-9.375
2019-11-14,-13.083333333333334
2019-11-15,-12.0
2019-11-16,-10.75
2019-11-17,-5.791666666666667
2019-11-18,-11.708333333333334
2019-11-19,-14.666666666666666
2019-11-20,-14.375
2019-11-21,-1.0416666666666667
2019-11-22,6.375
2019-11-23,-4.25
2019-11-24,-11.875
2019-11-25,-8.833333333333334
2019-11-26,-6.875
2019-11-27,-13.625
2019-11-28,-11.791666666666666
2019-11-29,-9.625
2019-11-30,-8.0
2019-12-01,-10.333333333333334
2019-12-02,-14.583333333333334
2019-12-03,-19.0
2019-12-04,-20.458333333333332
2019-12-05,-19.5
2019-12-06,-13.458333333333334
2019-12-07,-12.0
2019-12-08,-4.083333333333333
2019-12-09,-9.041666666666666
2019-12-10,-11.791666666666666
2019-12-11,-13.416666666666666
2019-12-12,-10.208333333333334
2019-12-13,-11.666666666666666
2019-12-14,-11.0
2019-12-15,-7.583333333333333
2019-12-16,-2.25
2019-12-17,-14.5
2019-12-18,-21.291666666666668
2019-12-19,-21.916666666666668
2019-12-20,-17.458333333333332
2019-12-21,-21.958333333333332
2019-12-22,-19.75
2019-12-23,-22.833333333333332
2019-12-24,-17.458333333333332
2019-12-25,-19.333333333333332
2019-12-26,-24.583333333333332
2019-12-27,-20.25
2019-12-28,-18.125
2019-12-29,-17.541666666666668
2019-12-30,-25.291666666666668
2019-12-31,-22.416666666666668
2020-01-01,-22.041666666666668
2020-01-02,-19.166666666666668
2020-01-03,-18.916666666666668
2020-01-04,-18.958333333333332
2020-01-05,-13.416666666666666
2020-01-06,-7.041666666666667
2020-01-07,-9.791666666666666
2020-01-08,-17.916666666666668
2020-01-09,-16.541666666666668
2020-01-10,-18.708333333333332
2020-01-11,-22.125
2020-01-12,-18.25
2020-01-13,-21.416666666666668
2020-01-14,-22.375
2020-01-15,-20.333333333333332
2020-01-16,-22.708333333333332
2020-01-17,-21.125
2020-01-18,-14.375
2020-01-19,-15.5
2020-01-20,-16.791666666666668
2020-01-21,-11.916666666666666
2020-01-22,-17.083333333333332
2020-01-23,-15.791666666666666
2020-01-24,-20.75
2020-01-25,-19.875
2020-01-26,-14.5
2020-01-27,-14.375
2020-01-28,-14.291666666666666
2020-01-29,-16.25
2020-01-30,-21.166666666666668
2020-01-31,-20.833333333333332
2020-02-01,-15.416666666666666
2020-02-02,-18.0
2020-02-03,-19.291666666666668
2020-02-04,-23.5
2020-02-05,-23.416666666666668
2020-02-06,-19.75
2020-02-07,-19.791666666666668
2020-02-08,-16.625
2020-02-09,-13.708333333333334
2020-02-10,-11.75
2020-02-11,1.7083333333333333
2020-02-12,1.0833333333333333
2020-02-13,-8.375
2020-02-14,-15.75
2020-02-15,-12.375
2020-02-16,-16.041666666666668
2020-02-17,-14.625
2020-02-18,-9.333333333333334
2020-02-19,-9.708333333333334
2020-02-20,-4.625
2020-02-21,-3.125
2020-02-22,-10.75
2020-02-23,-5.5
2020-02-24,-10.916666666666666
2020-02-25,-11.75
2020-02-26,-8.708333333333334
2020-02-27,-4.5
2020-02-28,-4.375
2020-02-29,-5.125
2020-03-01,-7.166666666666667
2020-03-02,-11.166666666666666
2020-03-03,-7.708333333333333
2020-03-04,-8.291666666666666
2020-03-05,-5.625
2020-03-06,-0.16666666666666666
2020-03-07,-1.9166666666666667
2020-03-08,-0.375
2020-03-09,-5.0
2020-03-10,-4.583333333333333
2020-03-11,-1.375
2020-03-12,-6.333333333333333
2020-03-13,-3.0
2020-03-14,-1.4166666666666667
2020-03-15,-8.541666666666666
2020-03-16,-2.0833333333333335
2020-03-17,2.375
2020-03-18,2.5833333333333335
2020-03-19,1.25
2020-03-20,3.1666666666666665
2020-03-21,0.75
2020-03-22,1.125
2020-03-23,0.9166666666666666
2020-03-24,6.125
2020-03-25,10.166666666666666
2020-03-26,-0.4166666666666667
2020-03-27,-1.9583333333333333
2020-03-28,1.9166666666666667
2020-03-29,7.833333333333333
2020-03-30,11.041666666666666
2020-03-31,4.416666666666667
2020-04-01,6.166666666666667
2020-04-02,5.904761904761905
2020-04-03,0.9523809523809523
2020-04-04,0.16666666666666666
2020-04-05,2.375
2020-04-06,4.3478260869565215
2020-04-07,2.625
2020-04-08,1.5
2020-04-09,5.666666666666667
2020-04-10,8.666666666666666
2020-04-11,7.083333333333333
2020-04-12,9.833333333333334
2020-04-13,12.916666666666666
2020-04-14,9.416666666666666
2020-04-15,10.708333333333334
2020-04-16,9.708333333333334
2020-04-17,9.916666666666666
2020-04-18,12.791666666666666
2020-04-19,13.791666666666666
2020-04-20,1.3333333333333333
2020-04-21,0.4166666666666667
2020-04-22,0.5833333333333334
2020-04-23,3.2916666666666665
2020-04-24,6.333333333333333
2020-04-25,6.25
2020-04-26,6.916666666666667
2020-04-27,12.75
2020-04-28,10.708333333333334
2020-04-29,14.666666666666666
2020-04-30,14.5
2020-05-01,19.25
2020-05-02,15.458333333333334
2020-05-03,4.791666666666667
2020-05-04,10.25
2020-05-05,10.875
2020-05-06,14.208333333333334
2020-05-07,19.0
2020-05-08,16.166666666666668
2020-05-09,15.041666666666666
2020-05-10,14.75
2020-05-11,12.916666666666666
2020-05-12,10.916666666666666
2020-05-13,15.0
2020-05-14,20.583333333333332
2020-05-15,19.75
2020-05-16,19.041666666666668
2020-05-17,14.208333333333334
2020-05-18,14.0
2020-05-19,11.916666666666666
2020-05-20,15.0
2020-05-21,16.041666666666668
2020-05-22,16.166666666666668
2020-05-23,14.125
2020-05-24,13.291666666666666
2020-05-25,11.791666666666666
2020-05-26,14.333333333333334
2020-05-27,17.833333333333332
2020-05-28,20.75
2020-05-29,24.208333333333332
2020-05-30,24.75
2020-05-31,19.25
2020-06-01,14.583333333333334
2020-06-02,18.666666666666668
2020-06-03,17.416666666666668
2020-06-04,16.5
2020-06-05,19.291666666666668
2020-06-06,23.041666666666668
2020-06-07,26.541666666666668
2020-06-08,27.625
2020-06-09,22.791666666666668
2020-06-10,17.291666666666668
2020-06-11,20.875
2020-06-12,20.833333333333332
2020-06-13,21.5
2020-06-14,16.541666666666668
2020-06-15,19.875
2020-06-16,24.041666666666668
2020-06-17,18.583333333333332
2020-06-18,17.958333333333332
2020-06-19,20.875
2020-06-20,20.791666666666668
2020-06-21,20.333333333333332
2020-06-22,20.25
2020-06-23,19.083333333333332
2020-06-24,17.333333333333332
2020-06-25,19.583333333333332
2020-06-26,20.625
2020-06-27,20.75
2020-06-28,21.25
2020-06-29,21.583333333333332
2020-06-30,22.0
2020-07-01,24.625
2020-07-02,26.041666666666668
2020-07-03,24.5
2020-07-04,22.875
2020-07-05,20.666666666666668
2020-07-06,21.708333333333332
2020-07-07,19.75
2020-07-08,22.791666666666668
2020-07-09,24.458333333333332
2020-07-10,24.625
2020-07-11,22.708333333333332
2020-07-12,24.833333333333332
2020-07-13,25.583333333333332
2020-07-14,25.875
2020-07-15,26.583333333333332
2020-07-16,27.458333333333332
2020-07-17,26.958333333333332
2020-07-18,26.041666666666668
2020-07-19,21.458333333333332
2020-07-20,21.125
2020-07-21,22.041666666666668
2020-07-22,23.625
2020-07-23,26.75
2020-07-24,26.958333333333332
2020-07-25,27.125
2020-07-26,26.458333333333332
2020-07-27,25.666666666666668
2020-07-28,24.0
2020-07-29,24.458333333333332
2020-07-30,24.666666666666668
2020-07-31,25.833333333333332
2020-08-01,26.333333333333332
2020-08-02,26.208333333333332
2020-08-03,23.458333333333332
2020-08-04,21.541666666666668
2020-08-05,23.333333333333332
2020-08-06,22.041666666666668
2020-08-07,21.083333333333332
2020-08-08,23.958333333333332
2020-08-09,22.958333333333332
2020-08-10,22.791666666666668
2020-08-11,23.125
2020-08-12,21.625
2020-08-13,21.0
2020-08-14,21.041666666666668
2020-08-15,21.875
2020-08-16,24.0
2020-08-17,24.125
2020-08-18,23.708333333333332
2020-08-19,16.541666666666668
2020-08-20,16.541666666666668
2020-08-21,17.625
2020-08-22,19.666666666666668
2020-08-23,22.5
2020-08-24,19.25
2020-08-25,22.458333333333332
2020-08-26,24.083333333333332
2020-08-27,19.958333333333332
2020-08-28,21.666666666666668
2020-08-29,18.25
2020-08-30,19.791666666666668
2020-08-31,22.625
2020-09-01,21.916666666666668
2020-09-02,21.291666666666668
2020-09-03,16.75
2020-09-04,17.0
2020-09-05,20.083333333333332
2020-09-06,20.375
2020-09-07,19.958333333333332
2020-09-08,17.166666666666668
2020-09-09,17.458333333333332
2020-09-10,16.583333333333332
2020-09-11,15.916666666666666
2020-09-12,16.5
2020-09-13,15.75
2020-09-14,15.708333333333334
2020-09-15,18.583333333333332
2020-09-16,16.5
2020-09-17,13.125
2020-09-18,13.666666666666666
2020-09-19,12.625
2020-09-20,11.333333333333334
2020-09-21,13.75
2020-09-22,13.625
2020-09-23,13.333333333333334
2020-09-24,16.041666666666668
2020-09-25,15.0
2020-09-26,16.25
2020-09-27,19.0
2020-09-28,11.434782608695652
2020-09-29,10.291666666666666
2020-09-30,9.416666666666666
2020-10-01,12.958333333333334
2020-10-02,11.166666666666666
2020-10-03,10.291666666666666
2020-10-04,7.333333333333333
2020-10-05,8.0
2020-10-06,7.375
2020-10-07,7.166666666666667
2020-10-08,12.125
2020-10-09,13.208333333333334
2020-10-10,15.083333333333334
2020-10-11,5.333333333333333
2020-10-12,4.75
2020-10-13,2.625
2020-10-14,1.4583333333333333
2020-10-15,3.9166666666666665
2020-10-16,4.958333333333333
2020-10-17,8.125
2020-10-18,4.041666666666667
2020-10-19,8.875
2020-10-20,15.125
2020-10-21,6.083333333333333
2020-10-22,2.0833333333333335
2020-10-23,1.375
2020-10-24,4.375
2020-10-25,3.5833333333333335
2020-10-26,7.083333333333333
2020-10-27,2.8333333333333335
2020-10-28,1.5416666666666667
2020-10-29,-0.25
2020-10-30,4.666666666666667
2020-10-31,7.625
2020-11-01,2.0833333333333335
2020-11-02,-1.7916666666666667
2020-11-03,-5.666666666666667
2020-11-04,-1.75
2020-11-05,2.8333333333333335
2020-11-06,4.875
2020-11-07,1.75
2020-11-08,-4.083333333333333
2020-11-09,-6.375
2020-11-10,0.08333333333333333
2020-11-11,7.958333333333333
2020-11-12,5.416666666666667
2020-11-13,1.3333333333333333
2020-11-14,4.458333333333333
2020-11-15,0.25
2020-11-16,1.25
2020-11-17,0.5
2020-11-18,-2.875
2020-11-19,-7.291666666666667
2020-11-20,-11.166666666666666
2020-11-21,-11.291666666666666
2020-11-22,-12.708333333333334
2020-11-23,-10.875
2020-11-24,-7.083333333333333
2020-11-25,-8.166666666666666
2020-11-26,-15.208333333333334
2020-11-27,-15.541666666666666
2020-11-28,-15.291666666666666
2020-11-29,-15.375
2020-11-30,-14.458333333333334
2020-12-01,-14.541666666666666
2020-12-02,-15.166666666666666
2020-12-03,-11.75
2020-12-04,-11.75
2020-12-05,-13.25
2020-12-06,-13.583333333333334
2020-12-07,-14.125
2020-12-08,-13.791666666666666
2020-12-09,-11.25
2020-12-10,-12.875
2020-12-11,-16.458333333333332
2020-12-12,-18.875
2020-12-13,-21.333333333333332
2020-12-14,-20.958333333333332
2020-12-15,-22.125
2020-12-16,-20.041666666666668
2020-12-17,-16.0
2020-12-18,-16.583333333333332
2020-12-19,-18.625
2020-12-20,-14.125
2020-12-21,-10.416666666666666
2020-12-22,-11.791666666666666
2020-12-23,-10.625
2020-12-24,-16.625
2020-12-25,-17.458333333333332
2020-12-26,-15.791666666666666
2020-12-27,-19.916666666666668
2020-12-28,-20.375
2020-12-29,-22.5
2020-12-30,-20.166666666666668
2020-12-31,-22.083333333333332
2021-01-01,-24.333333333333332
2021-01-02,-21.916666666666668
2021-01-03,-22.0
2021-01-04,-23.416666666666668
2021-01-05,-21.125
2021-01-06,-21.958333333333332
2021-01-07,-26.458333333333332
2021-01-08,-25.791666666666668
2021-01-09,-23.708333333333332
2021-01-10,-20.25
2021-01-11,-16.916666666666668
2021-01-12,-12.0
2021-01-13,-18.625
2021-01-14,-18.083333333333332
2021-01-15,-21.083333333333332
2021-01-16,-21.75
2021-01-17,-18.708333333333332
2021-01-18,-25.833333333333332
2021-01-19,-20.541666666666668
2021-01-20,-8.333333333333334
2021-01-21,-16.125
2021-01-22,-16.333333333333332
2021-01-23,-12.083333333333334
2021-01-24,-12.333333333333334
2021-01-25,-12.666666666666666
2021-01-26,-14.458333333333334
2021-01-27,-17.083333333333332
2021-01-28,-23.958333333333332
2021-01-29,-21.416666666666668
2021-01-30,-26.0
2021-01-31,-16.833333333333332
2021-02-01,-23.416666666666668
2021-02-02,-24.541666666666668
2021-02-03,-24.333333333333332
2021-02-04,-19.083333333333332
2021-02-05,-13.541666666666666
2021-02-06,-18.541666666666668
2021-02-07,-21.458333333333332
2021-02-08,-17.958333333333332
2021-02-09,-14.25
2021-02-10,-9.25
2021-02-11,-0.25
2021-02-12,-3.625
2021-02-13,-8.0
2021-02-14,-16.958333333333332
2021-02-15,-17.333333333333332
2021-02-16,-16.208333333333332
2021-02-17,-14.375
2021-02-18,-9.875
2021-02-19,-6.291666666666667
2021-02-20,-11.208333333333334
2021-02-21,-9.375
2021-02-22,-13.208333333333334
2021-02-23,-16.958333333333332
2021-02-24,-12.666666666666666
2021-02-25,-12.291666666666666
2021-02-26,-9.375
2021-02-27,0.20833333333333334
2021-02-28,-9.458333333333334
2021-03-01,-17.541666666666668
2021-03-02,-11.458333333333334
2021-03-03,-0.08333333333333333
2021-03-04,-1.2916666666666667
2021-03-05,-15.666666666666666
2021-03-06,-11.958333333333334
2021-03-07,-5.125
2021-03-08,0.041666666666666664
2021-03-09,-2.375
2021-03-10,-0.4166666666666667
2021-03-11,-0.125
2021-03-12,0.0
2021-03-13,3.0
2021-03-14,6.25
2021-03-15,0.08333333333333333
2021-03-16,-2.625
2021-03-17,-0.8333333333333334
2021-03-18,0.9166666666666666
2021-03-19,3.25
2021-03-20,-0.08695652173913043
2021-03-21,-1.125
2021-03-22,1.9583333333333333
2021-03-23,5.708333333333333
2021-03-24,5.166666666666667
2021-03-25,3.1666666666666665
2021-03-26,6.583333333333333
2021-03-27,8.875
2021-03-28,7.416666666666667
2021-03-29,4.083333333333333
2021-03-30,3.2857142857142856
2021-03-31,4.958333333333333
2021-04-01,10.083333333333334
2021-04-02,10.458333333333334
2021-04-03,1.625
2021-04-04,6.625
2021-04-05,9.583333333333334
2021-04-06,4.083333333333333
2021-04-07,1.7083333333333333
2021-04-08,1.5
2021-04-09,6.416666666666667
2021-04-10,12.833333333333334
2021-04-11,12.708333333333334
2021-04-12,2.2916666666666665
2021-04-13,-0.375
2021-04-14,4.541666666666667
2021-04-15,11.833333333333334
2021-04-16,5.5
2021-04-17,3.8333333333333335
2021-04-18,9.0
2021-04-19,9.125
2021-04-20,9.416666666666666
2021-04-21,17.916666666666668
2021-04-22,16.25
2021-04-23,12.208333333333334
2021-04-24,7.708333333333333
2021-04-25,9.416666666666666
2021-04-26,15.875
2021-04-27,10.958333333333334
2021-04-28,8.375
2021-04-29,9.75
2021-04-30,6.833333333333333
2021-05-01,7.708333333333333
2021-05-02,12.666666666666666
2021-05-03,16.166666666666668
2021-05-04,11.75
2021-05-05,11.208333333333334
2021-05-06,15.875
2021-05-07,10.333333333333334
2021-05-08,8.333333333333334
2021-05-09,8.708333333333334
2021-05-10,11.041666666666666
2021-05-11,17.416666666666668
2021-05-12,16.0
2021-05-13,17.041666666666668
2021-05-14,18.25
2021-05-15,13.708333333333334
2021-05-16,17.5
2021-05-17,21.041666666666668
2021-05-18,24.666666666666668
2021-05-19,23.375
2021-05-20,23.458333333333332
2021-05-21,24.958333333333332
2021-05-22,27.0
2021-05-23,13.833333333333334
2021-05-24,11.833333333333334
2021-05-25,15.875
2021-05-26,15.583333333333334
2021-05-27,16.791666666666668
2021-05-28,14.75
2021-05-29,17.125
2021-05-30,19.208333333333332
2021-05-31,21.583333333333332
2021-06-01,15.041666666666666
2021-06-02,16.041666666666668
2021-06-03,12.875
2021-06-04,13.875
2021-06-05,14.333333333333334
2021-06-06,16.708333333333332
2021-06-07,19.875
2021-06-08,23.5
2021-06-09,24.5
2021-06-10,19.041666666666668
2021-06-11,22.333333333333332
2021-06-12,25.375
2021-06-13,24.875
2021-06-14,24.125
2021-06-15,21.083333333333332
2021-06-16,24.666666666666668
2021-06-17,18.916666666666668
2021-06-18,17.166666666666668
2021-06-19,18.75
2021-06-20,17.75
2021-06-21,18.458333333333332
2021-06-22,20.916666666666668
2021-06-23,23.291666666666668
2021-06-24,24.375
2021-06-25,24.416666666666668
2021-06-26,23.416666666666668
2021-06-27,21.75
2021-06-28,23.625
2021-06-29,24.875
2021-06-30,22.375
2021-07-01,21.375
2021-07-02,24.5
2021-07-03,25.458333333333332
2021-07-04,20.0
2021-07-05,22.708333333333332
2021-07-06,23.75
2021-07-07,22.916666666666668
2021-07-08,22.833333333333332
2021-07-09,22.708333333333332
2021-07-10,23.208333333333332
2021-07-11,25.875
2021-07-12,27.5
2021-07-13,28.5
2021-07-14,27.875
2021-07-15,27.458333333333332
2021-07-16,27.333333333333332
2021-07-17,28.041666666666668
2021-07-18,26.958333333333332
2021-07-19,27.75
2021-07-20,27.458333333333332
2021-07-21,28.0
2021-07-22,27.833333333333332
2021-07-23,27.708333333333332
2021-07-24,26.833333333333332
2021-07-25,25.375
2021-07-26,27.291666666666668
2021-07-27,27.958333333333332
2021-07-28,26.5
2021-07-29,27.416666666666668
2021-07-30,25.958333333333332
2021-07-31,25.25
2021-08-01,23.166666666666668
2021-08-02,20.541666666666668
2021-08-03,21.0
2021-08-04,23.416666666666668
2021-08-05,22.75
2021-08-06,22.916666666666668
2021-08-07,24.083333333333332
2021-08-08,23.75
2021-08-09,20.25
2021-08-10,20.083333333333332
2021-08-11,20.041666666666668
2021-08-12,19.333333333333332
2021-08-13,20.083333333333332
2021-08-14,18.833333333333332
2021-08-15,20.25
2021-08-16,21.708333333333332
2021-08-17,22.0
2021-08-18,22.875
2021-08-19,24.25
2021-08-20,23.0
2021-08-21,19.416666666666668
2021-08-22,20.75
2021-08-23,21.291666666666668
2021-08-24,22.083333333333332
2021-08-25,21.333333333333332
2021-08-26,19.875
2021-08-27,19.958333333333332
2021-08-28,19.083333333333332
2021-08-29,17.583333333333332
2021-08-30,14.041666666666666
2021-08-31,17.666666666666668
2021-09-01,20.25
2021-09-02,21.041666666666668
2021-09-03,20.333333333333332
2021-09-04,20.708333333333332
2021-09-05,20.125
2021-09-06,20.25
2021-09-07,16.291666666666668
2021-09-08,18.708333333333332
2021-09-09,16.791666666666668
2021-09-10,14.833333333333334
2021-09-11,11.208333333333334
2021-09-12,14.041666666666666
2021-09-13,13.125
2021-09-14,15.208333333333334
2021-09-15,17.541666666666668
2021-09-16,14.708333333333334
2021-09-17,18.333333333333332
2021-09-18,14.25
2021-09-19,12.083333333333334
2021-09-20,14.958333333333334
2021-09-21,15.083333333333334
2021-09-22,14.375
2021-09-23,11.791666666666666
2021-09-24,13.875
2021-09-25,15.208333333333334
2021-09-26,17.583333333333332
2021-09-27,15.375
2021-09-28,18.125
2021-09-29,10.041666666666666
2021-09-30,7.541666666666667
2021-10-01,8.541666666666666
2021-10-02,12.375
2021-10-03,11.541666666666666
2021-10-04,8.818181818181818
2021-10-05,5.625
2021-10-06,7.416666666666667
2021-10-07,8.666666666666666
2021-10-08,11.791666666666666
2021-10-09,14.958333333333334
2021-10-10,8.625
2021-10-11,8.041666666666666
2021-10-12,9.958333333333334
2021-10-13,14.375
2021-10-14,6.875
2021-10-15,4.416666666666667
2021-10-16,-2.2083333333333335
2021-10-17,1.9166666666666667
2021-10-18,-0.5833333333333334
2021-10-19,0.7916666666666666
2021-10-20,1.0416666666666667
2021-10-21,2.2916666666666665
2021-10-22,5.083333333333333
2021-10-23,7.083333333333333
2021-10-24,9.125
2021-10-25,9.875
2021-10-26,6.541666666666667
2021-10-27,5.458333333333333
2021-10-28,6.083333333333333
2021-10-29,8.833333333333334
2021-10-30,6.875
2021-10-31,0.125
2021-11-01,1.7083333333333333
2021-11-02,3.8333333333333335
2021-11-03,3.625
2021-11-04,3.2916666666666665
2021-11-05,6.791666666666667
2021-11-06,-4.583333333333333
2021-11-07,-4.041666666666667
2021-11-08,-2.125
2021-11-09,-4.5
2021-11-10,-3.5833333333333335
2021-11-11,-4.208333333333333
2021-11-12,-4.5
2021-11-13,-3.7916666666666665
2021-11-14,-5.833333333333333
2021-11-15,-7.25
2021-11-16,-5.791666666666667
2021-11-17,1.75
2021-11-18,-1.9583333333333333
2021-11-19,-6.791666666666667
2021-11-20,-8.125
2021-11-21,-7.875
2021-11-22,-10.208333333333334
2021-11-23,-10.083333333333334
2021-11-24,-10.125
2021-11-25,-9.166666666666666
2021-11-26,-10.208333333333334
2021-11-27,-5.375
2021-11-28,-0.7916666666666666
2021-11-29,-8.416666666666666
2021-11-30,-11.375
2021-12-01,-10.333333333333334
2021-12-02,-8.166666666666666
2021-12-03,-12.166666666666666
2021-12-04,-8.583333333333334
2021-12-05,-0.16666666666666666
2021-12-06,-5.333333333333333
2021-12-07,-4.083333333333333
2021-12-08,-1.4583333333333333
2021-12-09,2.5833333333333335
2021-12-10,-4.625
2021-12-11,-6.125
2021-12-12,-12.416666666666666
2021-12-13,-7.458333333333333
2021-12-14,-9.833333333333334
2021-12-15,-11.625
2021-12-16,-18.416666666666668
2021-12-17,-19.208333333333332
2021-12-18,-16.791666666666668
2021-12-19,-10.75
2021-12-20,-8.333333333333334
2021-12-21,-19.208333333333332
2021-12-22,-19.291666666666668
2021-12-23,-22.791666666666668
2021-12-24,-25.541666666666668
2021-12-25,-23.791666666666668
2021-12-26,-20.291666666666668
2021-12-27,-19.791666666666668
2021-12-28,-16.208333333333332
2021-12-29,-18.875
2021-12-30,-23.333333333333332
2021-12-31,-23.333333333333332
2022-01-01,-19.125
2022-01-02,-16.875
2022-01-03,-19.583333333333332
2022-01-04,-20.708333333333332
2022-01-05,-17.333333333333332
2022-01-06,-19.75
2022-01-07,-15.25
2022-01-08,-20.416666666666668
2022-01-09,-18.583333333333332
2022-01-10,-19.916666666666668
2022-01-11,-23.291666666666668
2022-01-12,-21.708333333333332
2022-01-13,-23.541666666666668
2022-01-14,-14.375
2022-01-15,-14.625
2022-01-16,-20.625
2022-01-17,-21.75
2022-01-18,-22.708333333333332
2022-01-19,-22.708333333333332
2022-01-20,-21.791666666666668
2022-01-21,-20.708333333333332
2022-01-22,-17.708333333333332
2022-01-23,-19.041666666666668
2022-01-24,-16.458333333333332
2022-01-25,-15.0
2022-01-26,-16.625
2022-01-27,-14.916666666666666
2022-01-28,-15.125
2022-01-29,-16.416666666666668
2022-01-30,-17.041666666666668
2022-01-31,-17.791666666666668
2022-02-01,-16.583333333333332
2022-02-02,-16.791666666666668
2022-02-03,-18.375
2022-02-04,-18.791666666666668
2022-02-05,-18.208333333333332
2022-02-06,-16.166666666666668
2022-02-07,-13.166666666666666
2022-02-08,-12.583333333333334
2022-02-09,-9.708333333333334
2022-02-10,-10.583333333333334
2022-02-11,-13.166666666666666
2022-02-12,-18.416666666666668
2022-02-13,-18.958333333333332
2022-02-14,-17.666666666666668
2022-02-15,-17.916666666666668
2022-02-16,-16.208333333333332
2022-02-17,-16.041666666666668
2022-02-18,-13.375
2022-02-19,-16.958333333333332
2022-02-20,-19.75
2022-02-21,-19.083333333333332
2022-02-22,-18.541666666666668
2022-02-23,-13.166666666666666
2022-02-24,-8.666666666666666
2022-02-25,-4.125
2022-02-26,-6.125
2022-02-27,-6.25
2022-02-28,-3.9166666666666665
2022-03-01,-4.958333333333333
2022-03-02,-6.904761904761905
2022-03-03,-3.7083333333333335
2022-03-04,-2.125
2022-03-05,-5.75
2022-03-06,-6.25
2022-03-07,-3.1666666666666665
2022-03-08,-1.0833333333333333
2022-03-09,3.375
2022-03-10,3.0833333333333335
2022-03-11,0.041666666666666664
2022-03-12,0.75
2022-03-13,-0.5833333333333334
2022-03-14,-2.7916666666666665
2022-03-15,-1.0
2022-03-16,-5.708333333333333
2022-03-17,-7.916666666666667
2022-03-18,-4.875
2022-03-19,-4.708333333333333
2022-03-20,-2.375
2022-03-21,-2.625
2022-03-22,2.0416666666666665
2022-03-23,2.2916666666666665
2022-03-24,4.041666666666667
2022-03-25,2.4166666666666665
2022-03-26,1.375
2022-03-27,1.375
2022-03-28,7.833333333333333
2022-03-29,0.875
2022-03-30,0.5
2022-03-31,0.9583333333333334
2022-04-01,2.5416666666666665
2022-04-02,6.5
2022-04-03,11.833333333333334
2022-04-04,12.958333333333334
2022-04-05,0.6666666666666666
2022-04-06,1.625
2022-04-07,3.5
2022-04-08,9.625
2022-04-09,11.375
2022-04-10,12.833333333333334
2022-04-11,4.291666666666667
2022-04-12,4.291666666666667
2022-04-13,7.125
2022-04-14,5.583333333333333
2022-04-15,8.25
2022-04-16,6.583333333333333
2022-04-17,5.541666666666667
2022-04-18,10.625
2022-04-19,18.541666666666668
2022-04-20,19.916666666666668
2022-04-21,8.833333333333334
2022-04-22,8.416666666666666
2022-04-23,12.833333333333334
2022-04-24,10.833333333333334
2022-04-25,17.125
2022-04-26,6.833333333333333
2022-04-27,6.583333333333333
2022-04-28,8.666666666666666
2022-04-29,11.791666666666666
2022-04-30,4.291666666666667
2022-05-01,4.458333333333333
2022-05-02,11.041666666666666
2022-05-03,17.166666666666668
2022-05-04,22.791666666666668
2022-05-05,16.666666666666668
2022-05-06,7.583333333333333
2022-05-07,11.208333333333334
2022-05-08,12.333333333333334
2022-05-09,18.875
2022-05-10,17.041666666666668
2022-05-11,9.541666666666666
2022-05-12,9.333333333333334
2022-05-13,10.75
2022-05-14,12.25
2022-05-15,13.708333333333334
2022-05-16,14.208333333333334
2022-05-17,18.416666666666668
2022-05-18,18.291666666666668
2022-05-19,17.541666666666668
2022-05-20,23.333333333333332
2022-05-21,18.625
2022-05-22,19.958333333333332
2022-05-23,23.916666666666668
2022-05-24,14.666666666666666
2022-05-25,11.208333333333334
2022-05-26,13.25
2022-05-27,16.416666666666668
2022-05-28,18.958333333333332
2022-05-29,15.75
2022-05-30,13.75
2022-05-31,16.291666666666668
2022-06-01,16.0
2022-06-02,18.875
2022-06-03,20.25
2022-06-04,17.083333333333332
2022-06-05,11.416666666666666
2022-06-06,13.0
2022-06-07,17.291666666666668
2022-06-08,19.583333333333332
2022-06-09,19.083333333333332
2022-06-10,18.791666666666668
2022-06-11,21.916666666666668
2022-06-12,20.833333333333332
2022-06-13,19.25
2022-06-14,21.041666666666668
2022-06-15,21.041666666666668
2022-06-16,19.666666666666668
2022-06-17,21.458333333333332
2022-06-18,23.541666666666668
2022-06-19,23.458333333333332
2022-06-20,24.875
2022-06-21,25.791666666666668
2022-06-22,24.708333333333332
2022-06-23,22.208333333333332
2022-06-24,20.458333333333332
2022-06-25,20.416666666666668
2022-06-26,23.875
2022-06-27,25.083333333333332
2022-06-28,22.958333333333332
2022-06-29,23.791666666666668
2022-06-30,24.875
2022-07-01,25.583333333333332
2022-07-02,24.291666666666668
2022-07-03,25.416666666666668
2022-07-04,24.25
2022-07-05,25.083333333333332
2022-07-06,26.125
2022-07-07,22.958333333333332
2022-07-08,25.041666666666668
2022-07-09,23.666666666666668
2022-07-10,23.166666666666668
2022-07-11,24.666666666666668
2022-07-12,26.041666666666668
2022-07-13,22.75
2022-07-14,20.833333333333332
2022-07-15,22.5
2022-07-16,22.416666666666668
2022-07-17,22.375
2022-07-18,22.375
2022-07-19,24.083333333333332
2022-07-20,23.833333333333332
2022-07-21,25.666666666666668
2022-07-22,24.583333333333332
2022-07-23,24.083333333333332
2022-07-24,21.583333333333332
2022-07-25,23.958333333333332
2022-07-26,26.0
2022-07-27,27.041666666666668
2022-07-28,25.916666666666668
2022-07-29,23.0
2022-07-30,24.625
2022-07-31,26.958333333333332
2022-08-01,27.458333333333332
2022-08-02,28.291666666666668
2022-08-03,25.0
2022-08-04,27.166666666666668
2022-08-05,24.375
2022-08-06,25.75
2022-08-07,22.166666666666668
2022-08-08,20.166666666666668
2022-08-09,21.958333333333332
2022-08-10,22.333333333333332
2022-08-11,21.666666666666668
2022-08-12,20.875
2022-08-13,20.291666666666668
2022-08-14,21.333333333333332
2022-08-15,21.125
2022-08-16,22.125
2022-08-17,23.833333333333332
2022-08-18,23.958333333333332
2022-08-19,18.833333333333332
2022-08-20,19.041666666666668
2022-08-21,19.666666666666668
2022-08-22,15.541666666666666
2022-08-23,18.208333333333332
2022-08-24,19.541666666666668
2022-08-25,15.791666666666666
2022-08-26,15.541666666666666
2022-08-27,17.041666666666668
2022-08-28,19.75
2022-08-29,16.041666666666668
2022-08-30,18.041666666666668
2022-08-31,18.708333333333332
2022-09-01,15.333333333333334
2022-09-02,18.708333333333332
2022-09-03,20.583333333333332
2022-09-04,17.416666666666668
2022-09-05,14.375
2022-09-06,13.875
2022-09-07,17.125
2022-09-08,19.541666666666668
2022-09-09,18.666666666666668
2022-09-10,21.541666666666668
2022-09-11,21.875
2022-09-12,19.916666666666668
2022-09-13,13.458333333333334
2022-09-14,18.583333333333332
2022-09-15,16.666666666666668
2022-09-16,17.833333333333332
2022-09-17,16.708333333333332
2022-09-18,13.875
2022-09-19,8.208333333333334
2022-09-20,10.791666666666666
2022-09-21,18.166666666666668
2022-09-22,16.0
2022-09-23,12.708333333333334
2022-09-24,13.208333333333334
2022-09-25,16.958333333333332
2022-09-26,12.166666666666666
2022-09-27,19.666666666666668
2022-09-28,14.958333333333334
2022-09-29,19.541666666666668
2022-09-30,14.416666666666666
2022-10-01,8.958333333333334
2022-10-02,14.25
2022-10-03,4.375
2022-10-04,2.5833333333333335
2022-10-05,2.7083333333333335
2022-10-06,4.75
2022-10-07,5.041666666666667
2022-10-08,7.375
2022-10-09,5.875
2022-10-10,5.541666666666667
2022-10-11,6.625
2022-10-12,11.916666666666666
2022-10-13,9.041666666666666
2022-10-14,9.291666666666666
2022-10-15,8.416666666666666
2022-10-16,6.0
2022-10-17,3.3333333333333335
2022-10-18,1.9166666666666667
2022-10-19,8.25
2022-10-20,12.416666666666666
2022-10-21,7.041666666666667
2022-10-22,4.583333333333333
2022-10-23,1.625
2022-10-24,2.6666666666666665
2022-10-25,9.958333333333334
2022-10-26,4.041666666666667
2022-10-27,-0.3333333333333333
2022-10-28,-0.8333333333333334
2022-10-29,0.375
2022-10-30,7.541666666666667
2022-10-31,4.875
2022-11-01,-0.2916666666666667
2022-11-02,-3.0416666666666665
2022-11-03,-4.833333333333333
2022-11-04,-1.9583333333333333
2022-11-05,-1.125
2022-11-06,2.0
2022-11-07,0.3333333333333333
2022-11-08,5.166666666666667
2022-11-09,2.5833333333333335
2022-11-10,1.375
2022-11-11,4.958333333333333
2022-11-12,-3.3333333333333335
2022-11-13,-6.125
2022-11-14,-6.625
2022-11-15,-5.208333333333333
2022-11-16,-4.0
2022-11-17,-1.125
2022-11-18,0.0
2022-11-19,1.25
2022-11-20,-4.083333333333333
2022-11-21,-6.583333333333333
2022-11-22,-4.916666666666667
2022-11-23,-5.875
2022-11-24,-0.5416666666666666
2022-11-25,-4.208333333333333
2022-11-26,-10.875
2022-11-27,-7.625
2022-11-28,-9.0
2022-11-29,-15.458333333333334
2022-11-30,-18.25
2022-12-01,-17.458333333333332
2022-12-02,-11.208333333333334
2022-12-03,-16.416666666666668
2022-12-04,-16.0
2022-12-05,-13.166666666666666
2022-12-06,-10.666666666666666
2022-12-07,-8.375
2022-12-08,-9.333333333333334
2022-12-09,-10.875
2022-12-10,-11.666666666666666
2022-12-11,-7.791666666666667
2022-12-12,-8.0
2022-12-13,-15.833333333333334
2022-12-14,-19.416666666666668
2022-12-15,-20.125
2022-12-16,-17.958333333333332
2022-12-17,-20.666666666666668
2022-12-18,-22.0
2022-12-19,-19.625
2022-12-20,-14.25
2022-12-21,-17.75
2022-12-22,-21.125
2022-12-23,-15.25
2022-12-24,-14.166666666666666
2022-12-25,-19.125
2022-12-26,-20.75
2022-12-27,-18.25
2022-12-28,-19.458333333333332
2022-12-29,-19.583333333333332
2022-12-30,-12.625
2022-12-31,-13.791666666666666
2023-01-01,-16.958333333333332
2023-01-02,-17.25
2023-01-03,-18.583333333333332
2023-01-04,-16.25
2023-01-05,-17.041666666666668
2023-01-06,-21.625
2023-01-07,-18.5
2023-01-08,-11.958333333333334
2023-01-09,-14.333333333333334
2023-01-10,-5.708333333333333
2023-01-11,-3.75
2023-01-12,-0.08333333333333333
2023-01-13,-12.916666666666666
2023-01-14,-23.125
2023-01-15,-19.25
2023-01-16,-18.958333333333332
2023-01-17,-16.166666666666668
2023-01-18,-11.583333333333334
2023-01-19,-16.75
2023-01-20,-23.5
2023-01-21,-21.125
2023-01-22,-27.083333333333332
2023-01-23,-29.0
2023-01-24,-24.083333333333332
2023-01-25,-22.166666666666668
2023-01-26,-24.583333333333332
2023-01-27,-22.166666666666668
2023-01-28,-18.666666666666668
2023-01-29,-18.541666666666668
2023-01-30,-17.958333333333332
2023-01-31,-14.583333333333334
2023-02-01,-14.875
2023-02-02,-17.791666666666668
2023-02-03,-15.291666666666666
2023-02-04,-10.375
2023-02-05,-14.541666666666666
2023-02-06,-15.208333333333334
2023-02-07,-14.208333333333334
2023-02-08,-14.375
2023-02-09,-7.083333333333333
2023-02-10,-6.5
2023-02-11,-8.125
2023-02-12,-15.041666666666666
2023-02-13,-12.583333333333334
2023-02-14,-17.458333333333332
2023-02-15,-14.5
2023-02-16,-7.458333333333333
2023-02-17,-10.666666666666666
2023-02-18,-10.583333333333334
2023-02-19,-12.708333333333334
2023-02-20,-13.125
2023-02-21,-10.125
2023-02-22,-8.75
2023-02-23,-8.333333333333334
2023-02-24,-10.875
2023-02-25,-6.583333333333333
2023-02-26,0.4166666666666667
2023-02-27,4.458333333333333
2023-02-28,-3.8333333333333335
2023-03-01,-8.75
2023-03-02,-6.333333333333333
2023-03-03,-3.2916666666666665
2023-03-04,3.3333333333333335
2023-03-05,5.291666666666667
2023-03-06,2.2916666666666665
2023-03-07,0.4583333333333333
2023-03-08,-0.25
2023-03-09,3.4166666666666665
2023-03-10,6.416666666666667
2023-03-11,-2.1666666666666665
2023-03-12,-7.0
2023-03-13,-5.75
2023-03-14,-1.4166666666666667
2023-03-15,-4.75
2023-03-16,-3.4166666666666665
2023-03-17,-1.75
2023-03-18,2.0833333333333335
2023-03-19,6.75
2023-03-20,9.25
2023-03-21,10.666666666666666
2023-03-22,3.4166666666666665
2023-03-23,-2.9166666666666665
2023-03-24,-3.0
2023-03-25,-2.125
2023-03-26,0.5833333333333334
2023-03-27,4.041666666666667
2023-03-28,6.625
2023-03-29,11.625
2023-03-30,9.125
2023-03-31,14.708333333333334
2023-04-01,15.333333333333334
2023-04-02,16.25
2023-04-03,7.625
2023-04-04,2.875
2023-04-05,5.5
2023-04-06,5.375
2023-04-07,0.0
2023-04-08,6.375
2023-04-09,14.791666666666666
2023-04-10,13.333333333333334
2023-04-11,3.5416666666666665
2023-04-12,3.7083333333333335
2023-04-13,4.666666666666667
2023-04-14,5.75
2023-04-15,7.208333333333333
2023-04-16,7.5
2023-04-17,11.916666666666666
2023-04-18,8.416666666666666
2023-04-19,13.166666666666666
2023-04-20,6.5
2023-04-21,4.916666666666667
2023-04-22,5.916666666666667
2023-04-23,5.416666666666667
2023-04-24,11.125
2023-04-25,2.7083333333333335
2023-04-26,8.75
2023-04-27,13.541666666666666
2023-04-28,9.375
2023-04-29,8.791666666666666
2023-04-30,6.5
2023-05-01,13.375
2023-05-02,18.791666666666668
2023-05-03,17.916666666666668
2023-05-04,12.708333333333334
2023-05-05,12.166666666666666
2023-05-06,12.875
2023-05-07,15.291666666666666
2023-05-08,13.666666666666666
2023-05-09,10.666666666666666
2023-05-10,11.208333333333334
2023-05-11,18.083333333333332
2023-05-12,17.041666666666668
2023-05-13,15.958333333333334
2023-05-14,20.0
2023-05-15,15.416666666666666
2023-05-16,9.791666666666666
2023-05-17,15.583333333333334
2023-05-18,16.541666666666668
2023-05-19,19.541666666666668
2023-05-20,14.0
2023-05-21,12.958333333333334
2023-05-22,17.541666666666668
2023-05-23,21.791666666666668
2023-05-24,24.416666666666668
2023-05-25,19.333333333333332
2023-05-26,19.458333333333332
2023-05-27,19.916666666666668
2023-05-28,17.666666666666668
2023-05-29,16.333333333333332
2023-05-30,17.958333333333332
2023-05-31,19.958333333333332
2023-06-01,16.0
2023-06-02,17.125
2023-06-03,17.75
2023-06-04,20.5
2023-06-05,20.458333333333332
2023-06-06,20.916666666666668
2023-06-07,21.25
2023-06-08,19.541666666666668
2023-06-09,17.833333333333332
2023-06-10,18.833333333333332
2023-06-11,18.0
2023-06-12,19.5
2023-06-13,22.5
2023-06-14,25.625
2023-06-15,26.166666666666668
2023-06-16,25.458333333333332
2023-06-17,21.333333333333332
2023-06-18,23.434782608695652
2023-06-19,27.166666666666668
2023-06-20,19.625
2023-06-21,20.75
2023-06-22,22.666666666666668
2023-06-23,24.958333333333332
2023-06-24,28.125
2023-06-25,28.416666666666668
2023-06-26,28.083333333333332
2023-06-27,22.166666666666668
2023-06-28,24.5
2023-06-29,21.166666666666668
2023-06-30,23.916666666666668
2023-07-01,20.708333333333332
2023-07-02,22.875
2023-07-03,21.625
2023-07-04,23.833333333333332
2023-07-05,20.541666666666668
2023-07-06,19.708333333333332
2023-07-07,22.166666666666668
2023-07-08,21.625
2023-07-09,22.083333333333332
2023-07-10,22.875
2023-07-11,23.833333333333332
2023-07-12,24.666666666666668
2023-07-13,26.208333333333332
2023-07-14,18.958333333333332
2023-07-15,19.541666666666668
2023-07-16,20.041666666666668
2023-07-17,20.083333333333332
2023-07-18,21.875
2023-07-19,24.791666666666668
2023-07-20,25.5
2023-07-21,24.916666666666668
2023-07-22,21.291666666666668
2023-07-23,22.208333333333332
2023-07-24,21.625
2023-07-25,24.666666666666668
2023-07-26,26.708333333333332
2023-07-27,25.75
2023-07-28,24.375
2023-07-29,27.375
2023-07-30,25.208333333333332
2023-07-31,27.541666666666668
2023-08-01,27.0
2023-08-02,23.541666666666668
2023-08-03,25.416666666666668
2023-08-04,23.375
2023-08-05,18.916666666666668
2023-08-06,21.25
2023-08-07,20.125
2023-08-08,21.708333333333332
2023-08-09,21.25
2023-08-10,23.041666666666668
2023-08-11,23.5
2023-08-12,22.208333333333332
2023-08-13,22.166666666666668
2023-08-14,23.666666666666668
2023-08-15,25.625
2023-08-16,25.958333333333332
2023-08-17,26.125
2023-08-18,23.375
2023-08-19,21.083333333333332
2023-08-20,24.208333333333332
2023-08-21,22.375
2023-08-22,20.958333333333332
2023-08-23,21.708333333333332
2023-08-24,19.958333333333332
2023-08-25,20.833333333333332
2023-08-26,19.208333333333332
2023-08-27,18.25
2023-08-28,20.5
2023-08-29,16.958333333333332
2023-08-30,16.916666666666668
2023-08-31,18.166666666666668
2023-09-01,19.0
2023-09-02,22.958333333333332
2023-09-03,22.791666666666668
2023-09-04,17.791666666666668
2023-09-05,16.291666666666668
2023-09-06,19.833333333333332
2023-09-07,25.0
2023-09-08,19.041666666666668
2023-09-09,15.25
2023-09-10,20.125
2023-09-11,17.541666666666668
2023-09-12,14.708333333333334
2023-09-13,16.375
2023-09-14,19.125
2023-09-15,20.083333333333332
2023-09-16,19.416666666666668
2023-09-17,21.125
2023-09-18,17.208333333333332
2023-09-19,12.041666666666666
2023-09-20,11.291666666666666
2023-09-21,16.458333333333332
2023-09-22,11.416666666666666
2023-09-23,14.166666666666666
2023-09-24,17.541666666666668
2023-09-25,17.291666666666668
2023-09-26,18.875
2023-09-27,14.833333333333334
2023-09-28,14.125
2023-09-29,14.875
2023-09-30,12.375
2023-10-01,12.833333333333334
2023-10-02,11.958333333333334
2023-10-03,11.916666666666666
2023-10-04,8.041666666666666
2023-10-05,7.333333333333333
2023-10-06,7.5
2023-10-07,7.25
2023-10-08,9.0
2023-10-09,11.208333333333334
2023-10-10,8.625
2023-10-11,10.333333333333334
2023-10-12,13.458333333333334
2023-10-13,13.541666666666666
2023-10-14,14.041666666666666
2023-10-15,6.833333333333333
2023-10-16,4.708333333333333
2023-10-17,11.583333333333334
2023-10-18,8.583333333333334
2023-10-19,4.625
2023-10-20,1.625
2023-10-21,5.291666666666667
2023-10-22,6.5
2023-10-23,13.708333333333334
2023-10-24,8.5
2023-10-25,10.875
2023-10-26,2.8333333333333335
2023-10-27,2.0
2023-10-28,5.5
2023-10-29,12.375
2023-10-30,5.5
2023-10-31,3.0833333333333335
2023-11-01,0.5833333333333334
2023-11-02,3.2083333333333335
2023-11-03,-4.041666666666667
2023-11-04,-2.75
2023-11-05,0.041666666666666664
2023-11-06,-6.208333333333333
2023-11-07,-10.208333333333334
2023-11-08,-6.125
2023-11-09,-9.666666666666666
2023-11-10,-11.958333333333334
2023-11-11,-14.166666666666666
2023-11-12,-11.958333333333334
2023-11-13,-10.541666666666666
2023-11-14,-7.0
2023-11-15,-4.708333333333333
2023-11-16,-5.375
2023-11-17,-7.041666666666667
2023-11-18,-7.0
2023-11-19,-6.208333333333333
2023-11-20,1.2083333333333333
2023-11-21,-0.5
2023-11-22,-4.458333333333333
2023-11-23,-13.208333333333334
2023-11-24,-16.166666666666668
2023-11-25,-16.333333333333332
2023-11-26,-16.125
2023-11-27,-14.416666666666666
2023-11-28,-18.0
2023-11-29,-17.041666666666668
2023-11-30,-15.0
2023-12-01,-12.916666666666666
2023-12-02,-12.583333333333334
2023-12-03,-5.333333333333333
2023-12-04,-7.291666666666667
2023-12-05,-1.2083333333333333
2023-12-06,-9.958333333333334
2023-12-07,-9.75
2023-12-08,-7.875
2023-12-09,-16.625
2023-12-10,-20.958333333333332
2023-12-11,-21.666666666666668
2023-12-12,-21.875
2023-12-13,-20.041666666666668
2023-12-14,-20.083333333333332
2023-12-15,-19.25
2023-12-16,-21.833333333333332
2023-12-17,-22.666666666666668
2023-12-18,-24.208333333333332
2023-12-19,-24.375
2023-12-20,-25.166666666666668
2023-12-21,-23.75
2023-12-22,-20.708333333333332
2023-12-23,-16.291666666666668
2023-12-24,-17.625
2023-12-25,-12.291666666666666
2023-12-26,-18.375
2023-12-27,-12.666666666666666
2023-12-28,-12.416666666666666
2023-12-29,-10.0
2023-12-30,-13.166666666666666
2023-12-31,-19.708333333333332
